epoch,train_loss,val_loss,learning_rate,elapsed_time_s,val_RPA_50c,val_paper_dio_RPA,val_paper_dio_RCA,val_paper_dio_VRR,val_paper_dio_VFA,val_paper_dio_OA,val_rmvpe_dio_RPA,val_rmvpe_dio_RCA,val_rmvpe_dio_VRR,val_rmvpe_dio_VFA,val_rmvpe_dio_OA,val_paper_rapt_RPA,val_paper_rapt_RCA,val_paper_rapt_VRR,val_paper_rapt_VFA,val_paper_rapt_OA,val_rmvpe_rapt_RPA,val_rmvpe_rapt_RCA,val_rmvpe_rapt_VRR,val_rmvpe_rapt_VFA,val_rmvpe_rapt_OA,grad_nonfinite,steps,best,train_noisy_frac
1,0.47698406436864066,0.36237657187217864,0.0003,494.5,1.056674750228506e-05,9.657598793193446e-06,0.052445299102399416,0.0,0.0,0.7650467285721813,0.0,0.0,0.0,0.0,0.7650467285721813,0.0,0.051730789450839955,0.0,0.0,0.7891350658362797,0.0,0.0,0.0,0.0,0.7891350658362797,0,204,1,0.9051776960784313
2,0.08044111505881243,0.17760115490154602,0.00029969999999999997,108.0,0.02308305991874171,0.02712125809460893,0.10138168217088693,0.0,0.0,0.7650467285721813,0.0,0.0,0.0,0.0,0.7650467285721813,0.039133415969246625,0.11395772578843694,0.0,0.0,0.7891350658362797,0.0,0.0,0.0,0.0,0.7891350658362797,0,408,1,0.897671568627451
3,0.02377120443784139,0.10020375674918705,0.00029940029999999995,106.8,0.15962128776951812,0.15180401900043858,0.16741669903950093,0.0,0.0,0.7650467285721813,0.0,0.0,0.0,0.0,0.7650467285721813,0.14452887942866427,0.16579749546578296,0.0,0.0,0.7891350658362797,0.0,0.0,0.0,0.0,0.7891350658362797,0,612,1,0.9030330882352942
4,0.01297737489107485,0.02798913294279398,0.00029910089969999995,106.6,0.6271523143818717,0.6157127716506695,0.6195983040325554,0.1409173291721825,6.703044325816474e-05,0.80072368620168,0.13574313266543078,0.1358187344993978,0.1409173291721825,6.703044325816474e-05,0.80072368620168,0.6325278162969667,0.654544711914863,0.1581543667950307,0.0015197973411066618,0.822035920518069,0.149592644696792,0.15374699221086283,0.1581543667950307,0.0015197973411066618,0.822035920518069,0,816,1,0.8994332107843137
5,0.008500872666071005,0.01051879115699298,0.00029880179880029995,107.3,0.7593053420191997,0.7482682588318365,0.7522119475276271,0.4311610037878251,0.0010652457340508013,0.8659605553355421,0.40633963070825974,0.4069148050769715,0.4311610037878251,0.0010652457340508013,0.8659605553355421,0.7647840485686611,0.7885966854194937,0.4644968262595598,0.008790419395069011,0.8758668510602703,0.42608984869744865,0.44002819048400604,0.4644968262595598,0.008790419395069011,0.8758668510602703,0,1020,1,0.8975949754901961
6,0.006371292744434494,0.005987232701750097,0.00029850299700149966,97.6,0.8049959582190803,0.7957827799591428,0.7979470492735817,0.43682228786058713,0.0009454009253731646,0.8687548087618157,0.41996321965804484,0.4204340369546556,0.43682228786058713,0.0009454009253731646,0.8687548087618157,0.8017031130763046,0.8292031923348637,0.471128132708789,0.008223382285531319,0.8789303353573056,0.4396287057179136,0.45208660038993786,0.471128132708789,0.008223382285531319,0.8789303353573056,0,1224,1,0.9011948529411765
7,0.005187629445857715,0.004387808488108487,0.00029820449400449816,99.8,0.8277884325815092,0.819603227180284,0.8214095609069351,0.41575592913582243,0.0008252463589611246,0.864884263490397,0.40495304993527886,0.40533581031032423,0.41575592913582243,0.0008252463589611246,0.864884263490397,0.8153090426532134,0.8377439574739386,0.4504564852141759,0.007391915101835646,0.8758009434075277,0.4240184173816712,0.4355134193113312,0.4504564852141759,0.007391915101835646,0.8758009434075277,0,1428,1,0.8975949754901961
8,0.0044560057793597814,0.003378656904624415,0.00029790628951049367,97.6,0.8422173262958795,0.8349860048629555,0.8364880621284831,0.365446796386878,0.0004980408738983226,0.8533330736929106,0.35878739649093944,0.35898540643055027,0.365446796386878,0.0004980408738983226,0.8533330736929106,0.8216377106450312,0.8433453095270413,0.39780520364369587,0.005435842273846966,0.8671364785438659,0.3779260685310016,0.38627057963941686,0.39780520364369587,0.005435842273846966,0.8671364785438659,0,1632,1,0.8994332107843137
9,0.003963858248693321,0.002855750993872951,0.00029760838322098315,106.8,0.8514051132491164,0.8445505795612239,0.845999820463207,0.3841082051014097,0.0004456743430713626,0.8585944868095851,0.3786465212816719,0.37881768265395677,0.3841082051014097,0.0004456743430713626,0.8585944868095851,0.8435891777302246,0.8651095419972582,0.41873761473565096,0.005740430012772955,0.871392926156961,0.397975568963419,0.4070858024579624,0.41873761473565096,0.005740430012772955,0.871392926156961,0,1836,1,0.9011182598039216
10,0.003615023777135374,0.0024965948423008866,0.00029731077483776216,100.6,0.8584954008231497,0.8520477597971258,0.853451436983102,0.4151587949854926,0.00042279917832119685,0.8646445400731243,0.4093908274252477,0.40956349708938294,0.4151587949854926,0.00042279917832119685,0.8646445400731243,0.8409613115005462,0.8628946733553192,0.45246496497747174,0.005501413620607569,0.877451739419591,0.42993406290881986,0.43900735675991925,0.45246496497747174,0.005501413620607569,0.877451739419591,0,2040,1,0.907015931372549
11,0.003356834960297919,0.002233962775573862,0.0002970134640629244,100.3,0.8620933783476777,0.8556973864322793,0.8570519548590394,0.49152616780577346,0.00045875027192526584,0.8824768412104066,0.48464986510630864,0.4848037092398129,0.49152616780577346,0.00045875027192526584,0.8824768412104066,0.8522501089287786,0.873312145053621,0.5328458251272481,0.006991159703026787,0.89246671335208,0.5063020110312945,0.5162947648640012,0.5328458251272481,0.006991159703026787,0.89246671335208,0,2244,1,0.901577818627451
12,0.003158011446323465,0.002048660080826539,0.0002967164505988615,100.5,0.8665419790461397,0.8601534304141405,0.861351246530623,0.4795902353036025,0.0004553024489035026,0.8798788753363546,0.47408370114283765,0.4741877645002016,0.4795902353036025,0.0004553024489035026,0.8798788753363546,0.8495431356111799,0.8716817821996896,0.5208038659304391,0.006607086419376975,0.890276777557067,0.494880156280159,0.5042937265249705,0.5208038659304391,0.006607086419376975,0.890276777557067,0,2448,1,0.8969822303921569
13,0.0030018704105625113,0.0019559006485000505,0.0002964197341482626,99.7,0.87107511372462,0.8652476410248794,0.866434787533237,0.4940601930880261,0.0003135734866088547,0.8841355557978778,0.4896548203287276,0.48973373449892854,0.4940601930880261,0.0003135734866088547,0.8841355557978778,0.8468373835851022,0.8678319740987346,0.5367604752488224,0.006553355399941161,0.8943658151775092,0.5119799167571457,0.5210464990936758,0.5367604752488224,0.006553355399941161,0.8943658151775092,0,2652,1,0.8931525735294118
14,0.002875383739021844,0.0018008431908377938,0.00029612331441411434,103.3,0.873965119166495,0.8681119429241131,0.8692732474921356,0.5422833469898979,0.00041915432444789686,0.8950241859508316,0.5369246485795222,0.5370387763810273,0.5422833469898979,0.00041915432444789686,0.8950241859508316,0.8439581992611045,0.8652956266416952,0.5860119078974122,0.007974177148926523,0.902496791381,0.5566793613520268,0.5669838017708154,0.5860119078974122,0.007974177148926523,0.902496791381,0,2856,1,0.9034926470588235
15,0.002772771412114083,0.0017620148942355984,0.0002958271910997002,97.8,0.8766437896583242,0.8709557537411041,0.872108000984586,0.5607633063158601,0.00040124549372828156,0.8995244658887921,0.5560471669511661,0.5561260092273159,0.5607633063158601,0.00040124549372828156,0.8995244658887921,0.8340514809116837,0.8560269139288939,0.6063819855438345,0.008080220701188306,0.906687831336612,0.5772129136212819,0.587083644507201,0.6063819855438345,0.008080220701188306,0.906687831336612,0,3060,1,0.8955269607843137
16,0.0026878108585472495,0.0016845780607800329,0.0002955313639086005,95.8,0.8789896076038315,0.8731751333811226,0.8747662999388579,0.5676041456347292,0.00037476406167154957,0.9013511739526665,0.5636494076069303,0.5637326103616893,0.5676041456347292,0.00037476406167154957,0.9013511739526665,0.8272466976791778,0.8486517423160743,0.6122664117755696,0.00843344710156511,0.9074454473883202,0.5818143482678064,0.5916815548654099,0.6122664117755696,0.00843344710156511,0.9074454473883202,0,3264,1,0.9000459558823529
17,0.0026142286061418846,0.0016129417532156252,0.0002952358325446919,88.4,0.8818690462982042,0.8764538673382398,0.8774835914583298,0.5746257921500474,0.000345378299669534,0.9024980254448361,0.5706378366544907,0.5707102163668295,0.5746257921500474,0.000345378299669534,0.9024980254448361,0.8419692317041348,0.8657429174563367,0.621459549112809,0.007821304729474534,0.9097380656045216,0.5921450245721112,0.601344578615803,0.621459549112809,0.007821304729474534,0.9097380656045216,0,3468,1,0.9005821078431373
18,0.0025559227877095633,0.0015652594702182865,0.0002949405967121472,100.5,0.8831053557559715,0.8777837867169559,0.8789657678453643,0.5893982908224252,0.0003566341241506717,0.905851509443716,0.5856721380625665,0.5857209191142146,0.5893982908224252,0.0003566341241506717,0.905851509443716,0.8259448297594301,0.8498167175300714,0.635890469240583,0.008283765227752949,0.9119433409309126,0.6046108422629346,0.6138725226837364,0.635890469240583,0.008283765227752949,0.9119433409309126,0,3672,1,0.9031862745098039
19,0.0025050863498073143,0.001520001796440512,0.00029464565611543505,103.4,0.8858579934803168,0.880419967504141,0.8813710284598844,0.607964419104626,0.00043567227832241016,0.9102832182812424,0.6037541730438698,0.6038208771288571,0.607964419104626,0.00043567227832241016,0.9102832182812424,0.8492551213913042,0.8706207107705004,0.6544612098868248,0.009125589321467908,0.914781972321889,0.6206525559184435,0.6306124645655684,0.6544612098868248,0.009125589321467908,0.914781972321889,0,3876,1,0.8982077205882353
20,0.0024565610539295946,0.001493647304312138,0.0002943510104593196,103.4,0.8871682701706002,0.8819767928507026,0.8829834080185538,0.5872000102511876,0.00044177314021795017,0.9051640820477357,0.5833248321427484,0.5834013842641659,0.5872000102511876,0.00044177314021795017,0.9051640820477357,0.8496764072590403,0.8717276845247741,0.6318721907402035,0.008872074904420487,0.9101319444897182,0.5989801727383954,0.6095493321201005,0.6318721907402035,0.008872074904420487,0.9101319444897182,0,4080,1,0.9002757352941176
21,0.002420812703705594,0.001462776119096082,0.00029405665944886027,102.2,0.8889751839934908,0.8838262229387407,0.8848666806472569,0.6219350692925978,0.0003446159050656175,0.913484319237342,0.6181369551370017,0.6181728937517686,0.6219350692925978,0.0003446159050656175,0.913484319237342,0.8493985569105267,0.8703893992916223,0.6692721878496489,0.009099222993928718,0.9177423544575456,0.6351435380887671,0.6445049919983055,0.6692721878496489,0.009099222993928718,0.9177423544575456,0,4284,1,0.9029564950980392
22,0.002380872978463623,0.0014319795234135754,0.0002937626027894114,102.2,0.8903858447850459,0.8851599828555512,0.886279260023131,0.5966520823994218,0.00027891509870660547,0.9078228486387504,0.593802544172309,0.5938420691760127,0.5966520823994218,0.00027891509870660547,0.9078228486387504,0.8279003841846265,0.8489098602541977,0.6441860416946221,0.008273616106042414,0.91338639634489,0.6117361059581186,0.6210507961115155,0.6441860416946221,0.008273616106042414,0.91338639634489,0,4488,1,0.8941482843137255
23,0.002348022648434648,0.00140171632073788,0.000293468840186622,102.0,0.8911149503627036,0.8859311267358514,0.8869837074288931,0.6185899504348111,0.0003272846227875361,0.9127705592806985,0.615894176059336,0.6159262774887371,0.6185899504348111,0.0003272846227875361,0.9127705592806985,0.8345696417704167,0.8564859282352987,0.6671141050116046,0.008641823314333868,0.917485138575727,0.633211234108896,0.6424506321551172,0.6671141050116046,0.008641823314333868,0.917485138575727,0,4692,1,0.9007352941176471
24,0.0023268882730774873,0.0013684078145400481,0.0002931753713464354,107.8,0.8934237846919529,0.8881959531057684,0.8891940553956882,0.6143479083595583,0.0003376923732575675,0.9120081876871678,0.6118985905382393,0.6119314407540448,0.6143479083595583,0.0003376923732575675,0.9120081876871678,0.8317292741404458,0.8562254242649296,0.662101880984525,0.008747886653925573,0.9165250733410778,0.628461002913697,0.6377522616434735,0.662101880984525,0.008747886653925573,0.9165250733410778,0,4896,1,0.9027267156862745
25,0.00229255245272618,0.0013512596509626014,0.00029288219597508897,100.4,0.8947551948772408,0.8899320561724875,0.8908046728448045,0.6148912957212432,0.0002913509688786467,0.912079569149833,0.6126563788357229,0.6126747752048731,0.6148912957212432,0.0002913509688786467,0.912079569149833,0.8452081973279407,0.865983763007031,0.6634324331839115,0.00847623775963149,0.9171105096105054,0.6305921205141278,0.6397489872044938,0.6634324331839115,0.00847623775963149,0.9171105096105054,0,5100,1,0.9044117647058824
26,0.002272142146430983,0.001348442598216378,0.00029258931377911386,74.4,0.8958224363749716,0.8909060413745788,0.8917285975464389,0.6343983889781658,0.0003126889582704011,0.9164006768228458,0.632058373437408,0.6320731834176214,0.6343983889781658,0.0003126889582704011,0.9164006768228458,0.8441879476464039,0.8651221059857602,0.6830669657867805,0.008981359088359472,0.9202723190518647,0.6479216389831012,0.6567392833917925,0.6830669657867805,0.008981359088359472,0.9202723190518647,0,5304,1,0.9054074754901961
27,0.0022542664584904617,0.001333935736459057,0.0002922967244653347,92.7,0.8979410692491797,0.8931805928629539,0.8940213159680889,0.6465691699826872,0.00035591481310104286,0.9191221222539611,0.6441229717584022,0.6441411544995147,0.6465691699826872,0.00035591481310104286,0.9191221222539611,0.8448797381461153,0.8660376096556855,0.6962524431666106,0.009087242848363725,0.9225561794084608,0.6596369067181825,0.6686126575980599,0.6962524431666106,0.009087242848363725,0.9225561794084608,0,5508,1,0.9036458333333334
28,0.0022309120360981018,0.001306683073459725,0.00029200442774086937,94.5,0.8970428957114855,0.8919750584267652,0.8930499792286865,0.6465391790473737,0.00040834357687150643,0.9190990186371737,0.6439398842674099,0.6439727344832153,0.6465391790473737,0.00040834357687150643,0.9190990186371737,0.8346817905585595,0.866591116843702,0.6952483778870608,0.009492800587243307,0.921661894233773,0.6571037870464843,0.6673027662214266,0.6952483778870608,0.009492800587243307,0.921661894233773,0,5712,0,0.8997395833333334
29,0.0022160413905558196,0.001303566293339858,0.0002917124233131285,85.4,0.8993464466669837,0.8944121603427397,0.8953173241273291,0.6353755763139954,0.0003203026267592179,0.9167192000318786,0.6331891450543503,0.6332250836691172,0.6353755763139954,0.0003203026267592179,0.9167192000318786,0.8445560099201392,0.8648779551915914,0.6836882391757065,0.00925234660304738,0.9197016241158191,0.6466675038919332,0.6564051138219495,0.6836882391757065,0.00925234660304738,0.9197016241158191,0,5916,1,0.9002757352941176
30,0.0021968442916997944,0.0012805461362024053,0.00029142071088981536,87.4,0.8998378004258399,0.8951576809486238,0.8959150244383582,0.6213624071410777,0.0003200756320264235,0.9135867256428662,0.6196134950639608,0.6196318914331109,0.6213624071410777,0.0003200756320264235,0.9135867256428662,0.843955834557656,0.8645881522053008,0.6691838968499053,0.008924709615986072,0.9175172475524488,0.6348272371736433,0.6439281810934493,0.6691838968499053,0.008924709615986072,0.9175172475524488,0,6120,1,0.8956035539215687
31,0.0021858280028134365,0.0012701476318316806,0.00029112929017892554,84.4,0.9016341475012284,0.8967983684267956,0.8976136558728146,0.6511221172777537,0.0003535708319031359,0.9205113536304711,0.6491916172207088,0.6492094066598717,0.6511221172777537,0.0003535708319031359,0.9205113536304711,0.8436003118419144,0.8636525654611036,0.6999954607254015,0.009644980245998473,0.9225156180085798,0.6611623200512943,0.6709090588236718,0.6999954607254015,0.009644980245998473,0.9225156180085798,0,6324,1,0.8959865196078431
32,0.0021691628070959054,0.0012601280339989583,0.00029083816088874663,114.6,0.9020726675225732,0.8970653478010413,0.8978552433361621,0.6333716239117447,0.00029738127660411704,0.9163044968961849,0.6317826769783074,0.6317898497561808,0.6333716239117447,0.00029738127660411704,0.9163044968961849,0.844712951899435,0.8645691699325011,0.6821676474211616,0.008954747238577181,0.9198546281260498,0.6463765636728345,0.6551476153552392,0.6821676474211616,0.008954747238577181,0.9198546281260498,0,6528,1,0.90234375
33,0.002156228004548443,0.0012506225936111327,0.0002905473227278579,88.1,0.9007888077010456,0.8961285081854466,0.8968893369165976,0.6581950604303736,0.00039456144806247415,0.9218458434020413,0.6562629753755808,0.6562843512036803,0.6581950604303736,0.00039456144806247415,0.9218458434020413,0.844183077221696,0.8668638455390119,0.7071254828531077,0.009777937734799774,0.9236639594736092,0.668296751429856,0.6778125887011838,0.7071254828531077,0.009777937734799774,0.9236639594736092,0,6732,0,0.9004289215686274
34,0.002145096114106184,0.001236044192043303,0.00029025677540513005,92.2,0.9042758343767997,0.8996640960733943,0.9004661710900916,0.6493851488424305,0.00033031349080226845,0.9199559176071556,0.6480305070656428,0.6480376798435161,0.6493851488424305,0.00033031349080226845,0.9199559176071556,0.8439852173387437,0.8641087491636544,0.6996240078356527,0.009056880360334921,0.9230568252057858,0.6625569425409419,0.6714848883355694,0.6996240078356527,0.009056880360334921,0.9230568252057858,0,6936,1,0.8969822303921569
35,0.002136239883553821,0.0012401496870898011,0.0002899665186297249,102.7,0.9038003307391969,0.8992682426924464,0.9000793115879864,0.6482095661533428,0.0003478161352551562,0.9195048157839061,0.646788572609556,0.6467957453874292,0.6482095661533428,0.0003478161352551562,0.9195048157839061,0.8376100334034423,0.8596408990973438,0.6979224496056431,0.009146105036138597,0.9222460161019651,0.6595506771147279,0.6686750297579452,0.6979224496056431,0.009146105036138597,0.9222460161019651,0,7140,0,0.9010416666666666
36,0.002124446565194019,0.0012383210743904002,0.0002896765521110952,88.8,0.905290242137019,0.9007134181384614,0.9014530817247168,0.6497999741863687,0.00033610613556975824,0.9198529148760174,0.6484217984960768,0.6484395879352397,0.6497999741863687,0.00033610613556975824,0.9198529148760174,0.841043162689375,0.8604582658630152,0.6996118484244235,0.009067819425215486,0.9227045857881856,0.6614187643061453,0.6699399778560456,0.6996118484244235,0.009067819425215486,0.9227045857881856,0,7344,1,0.8987438725490197
37,0.0021186547260274927,0.0012083449225473335,0.0002893868755589841,77.4,0.9055544108245761,0.9009427310903761,0.901668157995237,0.6483497252590108,0.000350916173496444,0.919670494741624,0.6470507350409918,0.6470649380912179,0.6483497252590108,0.000350916173496444,0.919670494741624,0.8441285775138825,0.8642008569752696,0.697506402937458,0.009297555073665448,0.9220989754883611,0.6589091119821929,0.6680252979851219,0.697506402937458,0.009297555073665448,0.9220989754883611,0,7548,1,0.9025735294117647
38,0.002104986263849937,0.001211752418636032,0.0002890974886834251,88.0,0.9059665139771652,0.9014701756234085,0.9021997655801316,0.6607335592677334,0.00034514005775794667,0.9225873933642134,0.6593507633648185,0.6593579361426918,0.6607335592677334,0.00034514005775794667,0.9225873933642134,0.8435100400695134,0.8631651642427154,0.7117859265921721,0.009162424546956927,0.9250136851698921,0.6721520018008377,0.6808795960689034,0.7117859265921721,0.009162424546956927,0.9250136851698921,0,7752,1,0.9011948529411765
39,0.0020949614990968257,0.00118962307864723,0.0002888083911947417,90.0,0.9069545048686289,0.9025313819247804,0.9033153275528758,0.6629532185860911,0.000366503905913948,0.9232021591504901,0.6617094284601012,0.6617166012379746,0.6629532185860911,0.000366503905913948,0.9232021591504901,0.8422506341043213,0.8617159838836322,0.7130409470716778,0.0095895228647317,0.9246969819116279,0.6721087620645414,0.6814193577780348,0.7130409470716778,0.0095895228647317,0.9246969819116279,0,7956,1,0.8979779411764706
40,0.002090369601729417,0.0011962213334560715,0.00028851958280354695,92.0,0.906885821009864,0.9024673315971775,0.9032400447814317,0.6749786759515737,0.00045292898517247275,0.9260348590220254,0.6735391094998692,0.6735499940648938,0.6749786759515737,0.00045292898517247275,0.9260348590220254,0.8414876999463846,0.8619381399094344,0.7240970961017935,0.010400580125309913,0.9258868542122778,0.6806890244233285,0.6904960335605471,0.7240970961017935,0.010400580125309913,0.9258868542122778,0,8160,0,0.8984375
41,0.002074416127631112,0.0011950119247083155,0.00028823106322074343,93.4,0.9076413434562774,0.9032325819068745,0.9040056355910424,0.6780248701118523,0.00048379368795833293,0.9266199269406158,0.6764810802348165,0.6765289887519238,0.6780248701118523,0.00048379368795833293,0.9266199269406158,0.8410130934011325,0.861265468428197,0.7265440317970349,0.010667024374199547,0.92590931156956,0.6820881779870741,0.6924649694845346,0.7265440317970349,0.010667024374199547,0.92590931156956,0,8364,1,0.8959099264705882
42,0.002067616078705874,0.0011841366877925192,0.0002879428321575227,69.1,0.9081326972151337,0.9038411618545734,0.9045958153203263,0.671608959598338,0.00038754448637084716,0.9250344686042735,0.6703763061894404,0.6703834789673139,0.671608959598338,0.00038754448637084716,0.9250344686042735,0.8404826201967487,0.8600096284419547,0.7215018107742774,0.009804541061304654,0.9258299501680894,0.6788124773720442,0.6878519478679713,0.7215018107742774,0.009804541061304654,0.9258299501680894,0,8568,1,0.8991268382352942
43,0.00205900191669535,0.0011827818813747103,0.0002876548893253652,97.4,0.9091101213590951,0.90490854974648,0.9057311335920988,0.6884129713132968,0.000516914406302107,0.9288840128537353,0.6870198453391237,0.6870542913964475,0.6884129713132968,0.000516914406302107,0.9288840128537353,0.8410309609536956,0.8612686397748408,0.7377011096429932,0.010732944224858754,0.9277691996470708,0.6918604835520669,0.7020495921596995,0.7377011096429932,0.010732944224858754,0.9277691996470708,0,8772,1,0.9054074754901961
44,0.002057285033800986,0.0011767091384902004,0.0002873672344360398,99.8,0.9091735218441088,0.9048785193404725,0.9056299741516965,0.6867158108283141,0.0005409349166887213,0.9284699419646494,0.6852482440934557,0.6852732145064537,0.6867158108283141,0.0005409349166887213,0.9284699419646494,0.8402058423798743,0.8598313466435543,0.7357786602870267,0.010854542025931545,0.9272280472971823,0.6898195671224879,0.6999916358281757,0.7357786602870267,0.010854542025931545,0.9272280472971823,0,8976,1,0.9005821078431373
45,0.0020493259048545917,0.0011584899770928894,0.0002870798672016038,99.5,0.9100505618867984,0.9060090651679965,0.9067619690645214,0.678405907926974,0.00046318122401853214,0.926760224906727,0.6771690747141056,0.6771870148547509,0.678405907926974,0.00046318122401853214,0.926760224906727,0.8413908468062903,0.8629491334517452,0.727302084186417,0.010574518831411084,0.9258593636146918,0.6816690205932463,0.6918041749736171,0.727302084186417,0.010574518831411084,0.9258593636146918,0,9180,1,0.9007352941176471
46,0.0020424072652388656,0.001166841153601914,0.00028679278733440217,96.1,0.9100928288768075,0.9058675459554686,0.9066851446523577,0.6899240153257011,0.0005373974531403136,0.9292554185679974,0.688553509036272,0.6885808076189902,0.6899240153257011,0.0005373974531403136,0.9292554185679974,0.8360643557085073,0.8558728858875028,0.7392880393525719,0.010831518758590564,0.9276975259165164,0.691859783189852,0.7024356071136628,0.7392880393525719,0.010831518758590564,0.9276975259165164,0,9384,1,0.9008118872549019
47,0.0020356230864611766,0.0011433203802100479,0.00028650599454706774,99.4,0.9114612226783535,0.9073556359347078,0.9081507247323933,0.6779346601385066,0.0004757962722840623,0.926535095313405,0.6768232915545285,0.6768548113572102,0.6779346601385066,0.0004757962722840623,0.926535095313405,0.8414453477314596,0.8616079414694289,0.7274624003465009,0.010378266343675285,0.9259157825991928,0.6819485943947923,0.6922809319133127,0.7274624003465009,0.010378266343675285,0.9259157825991928,0,9588,1,0.9014246323529411
48,0.0020304876562280984,0.0011473822901077319,0.0002862194885525207,100.6,0.9116355740121412,0.9075186254656176,0.9082451911974833,0.6961571352843593,0.0004958303506628766,0.9305004865104114,0.6948083839575595,0.6948320961513409,0.6961571352843593,0.0004958303506628766,0.9305004865104114,0.8417723038531792,0.8622510823642584,0.7467985006789407,0.010598874280756182,0.9294231194327682,0.7002478988001782,0.7100987032197771,0.7467985006789407,0.010598874280756182,0.9294231194327682,0,9792,1,0.9044117647058824
49,0.0020224837404812742,0.001142817700333397,0.0002859332690639682,105.8,0.9124861971860752,0.908110592555249,0.9088841939566903,0.6729336965278938,0.000375118890019862,0.925444546668414,0.6720187141757339,0.6720258869536072,0.6729336965278938,0.000375118890019862,0.925444546668414,0.8397630674854891,0.8589719160613832,0.7229303116357267,0.00993420957691792,0.9256843524011373,0.6791381128723066,0.6882835019470039,0.7229303116357267,0.00993420957691792,0.9256843524011373,0,9996,1,0.8956801470588235
50,0.002017935270594214,0.0011305814826314293,0.00028564733579490424,107.4,0.9124756304385728,0.908479594183344,0.9091800823621627,0.6821247468030447,0.0004487504682220104,0.927576965554379,0.6810060434121177,0.6810206397642937,0.6821247468030447,0.0004487504682220104,0.927576965554379,0.8408546979934521,0.8610537764251016,0.7312084954964526,0.010547618524412368,0.9266437109913268,0.6856472925542819,0.6953279809105424,0.7312084954964526,0.010547618524412368,0.9266437109913268,0,10200,0,0.9046415441176471
51,0.00200507768678625,0.00113182781097843,0.0002853616884591093,107.0,0.9131254854099634,0.9089359393650436,0.9096504661917115,0.6878062802895157,0.0004342909080621217,0.9287126669270491,0.6868307471250144,0.6868451008767229,0.6878062802895157,0.0004342909080621217,0.9287126669270491,0.8377957060546722,0.8577430269286404,0.7377385142880327,0.010445118091497042,0.9276304151413877,0.6909183046372344,0.7008531131405006,0.7377385142880327,0.010445118091497042,0.9276304151413877,0,10404,1,0.9008118872549019
52,0.0020030296319757824,0.001121958965117274,0.0002850763267706502,89.4,0.9134160709662762,0.9093879504954121,0.9101496984551074,0.7019707379455729,0.0005111889348470586,0.9321552321665272,0.7008263343772474,0.700846577384345,0.7019707379455729,0.0005111889348470586,0.9321552321665272,0.8407555463312775,0.8605880576979251,0.7512063620998841,0.011324770988439946,0.9290148744802869,0.7005237971734926,0.7111060635390627,0.7512063620998841,0.011324770988439946,0.9290148744802869,0,10608,1,0.9006587009803921
53,0.0019944731086748197,0.0011254823683230148,0.00028479125044387956,116.8,0.9137013731488379,0.9097191918396148,0.9105088651857531,0.6939788240484849,0.0005240535555262525,0.9305444148326317,0.6927742231043241,0.6928091588893824,0.6939788240484849,0.0005240535555262525,0.9305444148326317,0.8383933014910337,0.8583380296147398,0.7422935770440475,0.011392532264613044,0.9275119557821012,0.6922971341993549,0.7029826841111727,0.7422935770440475,0.011392532264613044,0.9275119557821012,0,10812,1,0.8959865196078431
54,0.0019953875116519994,0.0011134339861557947,0.0002845064591934357,83.0,0.9148425818790847,0.9107712534530621,0.9114922700578116,0.6980104524432676,0.000547250430702721,0.9311178554882203,0.6969294117955687,0.6969714950552325,0.6980104524432676,0.000547250430702721,0.9311178554882203,0.8387008136761298,0.85869800974922,0.7470215824677275,0.01123425694334279,0.9282667994562956,0.6967414728533501,0.7070428522138635,0.7470215824677275,0.01123425694334279,0.9282667994562956,0,11016,1,0.9003523284313726
55,0.00198551430481066,0.001117815580683703,0.0002842219527342422,98.0,0.9142402772714544,0.9100923697332688,0.9108629474477234,0.7128246121884684,0.0006297335649291596,0.9343990653840871,0.711578472095958,0.7116169689666852,0.7128246121884684,0.0006297335649291596,0.9343990653840871,0.8375423738336089,0.8570281316031635,0.7616437996826065,0.011847812384646033,0.930144797201322,0.7083133429370161,0.7188420815088674,0.7616437996826065,0.011847812384646033,0.930144797201322,0,11220,0,0.8982843137254902
56,0.0019755402686046984,0.0011028855249165575,0.00028393773078150795,99.4,0.9153022353954341,0.9111574003375462,0.9119675441508233,0.6962376088443926,0.0005571493992839789,0.9307939267388451,0.6952316211498725,0.6952665569349308,0.6962376088443926,0.0005571493992839789,0.9307939267388451,0.8332472603255738,0.8526494436744672,0.7444969389224585,0.011484030263033566,0.9274123765692303,0.693457535442763,0.7043323539851546,0.7444969389224585,0.011484030263033566,0.9274123765692303,0,11424,1,0.8985140931372549
57,0.001974050096560306,0.0011015126946077715,0.00028365379305072646,98.5,0.9154290363654616,0.9112707982333889,0.9119637744402775,0.7005811275954433,0.0005456120914742458,0.9316140401717017,0.6995491289227883,0.6995693719298859,0.7005811275954433,0.0005456120914742458,0.9316140401717017,0.8393992710710779,0.8598180521366159,0.7494683244075776,0.011324898654975041,0.928402016112171,0.6981476649423021,0.708489368208038,0.7494683244075776,0.011324898654975041,0.928402016112171,0,11628,1,0.8988970588235294
58,0.001969127936343498,0.00110240713836558,0.0002833701392576757,93.8,0.916369476893165,0.912429190737831,0.9132119545572694,0.7021969633783122,0.0005079627060245603,0.9322380359209422,0.7012334855007716,0.7012573148968059,0.7021969633783122,0.0005079627060245603,0.9322380359209422,0.8369678512303462,0.8562649611806333,0.7523070256561991,0.011036770847921023,0.9294157704177387,0.7011209256455768,0.7112837527089101,0.7523070256561991,0.011036770847921023,0.9294157704177387,0,11832,1,0.9047181372549019
59,0.0019649179000635723,0.0010933323540923041,0.00028308676911841804,95.8,0.9168872475207769,0.9128725736862409,0.9136757069722274,0.7073854871735413,0.000517625874987077,0.9334052186988264,0.7064418891607436,0.7064641227152595,0.7073854871735413,0.000517625874987077,0.9334052186988264,0.8383216544713722,0.857542875839426,0.7570244687323541,0.011403635009544234,0.9297504679851032,0.7042938081758117,0.7145863421284347,0.7570244687323541,0.011403635009544234,0.9297504679851032,0,12036,1,0.8944546568627451
60,0.0019622880271544644,0.0010912570774700046,0.0002828036823492996,97.7,0.9166389289544732,0.9126779214246109,0.9134552479634163,0.7126820531072571,0.0005882825204681972,0.9345721792306755,0.7115803262159458,0.7116295904494447,0.7126820531072571,0.0005882825204681972,0.9345721792306755,0.8390172419568747,0.8593502460753463,0.7608999855388854,0.012009630306560552,0.9298505968944154,0.7070763303426499,0.7179560945299447,0.7608999855388854,0.012009630306560552,0.9298505968944154,0,12240,0,0.8954503676470589
61,0.0019496093000805773,0.0010844897891586595,0.0002825208786669503,96.9,0.9177008870784528,0.9137769071269587,0.9145413529232501,0.7020843078823112,0.0005487444892117632,0.9321763701069221,0.7011649058300355,0.7011962552261571,0.7020843078823112,0.0005487444892117632,0.9321763701069221,0.8373722963467117,0.8571834495917424,0.7509966693132577,0.011484995112762254,0.9283863661059731,0.6982029392639097,0.7090187476587012,0.7509966693132577,0.011484995112762254,0.9283863661059731,0,12444,1,0.9001991421568627
62,0.0019517987161902163,0.0010948313521631577,0.00028223835778828335,99.2,0.9172570836833569,0.9132475769248559,0.914036162560442,0.7166801727489641,0.0005853189685915248,0.935411644258815,0.7157363710125134,0.7157643766201656,0.7166801727489641,0.0005853189685915248,0.935411644258815,0.838510052361839,0.8576332324237744,0.7660200397979566,0.011787602144223088,0.9307549820444196,0.7108933428704431,0.7215226256877089,0.7660200397979566,0.011787602144223088,0.9307549820444196,0,12648,0,0.9005821078431373
63,0.0019454843160358495,0.0010719632974211838,0.00028195611943049504,92.1,0.9184564095248662,0.9146148217583902,0.9153586428407642,0.7071277237093936,0.0005495426717133952,0.933451221161684,0.7062391450466463,0.7062741980339572,0.7071277237093936,0.0005495426717133952,0.933451221161684,0.836030669207226,0.8548309200078095,0.755604253911234,0.011751878925655268,0.9288369572481503,0.7010200788780256,0.7117007385315428,0.755604253911234,0.011751878925655268,0.9288369572481503,0,12852,1,0.8987438725490197
64,0.0019463402437110084,0.0010748403263958013,0.00028167416331106453,93.1,0.9184352760298616,0.9145456110160414,0.9153256682096934,0.7278634077036581,0.000699235198742054,0.9380954851122465,0.726753605089734,0.7267927088904484,0.7278634077036581,0.000699235198742054,0.9380954851122465,0.8292338189208291,0.8480497236509659,0.7752901788405091,0.012942262997503104,0.9307771685888476,0.7150423110314152,0.7265386104993865,0.7752901788405091,0.012942262997503104,0.9307771685888476,0,13056,0,0.9020373774509803
65,0.001943238866492631,0.001080711534430447,0.0002813924891477535,117.2,0.9188315290611974,0.9149445328600183,0.9156738044145685,0.7090808720037496,0.0005626316734653933,0.9338532976345174,0.7082190420055127,0.7082540949928239,0.7090808720037496,0.0005626316734653933,0.9338532976345174,0.8285619514323181,0.8474136472545074,0.7573015031957414,0.01194129744488248,0.9290162430036017,0.7030139410532363,0.7139410890970954,0.7573015031957414,0.01194129744488248,0.9290162430036017,0,13260,1,0.9003523284313726
66,0.0019392460252514437,0.0010681400327540878,0.0002811110966586057,98.7,0.9190481473849942,0.9151811336515748,0.9159203211104748,0.7204871833502607,0.0006044000129474454,0.9363767883666859,0.71951581402351,0.7195614918680723,0.7204871833502607,0.0006044000129474454,0.9363767883666859,0.8367389585482066,0.8560433731338836,0.7694503364767575,0.012152959373533079,0.9307827995653065,0.7126160411760007,0.7239572338073743,0.7694503364767575,0.012152959373533079,0.9307827995653065,0,13464,1,0.9052542892156863
67,0.001930007323572485,0.001068724929376094,0.0002808299855619471,101.2,0.9190481473849942,0.915212796562907,0.9160133866460585,0.7305837308215656,0.0006638455868887778,0.9386251471392855,0.7296222544907722,0.7296680495375872,0.7305837308215656,0.0006638455868887778,0.9386251471392855,0.8365869505500728,0.8559708933180381,0.7794045558116367,0.01247367155129939,0.9322619266917963,0.7207991844074388,0.7318549339554464,0.7794045558116367,0.01247367155129939,0.9322619266917963,0,13668,0,0.8964460784313726
68,0.0019232142418759929,0.0010577545393403668,0.00028054915557638516,95.0,0.9193175994463024,0.915410223969855,0.9161866425408826,0.7259141377330751,0.0006455782231934517,0.9375212334885479,0.7249393781719927,0.7249814696276182,0.7259141377330751,0.0006455782231934517,0.9375212334885479,0.8367008485310706,0.8560061924682991,0.774736405262564,0.01233907378789808,0.9313945891490087,0.716288834525602,0.7275508509051628,0.774736405262564,0.01233907378789808,0.9313945891490087,0,13872,1,0.8956801470588235
69,0.0019301802362771887,0.0010671238841614024,0.00028026860642080877,93.9,0.9194602505375833,0.9155631110879634,0.9163558044288275,0.7258838423591939,0.000601969887667323,0.9375995458889758,0.7249633781447452,0.724994702237599,0.7258838423591939,0.000601969887667323,0.9375995458889758,0.8364510147624165,0.8557932264445657,0.7755384732292567,0.012061523883761633,0.9319821799012212,0.7179792331240181,0.72896965034602,0.7755384732292567,0.012061523883761633,0.9319821799012212,0,14076,1,0.9017310049019608
70,0.0019232895346267113,0.001060511134810807,0.00027998833781438796,94.2,0.9198617869426701,0.9158932400408822,0.9165950460466278,0.7072914328659894,0.0005748746862341989,0.9334742221650104,0.7064289074759037,0.7064675297448454,0.7072914328659894,0.0005748746862341989,0.9334742221650104,0.8370133471098344,0.8560058678827809,0.755513818891615,0.011949411532592553,0.9284750219893652,0.7003896981983715,0.7112895054902961,0.755513818891615,0.011949411532592553,0.9284750219893652,0,14280,1,0.8969822303921569
71,0.0019200660776821715,0.0010617692203947092,0.0002797083494765736,92.5,0.9202844568427615,0.9163454240021311,0.9171230152106447,0.7313994281488717,0.0007086096862746725,0.9386991958045338,0.7304203376045505,0.7304626716606435,0.7313994281488717,0.0007086096862746725,0.9386991958045338,0.8316068950059949,0.8507088672821547,0.780340495239569,0.012556819149071823,0.9321752329842056,0.7210156147952256,0.732187267101501,0.780340495239569,0.012556819149071823,0.9321752329842056,0,14484,1,0.8972120098039216
72,0.0019147993971630202,0.0010687292020779297,0.000279428641127097,100.5,0.9201576558727341,0.9163169431401501,0.9170334530631753,0.7245019187983435,0.0006513435483207273,0.9372657893096488,0.723544997751462,0.7235836200204037,0.7245019187983435,0.0006513435483207273,0.9372657893096488,0.8342823696609766,0.853487662256786,0.7734775522792661,0.012324626390914693,0.9312251718410042,0.7152959961099155,0.7265648256955198,0.7734775522792661,0.012324626390914693,0.9312251718410042,0,14688,0,0.8946844362745098
73,0.0019211339177655092,0.001071631768489733,0.0002791492124859699,99.7,0.9211086631479397,0.9172049659739279,0.917954282779224,0.7355054385716123,0.0007390644346979209,0.9397855551028601,0.7344496815100534,0.734490168928199,0.7355054385716123,0.0007390644346979209,0.9397855551028601,0.8234550605621842,0.8422889570124018,0.7832286844579838,0.013119921676003744,0.9319087437534298,0.7214059411335749,0.7330777830072617,0.7832286844579838,0.013119921676003744,0.9319087437534298,0,14892,1,0.8998927696078431
74,0.0019113025719336436,0.0010610651449772931,0.00027887006327348396,126.2,0.9202580399740058,0.9164132743190282,0.9171465385309512,0.7344827169381958,0.0007052961465440708,0.9394628189498823,0.7334391320706809,0.7334888607286466,0.7344827169381958,0.0007052961465440708,0.9394628189498823,0.8350009902164155,0.8542037200254697,0.7834258326801712,0.012695659222341442,0.9326375358661627,0.7237608750667256,0.7354552905188317,0.7834258326801712,0.012695659222341442,0.9326375358661627,0,15096,0,0.8959865196078431
75,0.0019109839323551998,0.0010483647523533886,0.0002785911932102105,99.3,0.9209607286829078,0.917077194621028,0.9177969570581809,0.7293085772918453,0.0006573357903566999,0.9382557226704157,0.7284120989534717,0.7284475281354267,0.7293085772918453,0.0006573357903566999,0.9382557226704157,0.8358557428074587,0.8556896369509426,0.7784631339669067,0.012304899625221029,0.9319314969548144,0.7188728937040062,0.7298119989581955,0.7784631339669067,0.012304899625221029,0.9319314969548144,0,15300,0,0.8988204656862745
76,0.0019062200393390788,0.0010548223581127011,0.0002783126020170003,99.8,0.9206014592678301,0.9167586585154012,0.9174842730505209,0.7261388237980392,0.0006126738801379068,0.9379413422757954,0.7253082131714509,0.7253399305662545,0.7261388237980392,0.0006126738801379068,0.9379413422757954,0.8360558785784458,0.8558783282208358,0.7741323983888392,0.012601204231872172,0.9311984801462766,0.7153296116104909,0.7264313005949722,0.7741323983888392,0.012601204231872172,0.9311984801462766,0,15504,0,0.9027267156862745
77,0.0019027679769422713,0.001049003628208134,0.00027803428941498327,98.4,0.921673984139312,0.9178452623816218,0.9185864854999977,0.7346333397178174,0.0006943471200976493,0.9394079396267405,0.733655037098547,0.7336830427061992,0.7346333397178174,0.0006943471200976493,0.9394079396267405,0.8343746318525783,0.853285529181392,0.7832981938493795,0.012675120664297471,0.9324748642314373,0.7231384288211278,0.7344126179765601,0.7832981938493795,0.012675120664297471,0.9324748642314373,0,15708,1,0.9036458333333334
78,0.0019004804746466963,0.001044147766711568,0.0002777562551255683,113.3,0.9224295065857254,0.9185687750151716,0.9192867639933935,0.7296049747171873,0.0006527116264289776,0.9384966846778489,0.728798799732201,0.7288268053398533,0.7296049747171873,0.0006527116264289776,0.9384966846778489,0.8344141258078653,0.8531353193044992,0.7779176243813296,0.012668650834145258,0.9314599301768726,0.7177932702855018,0.7290550776693663,0.7779176243813296,0.012668650834145258,0.9314599301768726,0,15912,1,0.9024203431372549
79,0.0019018679541106538,0.0010407659887077165,0.00027747849887044273,103.3,0.9218853190893577,0.9180105793162596,0.9186895915589218,0.7338934081172891,0.0007536555769293354,0.9395949040699451,0.7329499462759904,0.7329959921192347,0.7338934081172891,0.0007536555769293354,0.9395949040699451,0.8304269328237104,0.8501771449809234,0.7804319308741929,0.01345398495478562,0.9310911699160848,0.718303243209359,0.7299782695735362,0.7804319308741929,0.01345398495478562,0.9310911699160848,0,16116,0,0.8965226715686274
80,0.001899849037941107,0.001037748536686245,0.0002772010203715723,103.2,0.9228416097383145,0.9189784520132293,0.9197158355487502,0.730856561471783,0.0006972482094105641,0.9386989744898113,0.7300105920811317,0.7300420668754679,0.730856561471783,0.0006972482094105641,0.9386989744898113,0.8292154589404087,0.8484962462678666,0.7784893075149798,0.012876826021964247,0.9312007192652579,0.717446853689802,0.7287061150852296,0.7784893075149798,0.012876826021964247,0.9312007192652579,0,16320,1,0.9031862745098039
81,0.001899140994247122,0.00104990386350462,0.0002769238193512007,108.8,0.9215313330480311,0.917614436673864,0.9183182176716297,0.7404887038641634,0.0007286140636525058,0.940695755648205,0.7394467367020418,0.7394784540968452,0.7404887038641634,0.0007286140636525058,0.940695755648205,0.8266674994730968,0.8457985358126828,0.7878402944599903,0.013235863693814387,0.9324995818718668,0.7255912805221505,0.7371374210854381,0.7878402944599903,0.013235863693814387,0.9324995818718668,0,16524,0,0.903109681372549
82,0.001894626793835093,0.0010458048800230937,0.0002766468955318495,109.1,0.9226936752732825,0.9188492494898076,0.919610161999789,0.7168329962275443,0.0005819445761247725,0.9355804859286397,0.7160728226884496,0.7160935301200138,0.7168329962275443,0.0005819445761247725,0.9355804859286397,0.8212390373046454,0.8393939841664665,0.7645658213707852,0.012244809554781457,0.9294587830947164,0.7063832742249414,0.7171041915490294,0.7645658213707852,0.012244809554781457,0.9294587830947164,0,16728,0,0.9045649509803921
83,0.001892241451880146,0.0010278247581792881,0.00027637024863631766,108.5,0.9224823403232368,0.918708963065888,0.9194168928594229,0.7309320426729572,0.0006819256225685337,0.938709086254591,0.7300788898220352,0.730113951005308,0.7309320426729572,0.0006819256225685337,0.938709086254591,0.8341653582178374,0.8532803273001703,0.7781622085108749,0.012970113132777001,0.9310907582026711,0.7172143226704278,0.7287684075893158,0.7781622085108749,0.012970113132777001,0.9310907582026711,0,16932,0,0.899203431372549
84,0.0018890248309117834,0.0010293029196376986,0.0002760938783876813,107.9,0.9227940593745542,0.9190016720402269,0.919683998588097,0.7372468659358181,0.0007571672814409704,0.9398397536276244,0.7363138467871755,0.736348640066713,0.7372468659358181,0.0007571672814409704,0.9398397536276244,0.8326766938294111,0.8521112864423621,0.7849065802261553,0.01303394388608089,0.9320317817734756,0.7228611014940953,0.7342506409860604,0.7849065802261553,0.01303394388608089,0.9320317817734756,0,17136,0,0.9006587009803921
85,0.0018840733597137254,0.0010372741743114,0.00027581778450929366,108.3,0.9221283542819103,0.9186175447172418,0.9193463316464606,0.7373735797078326,0.0006993962999259881,0.9400931184665626,0.7363886658478375,0.736437164187626,0.7373735797078326,0.0006993962999259881,0.9400931184665626,0.8307603853017922,0.8495493896216363,0.785516695026052,0.012955205911902138,0.9323255328746997,0.7232535927343531,0.7351094543194387,0.785516695026052,0.012955205911902138,0.9323255328746997,0,17340,0,0.9025735294117647
86,0.0018903715393332509,0.0010295031725596083,0.00027554196672478434,103.6,0.9225932911720108,0.9189568869927581,0.919666754031055,0.7269710087695183,0.0005984519109240989,0.9377728254113935,0.7262002978410501,0.7262283034487024,0.7269710087695183,0.0005984519109240989,0.9377728254113935,0.836968687518468,0.8561610472996504,0.7751423972012601,0.012426345172579878,0.931265661292874,0.7161521154418266,0.7271467617539709,0.7751423972012601,0.012426345172579878,0.931265661292874,0,17544,0,0.8989736519607843
87,0.0018802179108081641,0.0010223543903426586,0.00027526642475805954,103.8,0.9237344999022575,0.9199929519447587,0.9206864779378865,0.733771594734572,0.0006595057164750819,0.9393836182842406,0.7329508907877669,0.7329695379533462,0.733771594734572,0.0006595057164750819,0.9393836182842406,0.8276885251014772,0.8465025751906845,0.7823216564312988,0.012669301386724436,0.9323814931857842,0.7223100988828955,0.7334982043723142,0.7823216564312988,0.012669301386724436,0.9323814931857842,0,17748,1,0.9017310049019608
88,0.0018740796099426043,0.001024595966375771,0.0002749911583333015,96.6,0.922936710465835,0.9190118719781628,0.9196884201422935,0.7316344082151858,0.0005913949129960947,0.9388064490325794,0.7309071336937601,0.7309351393014123,0.7316344082151858,0.0005913949129960947,0.9388064490325794,0.8357902987636908,0.8547273772120395,0.7800483650195723,0.012529022209219906,0.9316923866111807,0.7188937128050253,0.7298958368221885,0.7800483650195723,0.012529022209219906,0.9316923866111807,0,17952,0,0.8982077205882353
89,0.0018721651588338335,0.0010275994877035842,0.0002747161671749682,96.0,0.9226778251520291,0.918957159103382,0.9196261408878731,0.7275419187133313,0.0006339273148078736,0.9379287235476027,0.7267953310887973,0.7268139782543767,0.7275419187133313,0.0006339273148078736,0.9379287235476027,0.8347860600212418,0.8547807652586044,0.7750828964461526,0.012710909199269956,0.9307647076562234,0.7146569469020986,0.7254746675219316,0.7750828964461526,0.012710909199269956,0.9307647076562234,0,18156,0,0.8979779411764706
90,0.0018763870306714786,0.0010197411746766928,0.00027444145100779323,95.6,0.9235548651947187,0.9197256174062223,0.9204660566148813,0.7394423823881152,0.0007589791662164747,0.9405333088251745,0.7385317834488364,0.7385771912387934,0.7394423823881152,0.0007589791662164747,0.9405333088251745,0.8331206003147079,0.8521854236632568,0.7867595809707372,0.013249733442891282,0.9319999408145896,0.7227526749087514,0.7342163337866958,0.7867595809707372,0.013249733442891282,0.9319999408145896,0,18360,0,0.8981311274509803
91,0.0018730714195864457,0.0010380369435658188,0.00027416700955678545,96.7,0.9234544810934471,0.9197846795536447,0.9205425031603465,0.7506442320774962,0.000782717635684457,0.9431369498391978,0.7496279223398399,0.7496701391936801,0.7506442320774962,0.000782717635684457,0.9431369498391978,0.8205792623904743,0.8393926947205708,0.7982012784949472,0.013602633818671495,0.9337500459161968,0.7324703777471384,0.7441519228871685,0.7982012784949472,0.013602633818671495,0.9337500459161968,0,18564,0,0.8992800245098039
92,0.0018665225435660093,0.0010131717221554361,0.0002738928425472287,96.8,0.923972251721059,0.9199333185693508,0.920613470091647,0.7386948687243527,0.0006552342676175874,0.9404957233540862,0.7378468909523084,0.7378959852261489,0.7386948687243527,0.0006552342676175874,0.9404957233540862,0.8320445559918525,0.8506601978809493,0.7870576090058646,0.012833358012317119,0.9326957177766766,0.7243985827435849,0.7355210816027457,0.7870576090058646,0.012833358012317119,0.9326957177766766,0,18768,1,0.8990502450980392
93,0.001867076778081337,0.0010087692933940604,0.00027361894970468143,99.9,0.9245217225911778,0.92062318528551,0.9213153299320963,0.7311649880070584,0.0006649409956052143,0.9387364841737347,0.7303324285059031,0.7303709335725919,0.7311649880070584,0.0006649409956052143,0.9387364841737347,0.8345565377218412,0.8534305699446446,0.7779118205749969,0.013085438814176493,0.9305729435800181,0.71534473527137,0.7267976726821161,0.7779118205749969,0.013085438814176493,0.9305729435800181,0,18972,1,0.901577818627451
94,0.0018706039038221991,0.0010120719790507125,0.00027334533075497677,100.2,0.9247911746524861,0.9208949090938469,0.9215900156097833,0.7435726805740074,0.0007307856829073866,0.9413911938192702,0.7426840521069128,0.7427295852950844,0.7435726805740074,0.0007307856829073866,0.9413911938192702,0.8295354299963491,0.8484466398424357,0.7916260351178765,0.013112836732246641,0.9331224108913491,0.7280885973931168,0.7396163739483406,0.7916260351178765,0.013112836732246641,0.9331224108913491,0,19176,1,0.8968290441176471
95,0.0018661182879369852,0.0010249044148883172,0.00027307198542422177,100.9,0.924231137034865,0.9205744331145693,0.9213058144953145,0.7332397308686666,0.0007151757842968324,0.9390636920089741,0.7323684986459856,0.7324101693455235,0.7332397308686666,0.0007151757842968324,0.9390636920089741,0.8334975981801725,0.8525442198742257,0.7806107814899155,0.01300480964749999,0.9312511028283488,0.7186274004608806,0.7298666631662657,0.7806107814899155,0.01300480964749999,0.9312511028283488,0,19380,0,0.8982077205882353
96,0.001868425274391056,0.0010077165431506643,0.00027279891343879757,99.5,0.9247911746524861,0.9210027699067194,0.9216943001640724,0.7484297229078539,0.0007374633262454658,0.9426651327871965,0.7475580608135933,0.7476000076128281,0.7484297229078539,0.0007374633262454658,0.9426651327871965,0.8229342297015162,0.8416181571149961,0.7957268326874639,0.013551344040899584,0.9333443707497525,0.7304707091245976,0.7421301360541085,0.7957268326874639,0.013551344040899584,0.9333443707497525,0,19584,1,0.8978247549019608
97,0.001859971767236643,0.001023749368079402,0.00027252611452535875,97.5,0.9246590903087075,0.920833259604894,0.9215452785352134,0.7563383009620613,0.0008324765783675646,0.9443207015921616,0.7553207775213696,0.7553733409818939,0.7563383009620613,0.0008324765783675646,0.9443207015921616,0.8263147624897517,0.8449715814980772,0.8039557349849304,0.013800562075676032,0.934320017248403,0.7363655727674152,0.7481722838814637,0.8039557349849304,0.013800562075676032,0.934320017248403,0,19788,0,0.8956801470588235
98,0.0018592519821443905,0.001002089193454378,0.0002722535884108334,89.1,0.9246855071774632,0.9209592400231388,0.9217097932972538,0.7422892078859069,0.0007593495990381403,0.9413384202103505,0.7414712495466761,0.7415240666036031,0.7422892078859069,0.0007593495990381403,0.9413384202103505,0.834474107569563,0.8538833132114423,0.7888021998927517,0.013634873868272255,0.9318708794465381,0.7232410729486003,0.7350100030753298,0.7888021998927517,0.013634873868272255,0.9318708794465381,0,19992,0,0.90234375
99,0.0018582962037922413,0.0010063288320719033,0.0002719813348224225,86.7,0.9252719616638401,0.9215246600490385,0.922190170741851,0.7415302330289776,0.0007502271806921312,0.9410912896139149,0.7407321754803026,0.7407851322427766,0.7415302330289776,0.0007502271806921312,0.9410912896139149,0.8312494016472127,0.8511354044355582,0.7891689577622459,0.013244691319105393,0.9326112851142182,0.7257440414168383,0.7371752150525528,0.7891689577622459,0.013244691319105393,0.9326112851142182,0,20196,1,0.8998161764705882
100,0.001862843052424746,0.0010058761214639205,0.0002717093534876001,89.6,0.9251451606938127,0.9212643990148166,0.9219757637753547,0.7490897269240974,0.0007474088061950159,0.9427873630807607,0.7482238978212415,0.7482729920950819,0.7490897269240974,0.0007474088061950159,0.9427873630807607,0.8332012606236583,0.8516370951832628,0.796789668788818,0.01351065944294922,0.9334678831850589,0.7311484350906275,0.7428527585042639,0.796789668788818,0.01351065944294922,0.9334678831850589,0,20400,0,0.9001991421568627
101,0.0018504757340540928,0.0010003092481679088,0.0002714376441341125,92.7,0.9251874276838218,0.9213231173967549,0.9220183879652623,0.7478215548737284,0.0007355904830773947,0.9425809809896575,0.7470448066392599,0.7470870234931,0.7478215548737284,0.0007355904830773947,0.9425809809896575,0.832524637983242,0.8514528562839367,0.7954151093604426,0.013457536000471887,0.9332539290204913,0.7294493544862665,0.7411191558572782,0.7954151093604426,0.013457536000471887,0.9332539290204913,0,20604,0,0.8969056372549019
102,0.001851602285123412,0.0009992351902749156,0.00027116620648997837,94.5,0.9252032778050752,0.9213313039826126,0.9219926163220847,0.7493046472459455,0.000737245580879237,0.9427401157819171,0.7484357435446612,0.7484883070051854,0.7493046472459455,0.000737245580879237,0.9427401157819171,0.8343960202858182,0.8535924995725382,0.7969030929635401,0.013412311134314464,0.933422851700586,0.7304219644735316,0.7420705783527344,0.7969030929635401,0.013412311134314464,0.933422851700586,0,20808,0,0.8987438725490197
103,0.0018522583139950737,0.000997508881494231,0.0002708950402834884,98.8,0.9252983785325958,0.9214346223042125,0.9221349253805453,0.7476996526815424,0.0007622402215711148,0.9424254637707171,0.7467831414330018,0.7468430030696142,0.7476996526815424,0.0007622402215711148,0.9424254637707171,0.8240327485571189,0.8431871899458794,0.7950138194028794,0.013499565080222318,0.9332638592424181,0.7298705294992189,0.7414607809390428,0.7950138194028794,0.013499565080222318,0.9332638592424181,0,21012,1,0.9038756127450981
104,0.0018483177426627233,0.0009984529365312344,0.0002706241452432049,103.3,0.9262546691815525,0.9225902176867247,0.9233278309841074,0.7616798681545431,0.00093472731743511,0.945594753582313,0.7605601738392057,0.76061273729973,0.7616798681545431,0.00093472731743511,0.945594753582313,0.8228703143268794,0.8420720983375638,0.8075997975320054,0.014553765685994561,0.9341830186511352,0.7381726122278833,0.7503462154963909,0.8075997975320054,0.014553765685994561,0.9341830186511352,0,21216,1,0.8969822303921569
105,0.0018530340018390002,0.0009989937157318246,0.0002703535210979617,103.7,0.926011633989,0.9221276730893245,0.9229089601905042,0.7408990390639278,0.00070411876607947,0.9411495764926271,0.7400278541753031,0.7400948742824563,0.7408990390639278,0.00070411876607947,0.9411495764926271,0.8269513238833663,0.8459645456715261,0.7868675283993001,0.013736431661887464,0.931083744213414,0.7195925223266525,0.731565098059374,0.7868675283993001,0.013736431661887464,0.931083744213414,0,21420,0,0.8986672794117647
106,0.0018508403337167978,0.0010009271158459112,0.00027008316757686374,105.6,0.9256893481901803,0.9219335758188122,0.9225655652838818,0.7478858303597637,0.000746265202215454,0.9424625637389132,0.7469963506970565,0.7470452023704296,0.7478858303597637,0.000746265202215454,0.9424625637389132,0.8194105060894723,0.8384274097683599,0.7952491572528404,0.013487553734443191,0.9332500379161202,0.7298304222770561,0.741294134716297,0.7952491572528404,0.013487553734443191,0.9332500379161202,0,21624,0,0.9001991421568627
107,0.0018464634035184396,0.0009910412278691715,0.0002698130844092869,101.5,0.9256100975839132,0.9216788832800226,0.9223351604804281,0.7514765251242428,0.0007733682960923937,0.9433953886099098,0.7505920359395329,0.7506448130280947,0.7514765251242428,0.0007733682960923937,0.9433953886099098,0.8322441077099649,0.8507866708932258,0.7979117975105228,0.013931923162107373,0.9331246907057914,0.7307471505069052,0.7424221556993945,0.7979117975105228,0.013931923162107373,0.9331246907057914,0,21828,0,0.9007352941176471
108,0.001842066409938293,0.0009898930722417511,0.0002695432713248776,85.3,0.9261278682115252,0.9223459137210767,0.9229925350503908,0.7522609346792666,0.0006927605532405884,0.9435515708727975,0.7514470691780256,0.7514998752390172,0.7522609346792666,0.0006927605532405884,0.9435515708727975,0.8292087898760051,0.8482444612729174,0.7998531513854856,0.013494593845411799,0.933818193156275,0.7326183500112105,0.7439127264264482,0.7998531513854856,0.013494593845411799,0.933818193156275,0,22032,0,0.8970588235294118
109,0.0018440378240912275,0.0009965444205629376,0.00026927372805355277,67.9,0.9263233530403174,0.922419591692038,0.9230909077555027,0.7486975639227399,0.0008109568750902117,0.9427030570703818,0.7478432143714852,0.7478957778320094,0.7486975639227399,0.0008109568750902117,0.9427030570703818,0.8210471412079916,0.8410184418074976,0.795243618623855,0.013878813256944974,0.9325183772210287,0.7275713888878533,0.7395191738485717,0.795243618623855,0.013878813256944974,0.9325183772210287,0,22236,1,0.9068627450980392
110,0.001841015148195712,0.00098841988994822,0.0002690044543254992,65.0,0.9267724398091646,0.9229708996602082,0.9236583266125103,0.7513669378009837,0.0008643032070090766,0.9433869573468836,0.7503919901800642,0.7504594890190166,0.7513669378009837,0.0008643032070090766,0.9433869573468836,0.8234807177894101,0.8426935446432504,0.7965722573141867,0.014361057707595513,0.9323080651636673,0.7279848487286494,0.7402249293621626,0.7965722573141867,0.014361057707595513,0.9323080651636673,0,22440,1,0.8980545343137255
111,0.0018380715057491233,0.000991288248792878,0.0002687354498711737,78.5,0.926492421000354,0.9228447731191591,0.9235740569320872,0.7489919816608247,0.0007535577414506523,0.9427584014626886,0.7481214049522625,0.7481889037912149,0.7489919816608247,0.0007535577414506523,0.9427584014626886,0.8284110946693057,0.8474622194260774,0.7958597529982812,0.013651681079476704,0.9331376218010745,0.7297971294275867,0.7415398976764823,0.7958597529982812,0.013651681079476704,0.9331376218010745,0,22644,0,0.897671568627451
112,0.0018433547965661786,0.0009833835262170994,0.0002684667144213025,92.8,0.9270101916279659,0.9232481747705824,0.9238922396748672,0.7610388921236614,0.0007707956622303648,0.9454781610304664,0.7601146081067259,0.7601671715672503,0.7610388921236614,0.0007707956622303648,0.9454781610304664,0.8314140453187805,0.8499499092982779,0.8079250198831753,0.014129858852519259,0.9344523868992696,0.7382486760216009,0.7500493882349007,0.8079250198831753,0.014129858852519259,0.9344523868992696,0,22848,1,0.9008118872549019
113,0.0018411378054331768,0.0009819821544120586,0.00026819824770688125,94.4,0.9268886740316897,0.9231639613155257,0.9238745774812991,0.7578818939998743,0.0008246570860275779,0.9446477701195913,0.7568865416913525,0.7569465287261793,0.7578818939998743,0.0008246570860275779,0.9446477701195913,0.8279863774155354,0.8464750081345432,0.8042411002796365,0.01418008010992236,0.9337634472214755,0.7352316657756202,0.7467728812568329,0.8042411002796365,0.01418008010992236,0.9337634472214755,0,23052,0,0.8965226715686274
114,0.0018308132832102915,0.0009767357956070844,0.0002679300494591744,93.6,0.9263920368990822,0.9227576305589021,0.9234656294531294,0.7523153219421013,0.0007167476818911151,0.9435774140155886,0.7514813443628389,0.7515268775510103,0.7523153219421013,0.0007167476818911151,0.9435774140155886,0.8329722671265812,0.8520746505023507,0.7995476731888226,0.013675342236667446,0.9336809046621966,0.7325577807763094,0.7443667395631659,0.7995476731888226,0.013675342236667446,0.9336809046621966,0,23256,0,0.8981311274509803
115,0.001833658737322206,0.000986536908574697,0.0002676621194097152,111.1,0.9268305569204272,0.9232169296993817,0.9239178765139752,0.7591996795016532,0.0009108635156689602,0.9447748225660855,0.7581743202137025,0.7582231718870756,0.7591996795016532,0.0009108635156689602,0.9447748225660855,0.8253447100384975,0.8441408380219916,0.8052863039285938,0.014329377777556478,0.9337318585405746,0.735802963614605,0.7476027524453897,0.8052863039285938,0.014329377777556478,0.9337318585405746,0,23460,0,0.9048713235294118
116,0.0018303529542012542,0.0009773314712127185,0.00026739445729030546,82.7,0.9271951097092559,0.9233367567316587,0.9240074932721791,0.7524431464685586,0.0008038220537609816,0.9434890821900798,0.7515820167701105,0.7516291472037507,0.7524431464685586,0.0008038220537609816,0.9434890821900798,0.8328584992052993,0.8517268603189574,0.7991601895293585,0.013839555661257143,0.9331864995356356,0.7307387867269451,0.7424197677863008,0.7991601895293585,0.013839555661257143,0.9331864995356356,0,23664,1,0.8982843137254902
117,0.0018314219498778601,0.0009807422543349903,0.00026712706283301514,100.0,0.9268516904154317,0.9232608282713514,0.9239401210741474,0.750601832825042,0.0006419629118995254,0.9429930409618205,0.7497861163343783,0.749824351346462,0.750601832825042,0.0006419629118995254,0.9429930409618205,0.8285778308961289,0.8472125907834943,0.798348943408962,0.013274576842902494,0.93373848841414,0.7319387497079356,0.7433820537311305,0.798348943408962,0.013274576842902494,0.93373848841414,0,23868,0,0.8986672794117647
118,0.0018279760689063765,0.0009781508367892253,0.00026685993577018214,98.9,0.9270313251229705,0.9234178939367946,0.9240852791947262,0.7519359026984216,0.000823521225367339,0.9434202861533381,0.751132961946619,0.7511855254071435,0.7519359026984216,0.000823521225367339,0.9434202861533381,0.8246408631933763,0.8440253895233742,0.7982892439994914,0.014033543484745574,0.9328456035545686,0.7299569013599366,0.7417992157290407,0.7982892439994914,0.014033543484745574,0.9328456035545686,0,24072,0,0.9042585784313726
119,0.0018256258786719876,0.0009834160744951596,0.00026659307583441197,92.5,0.9278079810643884,0.92422979669367,0.9249183126750343,0.7454550771736395,0.0007193402080670872,0.9419872445075826,0.7446746381692464,0.7447273270279852,0.7454550771736395,0.0007193402080670872,0.9419872445075826,0.8298060483693618,0.8484419168336644,0.7917446199224191,0.01370737753327729,0.9320202569747322,0.7247127323413427,0.7362427730674418,0.7917446199224191,0.01370737753327729,0.9320202569747322,0,24276,1,0.8946078431372549
120,0.0018318470569747482,0.0009695596802898638,0.0002663264827585776,92.1,0.9275226788818268,0.9237870043779575,0.9244834001092117,0.7614903136087275,0.0007402412510548361,0.9455866917029674,0.7605349617202005,0.7605875251807248,0.7614903136087275,0.0007402412510548361,0.9455866917029674,0.8330313186368036,0.8520854097317465,0.8079902231936539,0.014135035166878739,0.9344273783578323,0.7380600226252274,0.7497884435820222,0.8079902231936539,0.014135035166878739,0.9344273783578323,0,24480,0,0.9009650735294118
121,0.0018265939080247691,0.0009731469994001565,0.000266060156275819,87.8,0.9276072128618451,0.9239220806933557,0.9245901930705551,0.7473920285706365,0.0006826953209122557,0.942102909362296,0.7465979730590392,0.7466269668313027,0.7473920285706365,0.0006826953209122557,0.942102909362296,0.8323852983637958,0.8511153917152992,0.7947790220694503,0.013316025621451044,0.9328039478944798,0.7280076755283551,0.7393819038720394,0.7947790220694503,0.013316025621451044,0.9328039478944798,0,24684,0,0.8994332107843137
122,0.0018224384214537328,0.0009626717384345533,0.0002657940961195432,87.0,0.9280932832469502,0.9245024539087121,0.9252225585401114,0.7603666307129484,0.0008267095305343613,0.9452972615451107,0.759402545427154,0.7594588206748296,0.7603666307129484,0.0008267095305343613,0.9452972615451107,0.8310894519802803,0.8501160316396625,0.8067898035109768,0.014255295516395351,0.9341007700966416,0.7370596872753516,0.7488664128766087,0.8067898035109768,0.014255295516395351,0.9341007700966416,0,24888,1,0.8990502450980392
123,0.001826777219356896,0.0009834668043562885,0.00026552830202342364,97.0,0.9272056764567582,0.92357438058181,0.924254207175696,0.7540023814501918,0.0008059243028055198,0.9437325974229959,0.7531091226920053,0.7531726961157686,0.7540023814501918,0.0008059243028055198,0.9437325974229959,0.8255908801856048,0.8447109060958526,0.8006992488591474,0.013888602366449048,0.9335837976360072,0.733363234449825,0.745170356880993,0.8006992488591474,0.013888602366449048,0.9335837976360072,0,25092,0,0.9029564950980392
124,0.0018181666416828247,0.0009823295487003942,0.0002652627737214002,96.5,0.9275226788818268,0.9239573154924414,0.924656576267665,0.7529471772861183,0.0007731738497588727,0.9436628529782037,0.7520957584034917,0.752137579804512,0.7529471772861183,0.0007731738497588727,0.9436628529782037,0.8273230382196625,0.8466176350874801,0.7994299097574183,0.013887310947807296,0.9332408027555212,0.7311128868572289,0.7427160900909399,0.7994299097574183,0.013887310947807296,0.9332408027555212,0,25296,0,0.8947610294117647
125,0.0018252285891303829,0.000986322648430267,0.0002649975109476788,98.9,0.928457836035779,0.9248681702630986,0.9255168949911213,0.7605771306239258,0.00086047597603803,0.945160018614707,0.7596115784043743,0.7596604300777473,0.7605771306239258,0.00086047597603803,0.945160018614707,0.8234344251048635,0.8421061632676001,0.8056580987004822,0.014654001976000993,0.9327654142975939,0.732541861726933,0.7444660976438291,0.8056580987004822,0.014654001976000993,0.9327654142975939,0,25500,1,0.8985906862745098
126,0.0018228649917314305,0.000966233037669961,0.0002647325134367311,99.5,0.9282834847019913,0.9247336974186257,0.9254123692356366,0.7608911184985715,0.0007567468258814961,0.9452710826312516,0.7599997678726623,0.7600524567314011,0.7608911184985715,0.0007567468258814961,0.9452710826312516,0.8274751551773548,0.8461805336205005,0.8082730856183864,0.013823923024156576,0.934600406904439,0.7381432697529421,0.7496664708563292,0.8082730856183864,0.013823923024156576,0.934600406904439,0,25704,0,0.8993566176470589
127,0.001815767492528311,0.0009690900271434155,0.0002644677809232944,121.2,0.9283785854295119,0.9248459476188328,0.9255165013365474,0.7601969841033273,0.0008268797832678122,0.9452820571044371,0.7592859741110329,0.7593315072992045,0.7601969841033273,0.0008268797832678122,0.9452820571044371,0.8228558700867724,0.8414709770995759,0.8066935343001713,0.014222508161393862,0.9342071784671783,0.737317850152279,0.749130031348636,0.8066935343001713,0.014222508161393862,0.9342071784671783,0,25908,0,0.8968290441176471
128,0.0018162982345458266,0.0009837620343230446,0.0002642033131423711,99.4,0.9273958779117993,0.9237540123835927,0.9244425094313149,0.7622402011143411,0.0007320539499492185,0.945604799097613,0.7612124700758715,0.7612618404494089,0.7622402011143411,0.0007320539499492185,0.945604799097613,0.8331314475835815,0.8523863148533557,0.8090752123033459,0.014015239536159678,0.9347127102218747,0.7394446045602399,0.7513370084253905,0.8090752123033459,0.014015239536159678,0.9347127102218747,0,26112,0,0.9020373774509803
129,0.001819057324467519,0.0009630537118118616,0.00026393910982922875,113.0,0.9279136485394113,0.9244268487840681,0.9251120363887375,0.7658369209960938,0.0008437409582623712,0.9463535984082923,0.7648462860434179,0.7649174966695214,0.7658369209960938,0.0008437409582623712,0.9463535984082923,0.82855485481206,0.847828584970294,0.8114972401815215,0.014619215263799057,0.9342281079976247,0.7394750288102104,0.7517835638704369,0.8114972401815215,0.014619215263799057,0.9342281079976247,0,26316,0,0.8991268382352942
130,0.001818332935263421,0.0009615294820794168,0.0002636751707193995,96.9,0.9285582201370507,0.9249896406831751,0.9256360776532263,0.7708616498381461,0.0008667655891787694,0.9475697481599706,0.7698305708374998,0.7698831342980241,0.7708616498381461,0.0008667655891787694,0.9475697481599706,0.8258095366455267,0.8448806560361615,0.8167981200472378,0.014774503338544147,0.9350123059869843,0.7436432313139801,0.7558178044515889,0.8167981200472378,0.014774503338544147,0.9350123059869843,0,26520,1,0.9000459558823529
131,0.0018151193759038899,0.0009744263342715159,0.0002634114955486801,98.6,0.9272637935680208,0.9237180655036198,0.9243551459136496,0.7658736510352954,0.0008507216253092414,0.946443291479115,0.7649131973130224,0.7649513069268915,0.7658736510352954,0.0008507216253092414,0.946443291479115,0.8331614898178699,0.8521261485288016,0.8118265994525445,0.014537118933288549,0.9342805203818144,0.7393174811823403,0.7509753674390643,0.8118265994525445,0.014537118933288549,0.9342805203818144,0,26724,0,0.8998161764705882
132,0.0018145376799272046,0.0009585116741693858,0.0002631480840531314,103.4,0.9288593724408658,0.9251756479399132,0.9258514394647114,0.7713119362484734,0.0009331136596864121,0.9477132516558632,0.7703200085270498,0.7703876327642168,0.7713119362484734,0.0009331136596864121,0.9477132516558632,0.8266895048456212,0.845192738526381,0.816554718926843,0.01506702777618958,0.9347133916483954,0.7432004597426535,0.7555143034408544,0.816554718926843,0.01506702777618958,0.9347133916483954,0,26928,1,0.9017310049019608
133,0.0018132146865622524,0.0009649200439715122,0.0002628849359690783,98.4,0.9285212365207928,0.9248579741257326,0.9255831948770605,0.7533655592950328,0.0007715024853861365,0.9436436364134488,0.7526143554771091,0.7526669189376333,0.7533655592950328,0.0007715024853861365,0.9436436364134488,0.8235816186558006,0.8425431691651826,0.7998603254851542,0.013885071433534813,0.933183834692035,0.7313032925509282,0.7428774809393551,0.7998603254851542,0.013885071433534813,0.933183834692035,0,27132,0,0.9008118872549019
134,0.0018087344069499522,0.0009595110703253775,0.0002626220510331092,107.6,0.928494819652037,0.9248880211860365,0.9255718451180414,0.7592631785103454,0.0006863274672499824,0.9450643650598525,0.7584314827577184,0.7584662485831182,0.7592631785103454,0.0006863274672499824,0.9450643650598525,0.8318943251452477,0.8499510140968287,0.8069357534998584,0.013655007688657813,0.9347104373900827,0.7378491286447391,0.7489755247204166,0.8069357534998584,0.013655007688657813,0.9347104373900827,0,27336,0,0.899203431372549
135,0.0018150888653882943,0.0009610431102962646,0.00026235942898207614,110.5,0.9283944355507653,0.924852497144017,0.9255124696806856,0.7643337266126611,0.0007748250940720506,0.9461484768097113,0.7634150831235464,0.7634640601951342,0.7643337266126611,0.0007748250940720506,0.9461484768097113,0.8283613332775599,0.846306249455848,0.810437163054715,0.014365553794457468,0.9341448738123859,0.7379032666495825,0.7494480754175302,0.810437163054715,0.014365553794457468,0.9341448738123859,0,27540,0,0.8986672794117647
136,0.0018156909637207933,0.0009559247385826151,0.00026209706955309406,109.0,0.928198950721973,0.9246481777923264,0.9253215530379819,0.7545255287300984,0.0007168789429138387,0.9438752102162377,0.7537706832736212,0.7538308839364856,0.7545255287300984,0.0007168789429138387,0.9438752102162377,0.83309267546027,0.8522414902543843,0.8013336163102551,0.013778040361966129,0.9333404419651493,0.7320070997660711,0.7436693476595603,0.8013336163102551,0.013778040361966129,0.9333404419651493,0,27744,0,0.9029564950980392
137,0.0018056328733698191,0.0009553552331289695,0.000261834972483541,114.3,0.9291710914921832,0.9257228243606637,0.9263931511808977,0.7610308509930768,0.0007348474376884259,0.9454951927274415,0.7602435607530588,0.7602961242135831,0.7610308509930768,0.0007348474376884259,0.9454951927274415,0.8245512046289863,0.8431911659220207,0.8070298376469458,0.014309577697712503,0.9336734491002875,0.7354160686466048,0.7472997214927524,0.8070298376469458,0.014309577697712503,0.9336734491002875,0,27948,1,0.9043351715686274
138,0.0018052455401915473,0.0009648099677852748,0.0002615731375110574,95.8,0.9287378548445896,0.9253560787116923,0.9260680656957339,0.7463026283159729,0.000622105373303422,0.942024988172284,0.7456214744010454,0.7456648048177114,0.7463026283159729,0.000622105373303422,0.942024988172284,0.8313127442617679,0.8503287066329148,0.7939763059002478,0.013115694952669728,0.9330434085272546,0.7280877869431784,0.7392304484758966,0.7939763059002478,0.013115694952669728,0.9330434085272546,0,28152,0,0.9046415441176471
139,0.001803923726958387,0.0009520524633430921,0.00026131156437354634,101.1,0.9294035599372336,0.9258664062537372,0.9265704217740847,0.7703419326606592,0.0008745601940147503,0.9473784890366796,0.7693594081077123,0.7694234459559425,0.7703419326606592,0.0008745601940147503,0.9473784890366796,0.8280368454784586,0.8466668836564061,0.8161698919726672,0.014748896471753314,0.9347412165984701,0.7424158780489314,0.754714774550014,0.8161698919726672,0.014748896471753314,0.9347412165984701,0,28356,1,0.8988204656862745
140,0.0018015456426998273,0.0009530314161282057,0.0002610502528091728,101.3,0.9287378548445896,0.9252005255980041,0.9258931565079003,0.7646440556576799,0.0008093723258155787,0.9462374945099717,0.7637292522315927,0.763789113868205,0.7646440556576799,0.0008093723258155787,0.9462374945099717,0.8298842974223023,0.8487428963423643,0.8100759001579617,0.014641654200545485,0.9338617202307382,0.7375678830473613,0.7497587412056307,0.8100759001579617,0.014641654200545485,0.9338617202307382,0,28560,0,0.8980545343137255
141,0.0018007748477233975,0.0009468226051123639,0.00026078920255636365,100.2,0.9294035599372336,0.9258643018837557,0.9265309281721017,0.7669367079791577,0.0008203678485443903,0.9468026377628385,0.7660860306243137,0.7661350076959014,0.7669367079791577,0.0008203678485443903,0.9468026377628385,0.8299435695854416,0.8485835234767761,0.8130180930529904,0.014555490724853366,0.9344952068338183,0.7401034412975301,0.7521986895050453,0.8130180930529904,0.014555490724853366,0.9344952068338183,0,28764,1,0.8967524509803921
142,0.001807879270784849,0.0009579367926018016,0.0002605284133538073,94.9,0.928457836035779,0.9250486128865366,0.9257139888309057,0.7551470184569192,0.0008068496033152636,0.9441698477729393,0.7543569644469958,0.7544074676415352,0.7551470184569192,0.0008068496033152636,0.9441698477729393,0.8290400130436284,0.8488604937174201,0.8007967949358823,0.01428981983524148,0.9329299031996564,0.7313129585631456,0.7433131732304218,0.8007967949358823,0.01428981983524148,0.9329299031996564,0,28968,0,0.9026501225490197
143,0.001806384149377289,0.0009621435836537873,0.0002602678849404535,102.1,0.9287061546020827,0.9252892239907734,0.9260294800021499,0.7629153436000667,0.0007627304751014249,0.9457109758663635,0.7621051157022243,0.762154360677547,0.7629153436000667,0.0007627304751014249,0.9457109758663635,0.823871736771535,0.8420495637096169,0.8093543192702144,0.01416900328499736,0.9341994555338679,0.7378822210578011,0.7495163700693236,0.8093543192702144,0.01416900328499736,0.9341994555338679,0,29172,0,0.9011948529411765
144,0.001801296899679537,0.0009510592763441181,0.00026000761705551306,98.9,0.9292820423409572,0.9257105961073289,0.9263759376863125,0.7650154205596398,0.0007545966510118817,0.9461890210716792,0.7641698155443777,0.7642153487325491,0.7650154205596398,0.0007545966510118817,0.9461890210716792,0.8320892446348318,0.8507095044197105,0.8123049664555995,0.014049454477714019,0.9350810904239406,0.7416278405617405,0.7531785418047915,0.8123049664555995,0.014049454477714019,0.9350810904239406,0,29376,0,0.9001991421568627
145,0.0017983942388502113,0.0009498059566514843,0.00025974760943845755,98.3,0.9292292086034458,0.925803958548871,0.9265310702271035,0.7702855892893911,0.000858421730391182,0.9474003926011332,0.7694223040994251,0.7694896775401628,0.7702855892893911,0.000858421730391182,0.9474003926011332,0.8184248582580528,0.8371078818246626,0.8155218013018695,0.014862465304895017,0.9344649826628599,0.7416581721167109,0.7537325767465485,0.8155218013018695,0.014862465304895017,0.9344649826628599,0,29580,0,0.9002757352941176
146,0.0017948258649923053,0.0009505545179225651,0.0002594878618290191,103.0,0.9300111479186149,0.9265634992834985,0.9272216006091579,0.7578304216778521,0.0007805593834446093,0.9447372246856832,0.7569937037225439,0.7570426807941316,0.7578304216778521,0.0007805593834446093,0.9447372246856832,0.8314045559319637,0.8504835295278199,0.802780276117436,0.014523395359820567,0.9327695469055702,0.7316212077761323,0.7435670741466746,0.802780276117436,0.014523395359820567,0.9327695469055702,0,29784,1,0.8990502450980392
147,0.0018024215829677368,0.0009543551651132145,0.0002592283739671901,95.8,0.929345442825971,0.9258295091784775,0.9265299700171913,0.7689471368209807,0.0008763294881015481,0.9470867223815925,0.7680079940235097,0.7680605574840339,0.7689471368209807,0.0008763294881015481,0.9470867223815925,0.8315390633616688,0.8508096729226634,0.8145282031959136,0.01482981927950815,0.9344485607245132,0.7414784296937967,0.7536654390376857,0.8145282031959136,0.01482981927950815,0.9344485607245132,0,29988,0,0.9008884803921569
148,0.001795940187887526,0.0009508967916360085,0.00025896914559322287,97.6,0.9301062486461354,0.926865189538421,0.9275318429868732,0.7650407547116957,0.0008718549111612884,0.9464196521130976,0.7641786200816598,0.7642348953293354,0.7650407547116957,0.0008718549111612884,0.9464196521130976,0.8235888190354531,0.842692554981046,0.8101480010243927,0.014833171390483397,0.9336736275694364,0.7369040211683704,0.749031348507401,0.8101480010243927,0.014833171390483397,0.9336736275694364,0,30192,1,0.8949908088235294
149,0.0017958580677205807,0.000940311894192995,0.00025871017644762967,99.3,0.9302911667274255,0.9269086081632477,0.9276093379064226,0.7642165699206158,0.000868645465866067,0.9462649405052301,0.7634440234194213,0.763500637693349,0.7642165699206158,0.000868645465866067,0.9462649405052301,0.8304248043770185,0.8494121965147519,0.8089842179006126,0.014939812158224085,0.9334478028602584,0.7363941829139679,0.7489161254490366,0.8089842179006126,0.014939812158224085,0.9334478028602584,0,30396,1,0.9021139705882353
150,0.001792285286629682,0.0009540471151563084,0.000258451466271182,109.6,0.9298367965848272,0.926369371512913,0.9270544904624051,0.7716790187745368,0.000923307600146691,0.9478102355238518,0.7707515196189979,0.7708190184579502,0.7716790187745368,0.000923307600146691,0.9478102355238518,0.8191529292294863,0.837913050069475,0.8154551327105464,0.015427806387051908,0.9337180379217506,0.7396158685248435,0.7521663871308342,0.8154551327105464,0.015427806387051908,0.9337180379217506,0,30600,0,0.9008884803921569
151,0.0017865542156904862,0.0009540325246213475,0.00025819301480491086,99.0,0.9289861734108933,0.9256151694226578,0.9263114341817799,0.7565692751734855,0.000757899970929012,0.9446093311903311,0.7557808486933125,0.7558334121538368,0.7565692751734855,0.000757899970929012,0.9446093311903311,0.8289261201568432,0.8475904039899463,0.8019439349802775,0.014341680042205339,0.933022245751742,0.7317366634420845,0.7436572781976409,0.8019439349802775,0.014341680042205339,0.933022245751742,0,30804,0,0.8981311274509803
152,0.0017895187244421856,0.0009431591036980635,0.00025793482179010594,103.2,0.9298579300798318,0.9265574836728928,0.9272518703093553,0.763330112890004,0.0007301900043391035,0.9459782316481842,0.7624784067794588,0.7625273838510463,0.763330112890004,0.0007301900043391035,0.9459782316481842,0.8276876718309375,0.8463328575736723,0.8094615368487957,0.014284135481378066,0.9341309887617191,0.7373669119933985,0.7493143625074297,0.8094615368487957,0.014284135481378066,0.9341309887617191,0,31008,0,0.9004289215686274
153,0.0017932632774817665,0.0009498720239377541,0.00025767688696831583,100.2,0.9300164312923661,0.9265838963814538,0.9272806765000515,0.7716922903227134,0.0007667340614012083,0.9478392512642735,0.7707596186536773,0.7708121821142017,0.7716922903227134,0.0007667340614012083,0.9478392512642735,0.8260803269553763,0.8444285907399365,0.8172424771581915,0.014735836865783199,0.9349974080436102,0.74346030259136,0.7553967172919268,0.8172424771581915,0.014735836865783199,0.9349974080436102,0,31212,0,0.8992800245098039
154,0.0017945412118398748,0.0009435212035772674,0.0002574192100813475,99.5,0.9303757007074438,0.927062433261944,0.9276770048787044,0.7659904149056406,0.0008568412520855624,0.9464991427546052,0.7650840667431332,0.7651403419908088,0.7659904149056406,0.0008568412520855624,0.9464991427546052,0.825429314801131,0.8446569624013108,0.8108139037446989,0.014859253194223198,0.933586575222016,0.7370762395656677,0.7492273205766892,0.8108139037446989,0.014859253194223198,0.933586575222016,0,31416,1,0.899203431372549
155,0.0017916739498283348,0.000943809889909226,0.00025716179087126615,99.8,0.9301590823836469,0.9268575702966475,0.927563644748559,0.7698218594581399,0.0007991972141705184,0.9474551581990716,0.7689873063285468,0.7690378095230862,0.7698218594581399,0.0007991972141705184,0.9474551581990716,0.8157953107029996,0.8344450462619163,0.8154549353996393,0.014732149780765685,0.9346518249336743,0.7417759674316265,0.7537132611150118,0.8154549353996393,0.014732149780765685,0.9346518249336743,0,31620,0,0.9021139705882353
156,0.0017909001588693582,0.0009464870718089792,0.0002569046290803949,97.9,0.9301749325049004,0.9267454515590386,0.9274399162025416,0.7677303656145683,0.0007908389859363786,0.946823857162788,0.7668937143556954,0.7669369193741469,0.7677303656145683,0.0007908389859363786,0.946823857162788,0.8206247973109599,0.8390920435708936,0.8135530689837567,0.014531828034361132,0.9345075907858518,0.7406649671508906,0.752485267404773,0.8135530689837567,0.014531828034361132,0.9345075907858518,0,31824,0,0.9001225490196079
157,0.0017880657276905635,0.0009389153388556244,0.0002566477244513145,100.9,0.9310255556788343,0.9279279633692833,0.9285568166571351,0.7681556473716916,0.0007784578888119042,0.9469835073633979,0.7673639710110731,0.7674165344715974,0.7681556473716916,0.0007784578888119042,0.9469835073633979,0.8294132454093681,0.8481010020849231,0.8143027575267759,0.014461614665051636,0.9348564246304264,0.7418698681994672,0.7536400320004626,0.8143027575267759,0.014461614665051636,0.9348564246304264,0,32028,1,0.9011182598039216
158,0.00179057188706436,0.0009302168608383096,0.0002563910767268632,101.7,0.9301537990098958,0.9266475171077095,0.9273295951335709,0.7640125174378654,0.0008645157442837054,0.9460370858236838,0.7631754035052725,0.7632429023442248,0.7640125174378654,0.0008645157442837054,0.9460370858236838,0.8308665280191252,0.8498179103650582,0.8091520630047222,0.014736148920026256,0.9335708825460118,0.7365317452629637,0.7486738392041574,0.8091520630047222,0.014736148920026256,0.9335708825460118,0,32232,0,0.8984375
159,0.001786157808965072,0.0009426024709118831,0.00025613468565013637,96.7,0.9304708014349643,0.9271463498193341,0.9278403092407721,0.7639921106046749,0.0008147910240818613,0.9460454958110189,0.7631358271976264,0.7631919770470873,0.7639921106046749,0.0008147910240818613,0.9460454958110189,0.8302174978616454,0.8494725698082082,0.8086024858938261,0.014791293228406827,0.9331755048392207,0.734868136353733,0.7468839868798371,0.8086024858938261,0.014791293228406827,0.9331755048392207,0,32436,0,0.8988204656862745
160,0.0017947380404745904,0.0009409709411958478,0.00025587855096448624,98.7,0.9305870356574895,0.9273432845898408,0.9280318873834552,0.770281165221036,0.0008404268425611113,0.9473854865182627,0.7694631942882617,0.7695101110938645,0.770281165221036,0.0008404268425611113,0.9473854865182627,0.8220811793934951,0.8409048622670875,0.8163006445872626,0.014620102869678554,0.9348405491970603,0.7424740092617468,0.7545049833852389,0.8163006445872626,0.014620102869678554,0.9348405491970603,0,32640,0,0.9008884803921569
161,0.001779234449392842,0.0009336970325129556,0.0002556226724135217,102.4,0.9306610028900054,0.9273235883895208,0.9280023925604237,0.7662530853102251,0.0007670263029166075,0.9465132506656541,0.7654687997742821,0.7655213632348064,0.7662530853102251,0.0007670263029166075,0.9465132506656541,0.8308776732873332,0.849783590680051,0.8124120644033083,0.014404677472405878,0.9342425723779932,0.7389361417589775,0.7508692616334492,0.8124120644033083,0.014404677472405878,0.9342425723779932,0,32844,0,0.8968290441176471
162,0.0017809838703696562,0.0009364221527314332,0.0002553670497411082,98.4,0.9301485156361446,0.9270186580328976,0.9277420865416819,0.7648571237531604,0.0007397014002256137,0.9462661513296429,0.764094884332362,0.7641273472913093,0.7648571237531604,0.0007397014002256137,0.9462661513296429,0.8323872918516172,0.8508820663005763,0.8115476985450127,0.014161368546877301,0.9346980892054474,0.7399671939302629,0.7513582824815511,0.8115476985450127,0.014161368546877301,0.9346980892054474,0,33048,0,0.9011948529411765
163,0.0017837117375879019,0.000934760374496068,0.0002551116826913671,97.1,0.9311946236388708,0.9278548380206302,0.928502221928391,0.767811378027561,0.0008690409718967369,0.946790865196468,0.76692130909061,0.7669888079295624,0.767811378027561,0.0008690409718967369,0.946790865196468,0.831757813805094,0.8506484550819045,0.8117824398520515,0.015136808464361834,0.933326351919055,0.737256888572184,0.7494220693809909,0.8117824398520515,0.015136808464361834,0.933326351919055,0,33252,1,0.9015012254901961
164,0.001783395068509979,0.000930552268241366,0.00025485657100867575,108.0,0.9309093214563091,0.9275606699469862,0.9282224686983053,0.7664963495568674,0.0007984139898807697,0.9465455771931417,0.7657713903302559,0.765818181737644,0.7664963495568674,0.0007984139898807697,0.9465455771931417,0.8305293723511143,0.8491238361875642,0.8116193721676801,0.014709651337034259,0.9337606533149265,0.7377959507154633,0.7496853378212773,0.8116193721676801,0.014709651337034259,0.9337606533149265,0,33456,0,0.9017310049019608
165,0.0017834710158115509,0.0009339858644876497,0.0002546017144376671,121.0,0.9311787735176175,0.9277803842392758,0.9284297428376151,0.7685748893871495,0.0007780367055773057,0.9470135537863338,0.7677260623921891,0.7677822122416501,0.7685748893871495,0.0007780367055773057,0.9470135537863338,0.8267915108626059,0.8452893712825996,0.8136044745014528,0.014783026962121398,0.9340286532245087,0.7393914115099514,0.7515069114302275,0.8136044745014528,0.014783026962121398,0.9340286532245087,0,33660,0,0.9014246323529411
166,0.0017778472318633587,0.0009364730450117095,0.00025434711272322944,127.5,0.9312104737601242,0.9278938116663922,0.928530106820311,0.7689985777672008,0.0008523506756772556,0.9471271701067614,0.7682312666634409,0.7682781834690435,0.7689985777672008,0.0008523506756772556,0.9471271701067614,0.8229351450789475,0.8415076832472769,0.8142780975843275,0.014823954440246014,0.9341693666691623,0.7399842574814558,0.752140742273516,0.8142780975843275,0.014823954440246014,0.9341693666691623,0,33864,1,0.9005821078431373
167,0.001781166196736854,0.0009326510234056693,0.00025409276561050623,117.3,0.9306927031325123,0.9273421132602954,0.9280334566157978,0.7741852186807979,0.0008852162370167684,0.9482613214824968,0.7732215145928829,0.7732909482996057,0.7741852186807979,0.0008852162370167684,0.9482613214824968,0.830583897502079,0.8496328994009767,0.8187907787510003,0.015203961101690228,0.9345318572755179,0.7433123792522924,0.7557765623464227,0.8187907787510003,0.015203961101690228,0.9345318572755179,0,34068,0,0.8972886029411765
168,0.0017799910525426123,0.0009371699397695634,0.00025383867284489573,114.5,0.9312685908713868,0.9280681260448679,0.9287845392284994,0.7690611068113683,0.0007502023556317263,0.9472077578030428,0.7683202036519379,0.7683634086703892,0.7690611068113683,0.0007502023556317263,0.9472077578030428,0.8258158651852504,0.8440922614125957,0.8152479380008804,0.014524328186763809,0.9345059249512221,0.7403958130293278,0.7521585820456133,0.8152479380008804,0.014524328186763809,0.9345059249512221,0,34272,1,0.8975949754901961
169,0.0017801834197313177,0.0009268808045041166,0.00025358483417205083,97.6,0.9312950077401425,0.928094752976389,0.9287652220464913,0.7651189008513694,0.0007292648615416338,0.9464402131581741,0.7643104314123866,0.7643685718092661,0.7651189008513694,0.0007292648615416338,0.9464402131581741,0.8301389282445331,0.8489165547244191,0.8101255532150958,0.014714515879948488,0.9335161145709518,0.7359643485525464,0.7480280032938464,0.8101255532150958,0.014714515879948488,0.9335161145709518,0,34476,1,0.8997395833333334
170,0.0017753975613124888,0.0009280561045048988,0.00025333124933787877,96.1,0.9317229610139851,0.9284587384159619,0.9291441212334085,0.7728580183249412,0.0008386677289032223,0.9479337541499396,0.7720358356679486,0.7720813688561201,0.7728580183249412,0.0008386677289032223,0.9479337541499396,0.8232224441399802,0.8418640270537342,0.8185662945426104,0.014844371259736531,0.9345472832519824,0.7423306885550467,0.754292751134029,0.8185662945426104,0.014844371259736531,0.9345472832519824,0,34680,1,0.9019607843137255
171,0.0017795992008519963,0.0009317508966151839,0.0002530779180885409,93.2,0.9312263238813777,0.9277993846809008,0.9284978565975099,0.7593864129947553,0.0006867689627868976,0.9452855215456416,0.7586808356376031,0.7587369854870643,0.7593864129947553,0.0006867689627868976,0.9452855215456416,0.8290752630613673,0.84724104765781,0.8044671214344079,0.014461252911474015,0.9330012683664831,0.7323518102582982,0.7440823688856185,0.8044671214344079,0.014461252911474015,0.9330012683664831,0,34884,0,0.9010416666666666
172,0.0017741245905841317,0.0009191805751269561,0.0002528248401704523,98.8,0.93160672679146,0.9282622147627554,0.9289510098073473,0.7715419597115878,0.0009123391168209552,0.9478792453744505,0.7707153007732988,0.7707714506227598,0.7715419597115878,0.0009123391168209552,0.9478792453744505,0.8249129342944237,0.843868121173539,0.8160623552565139,0.015257681396933223,0.9341048627125089,0.7407782544749809,0.7530971840498943,0.8160623552565139,0.015257681396933223,0.9341048627125089,0,35088,0,0.8983609068627451
173,0.001771103583308229,0.0009348546467771389,0.00025257201533028186,94.9,0.9315855932964554,0.9283203363204607,0.9289869912655518,0.7597153606023733,0.0008081989088900855,0.9450466346400436,0.7589393783716543,0.7589955282211154,0.7597153606023733,0.0008081989088900855,0.9450466346400436,0.8286607505228977,0.8477990564518827,0.8052604091093473,0.014457306427770392,0.9329191446355306,0.7325169798311628,0.7446148227411558,0.8052604091093473,0.014457306427770392,0.9329191446355306,0,35292,0,0.8998927696078431
174,0.0017758436049060786,0.0009260112095627669,0.00025231944331495157,103.5,0.9320346800653025,0.9288081978836139,0.9294815818306894,0.772316660352148,0.000802911039266183,0.9479417714145559,0.7715064793885714,0.771552012576743,0.772316660352148,0.000802911039266183,0.9479417714145559,0.8196710972135485,0.8381010308298785,0.8175596643016549,0.01489096090601074,0.934422973207352,0.7413421030973043,0.7530889381830985,0.8175596643016549,0.01489096090601074,0.934422973207352,0,35496,1,0.8982843137254902
175,0.0017774357487831045,0.0009435048364419213,0.0002520671238716366,99.3,0.9313161412351472,0.9280995486032491,0.9287982634556631,0.7701021398673112,0.0009149449927319745,0.9476389912175568,0.7692435138140642,0.7693053103184467,0.7701021398673112,0.0009149449927319745,0.9476389912175568,0.8205659701257518,0.8404029635700937,0.8130668019872265,0.015676592571561496,0.9331552375922434,0.737469001829227,0.7500769916142395,0.8130668019872265,0.015676592571561496,0.9331552375922434,0,35700,0,0.8997395833333334
176,0.001771971730026873,0.0009375809874255091,0.000251815056747765,99.2,0.9314323754576722,0.9281017671036779,0.9287595783381265,0.7766810004051808,0.0008440841395466656,0.9489558572637273,0.7758290686713936,0.7758852185208546,0.7766810004051808,0.0008440841395466656,0.9489558572637273,0.830448988707213,0.8494924951506556,0.8211209205689607,0.015335171329642473,0.9347153353171324,0.7444619313572944,0.7568893366466672,0.8211209205689607,0.015335171329642473,0.9347153353171324,0,35904,0,0.9008118872549019
177,0.0017756018313971878,0.0009224042030396889,0.0002515632416910172,94.1,0.9322460150153482,0.9290337898768241,0.9297048944383812,0.7909090718592082,0.0009612018555575613,0.9520559927432514,0.789872875449512,0.7899346719538946,0.7909090718592082,0.0009612018555575613,0.9520559927432514,0.8259153261467881,0.8447864568008628,0.8346149801315745,0.016112019069469078,0.9361231259982987,0.7545241138664373,0.7671067132601719,0.8346149801315745,0.016112019069469078,0.9361231259982987,0,36108,1,0.8971354166666666
178,0.0017752127474237817,0.0009152063726810363,0.00025131167844932617,99.8,0.9320241133178002,0.9288618767272898,0.9295345464868461,0.7711844591973681,0.0008401272263889594,0.9476659707496728,0.770395351725381,0.7704515015748421,0.7711844591973681,0.0008401272263889594,0.9476659707496728,0.8260476162045723,0.8451940305018711,0.8164868024637905,0.014871106463094629,0.9344126142007376,0.7412546438570399,0.7533965061995707,0.8164868024637905,0.014871106463094629,0.9344126142007376,0,36312,0,0.9037224264705882
179,0.001771488020940702,0.0009302183665135469,0.00025106036677087685,99.9,0.9315221928114417,0.9281926822762239,0.9288652457640244,0.7700055775445994,0.0007856554542534243,0.9473640248600023,0.7691521043332206,0.7692101890504519,0.7700055775445994,0.0007856554542534243,0.9473640248600023,0.8310227767820909,0.8500032759773014,0.8155623833558299,0.014671026367087872,0.9344401427443031,0.7406741507584508,0.7528136648426079,0.8155623833558299,0.014671026367087872,0.9344401427443031,0,36516,0,0.895297181372549
180,0.001767039308141844,0.0009290583692419377,0.000250809306404106,94.7,0.9317493778827408,0.9284503927290219,0.9290900752131496,0.7758581839634122,0.0008724058809183683,0.9487333299096831,0.7749569454405094,0.7750038622461121,0.7758581839634122,0.0008724058809183683,0.9487333299096831,0.8246028734828649,0.8433642312152837,0.8204122424237567,0.015293848608480907,0.934472372403382,0.7432273533648177,0.7550487078204745,0.8204122424237567,0.015293848608480907,0.934472372403382,0,36720,0,0.8972886029411765
181,0.001770861254543906,0.000919484234916248,0.0002505584970977019,101.9,0.9322354482678459,0.9290571650711364,0.9297674076543925,0.7750271065113873,0.0008751824641844264,0.948503313785847,0.7741873289683655,0.7742509023921291,0.7750271065113873,0.0008751824641844264,0.948503313785847,0.8202305581137371,0.8387030491676477,0.8195835927287117,0.015210272151314262,0.9345912738903923,0.7435517772851742,0.7557382364796996,0.8195835927287117,0.015210272151314262,0.9345912738903923,0,36924,0,0.9024203431372549
182,0.0017683925683491444,0.0009163509303551403,0.00025030793860060415,102.2,0.9320505301865559,0.9287344439467796,0.929441623449853,0.7744611636550088,0.0008051766353004578,0.9483490671403446,0.773654802953122,0.7736911030974352,0.7744611636550088,0.0008051766353004578,0.9483490671403446,0.8286059509988418,0.8473042345345797,0.8199561339670471,0.014860306517194112,0.9350516141645865,0.7445552646219065,0.7563179946795863,0.8199561339670471,0.014860306517194112,0.9350516141645865,0,37128,0,0.9008884803921569
183,0.0017741504005457768,0.0009182035004348848,0.00025005763066200356,106.8,0.931754661256492,0.9284818805972737,0.9290909350774738,0.7794458967249439,0.00088445588554382,0.949399525352816,0.778515375223349,0.7785752368599613,0.7794458967249439,0.00088445588554382,0.949399525352816,0.8290064461400043,0.8479686318019511,0.8238586418634007,0.015440013402086788,0.9348567309517276,0.746055230678864,0.758372043540394,0.8238586418634007,0.015440013402086788,0.9348567309517276,0,37332,0,0.9018075980392157
184,0.0017645549886248202,0.0009229051728963738,0.00024980757303134156,105.3,0.9322935653791085,0.9290669380085786,0.9297472745082398,0.7773332785080872,0.0008515992988781506,0.9489536068402364,0.7765239588402334,0.776560133586332,0.7773332785080872,0.0008515992988781506,0.9489536068402364,0.826967208145794,0.8451987756063061,0.8227633783402161,0.015007848388599384,0.9352768005582118,0.7463943959900665,0.7582312410765829,0.8227633783402161,0.015007848388599384,0.9352768005582118,0,37536,1,0.9005055147058824
185,0.001767556094587324,0.0009165895474860108,0.0002495577654583102,104.5,0.9324362164703893,0.9291629492941003,0.9297846697079009,0.7684519054021914,0.0007950692832634699,0.9470614864538817,0.7676741806145069,0.7677210974201095,0.7684519054021914,0.0007950692832634699,0.9470614864538817,0.8272241440276851,0.8458133402172214,0.8130743050386754,0.014973838725072852,0.9335075693372066,0.737529713806425,0.7495455095459475,0.8130743050386754,0.014973838725072852,0.9335075693372066,0,37740,1,0.8958333333333334
186,0.0017692569669509562,0.0009155438704775288,0.0002493082076928519,109.5,0.9323675326116245,0.9290308705394122,0.9296866933576065,0.779993849127046,0.0008061990004304178,0.9496846627055703,0.779160104923172,0.7792219014275545,0.779993849127046,0.0008061990004304178,0.9496846627055703,0.8273335828807763,0.845561430974804,0.8249527567008377,0.015267931436836819,0.9355313761874203,0.7485756807508077,0.7606862096495329,0.8249527567008377,0.015267931436836819,0.9355313761874203,0,37944,0,0.9012714460784313
187,0.0017626560144765558,0.0009122790984147981,0.00024905889948515907,99.5,0.932314698874113,0.9289508878952202,0.9295573999445018,0.7746746542081243,0.0008229805978378868,0.9484225583073834,0.7738867750707419,0.7739357521423295,0.7746746542081243,0.0008229805978378868,0.9484225583073834,0.8282946386448032,0.8470206749507744,0.8193647988106013,0.015092564744673909,0.9346324674311056,0.7434026556787662,0.755638426778983,0.8193647988106013,0.015092564744673909,0.9346324674311056,0,38148,0,0.8969056372549019
188,0.0017659648215425585,0.0009154487010446227,0.00024880984058567394,101.7,0.9320610969340583,0.9287173083910261,0.9293474573970875,0.7667457052688675,0.000830324085745109,0.9467569195245945,0.7660091038551377,0.7660616673156619,0.7667457052688675,0.000830324085745109,0.9467569195245945,0.8260505435406761,0.8451466611122593,0.8110622769435815,0.015051231566891345,0.9330293327927163,0.7349188654062428,0.7469142898193809,0.8110622769435815,0.015051231566891345,0.9330293327927163,0,38352,0,0.8983609068627451
189,0.0017611975553354212,0.0009088589621185287,0.0002485610307450883,102.1,0.9326686849154396,0.9294583248538272,0.9301064120247755,0.7666914584945291,0.0007638243720976528,0.9467191830763478,0.7659311021536497,0.765983665614174,0.7666914584945291,0.0007638243720976528,0.9467191830763478,0.8248287505335674,0.8434951378279202,0.8117884830446664,0.014718101203683347,0.9336364604069013,0.7368382407386608,0.7488189527812504,0.8117884830446664,0.014718101203683347,0.9336364604069013,0,38556,1,0.8947610294117647
190,0.0017594679112673975,0.000926710707630449,0.0002483124697143432,92.6,0.9323411157428688,0.9292163343941754,0.9298964325936202,0.7760547186374548,0.0007667050072949553,0.9487339961428973,0.7751945742017091,0.7752344354316912,0.7760547186374548,0.0007667050072949553,0.9487339961428973,0.8226252964248293,0.840449399681646,0.8206480794668518,0.015129367609993958,0.9344971436587932,0.7431258856818773,0.7548980325743316,0.8206480794668518,0.015129367609993958,0.9344971436587932,0,38760,0,0.8999693627450981
191,0.0017663895748281741,0.0009199360572394862,0.0002480641572446289,100.5,0.9325788675616702,0.9293860378743044,0.9300707261367721,0.7749181460220029,0.0009828612861976103,0.9484864383994681,0.7740526945534946,0.7741144910578772,0.7749181460220029,0.0009828612861976103,0.9484864383994681,0.8321839536039002,0.8511803073545094,0.8187890651828036,0.015494414519168213,0.9342140500626213,0.7424174759314277,0.7550617212714226,0.8187890651828036,0.015494414519168213,0.9342140500626213,0,38964,0,0.9017310049019608
192,0.001765178947357972,0.0009230881187713343,0.00024781609308738425,102.7,0.9315010593164371,0.9283135128363722,0.9289336994860385,0.7731594383263605,0.0008537093863302668,0.9480480294966228,0.7723652683615472,0.772405154894797,0.7731594383263605,0.0008537093863302668,0.9480480294966228,0.8246771593296519,0.8439939326233609,0.8181714363593906,0.015013386615162235,0.9345556094911813,0.7429158965278845,0.7550187672414812,0.8181714363593906,0.015013386615162235,0.9345556094911813,0,39168,0,0.8992800245098039
193,0.001762408727789115,0.000908324525977293,0.00024756827699429684,101.2,0.9325788675616702,0.9294834232293065,0.9301053876849951,0.7680487408338283,0.0007783276281235722,0.9471028198131846,0.7673834357914218,0.7674233223246716,0.7680487408338283,0.0007783276281235722,0.9471028198131846,0.8227295838326747,0.8414756159515173,0.8132527967736273,0.014789585244134804,0.9340305732184757,0.738966386451903,0.7507640369481086,0.8132527967736273,0.014789585244134804,0.9340305732184757,0,39372,0,0.8977481617647058
194,0.0017617989346321089,0.0009099018425640409,0.00024732070871730255,84.3,0.9330702213205264,0.9299459112820061,0.9306364036914726,0.762619376601707,0.0007174545447976832,0.9457123407137719,0.7619766105583357,0.7620235273639384,0.762619376601707,0.0007174545447976832,0.9457123407137719,0.8234627649270038,0.8418599625692301,0.8085921501509243,0.014302723709469431,0.9334192248590402,0.7347268997445832,0.7466083904219929,0.8085921501509243,0.014302723709469431,0.9334192248590402,0,39576,1,0.901577818627451
195,0.001762533342401844,0.0009092932807431396,0.0002470733880085852,103.8,0.9328219027542227,0.9296025619070533,0.9302537868074329,0.7733419126395012,0.0008673478772472486,0.9482711488171306,0.7725223363364716,0.7725692531420744,0.7733419126395012,0.0008673478772472486,0.9482711488171306,0.8248977122894273,0.8440794985260386,0.817885215359507,0.015233790744075944,0.9342176136085671,0.7413896106632459,0.7534038122183327,0.817885215359507,0.015233790744075944,0.9342176136085671,0,39780,0,0.9001225490196079
196,0.0017581312025796768,0.0009269540356889846,0.0002468263146205766,104.3,0.9322829986316062,0.9290488969486003,0.9297670703613459,0.7725926305323967,0.0007196984927132045,0.9481010473955251,0.771853280692848,0.7718953446943356,0.7725926305323967,0.0007196984927132045,0.9481010473955251,0.8247002008090962,0.8428857054837124,0.8177753382615152,0.014868481123533282,0.9347275136338623,0.742805516336167,0.754721316895003,0.8177753382615152,0.014868481123533282,0.9347275136338623,0,39984,0,0.9030330882352942
197,0.0017577977839619945,0.0009209276377039294,0.000246579488305956,97.4,0.9331124883105356,0.930005824667735,0.9306463179218968,0.794606782540101,0.0010462313688055285,0.9526879265446235,0.7935653490958787,0.7936158522904181,0.794606782540101,0.0010462313688055285,0.9526879265446235,0.8233550063426083,0.8421765403693305,0.8382372818388428,0.016259824962274436,0.9362781881928428,0.7563599058638402,0.7688217890602473,0.8382372818388428,0.016259824962274436,0.9362781881928428,0,40188,1,0.9013480392156863
198,0.0017628572977093212,0.0009151748886701182,0.0002463329088176501,96.3,0.9333977904930972,0.9303042115741127,0.9309523198087352,0.7669153772025509,0.0007994427201406023,0.9466737236815661,0.7660897720268177,0.7661390170021405,0.7669153772025509,0.0007994427201406023,0.9466737236815661,0.8234382124266535,0.8422505786200195,0.8121367627719794,0.014723286055878889,0.9337363308786362,0.7376176357923259,0.7495828467615461,0.8121367627719794,0.014723286055878889,0.9337363308786362,0,40392,1,0.8962162990196079
199,0.0017616039869037695,0.0009109784723767435,0.0002460865759088324,100.3,0.9323463991166199,0.9292193245666959,0.9298770154987468,0.7661652246446391,0.0007473470238476555,0.9464054654987638,0.7654512423480904,0.7654946899670091,0.7661652246446391,0.0007473470238476555,0.9464054654987638,0.8267290261245616,0.8458696688099312,0.8115902777347219,0.01446863651884132,0.9339310995868271,0.7380701151668758,0.7496872854029035,0.8115902777347219,0.01446863651884132,0.9339310995868271,0,40596,0,0.9005821078431373
200,0.0017613313302361204,0.0009037595419881761,0.00024584048933292356,99.2,0.9335562917056316,0.9305293017545052,0.9312274496513235,0.7713286764937161,0.0007939523441923697,0.9477058574467366,0.7705357756632314,0.7705742532757823,0.7713286764937161,0.0007939523441923697,0.9477058574467366,0.8166598555196127,0.834643970962073,0.8163434022744499,0.014892840940693059,0.9341446210922371,0.7401347238515988,0.7517244008979203,0.8163434022744499,0.014892840940693059,0.9341446210922371,0,40800,1,0.8962162990196079
201,0.0017563533619977534,0.0009077562882704364,0.00024559464884359064,97.8,0.9332921230180744,0.930095312563697,0.9307441140099835,0.7697152516580655,0.0007761609334204113,0.94739403718175,0.7690099323385658,0.7690624957990901,0.7697152516580655,0.0007761609334204113,0.94739403718175,0.8268194275542599,0.8454787442337004,0.8144309316459694,0.014927369510934674,0.9339722477235288,0.7393570626219514,0.7512246829795661,0.8144309316459694,0.014927369510934674,0.9339722477235288,0,41004,0,0.8972886029411765
202,0.001754976372467354,0.0009114581826576743,0.00024534905419474706,97.2,0.9334136406143507,0.9301512294580817,0.9307445277564889,0.7628564874185878,0.0007178479660336235,0.9459508482855437,0.7622120110354247,0.7622596044895811,0.7628564874185878,0.0007178479660336235,0.9459508482855437,0.8273011677215955,0.8458989632280284,0.8076633209614519,0.014646291348033313,0.9330772148301147,0.7337262184840256,0.7454262919171644,0.8076633209614519,0.014646291348033313,0.9330772148301147,0,41208,0,0.8982077205882353
203,0.0017559572057935463,0.0009100806053658412,0.0002451037051405523,96.8,0.9335351582106269,0.9304480894793211,0.9310681232620155,0.7728616350928178,0.0008401876617215076,0.9478901851850994,0.7721081403812704,0.7721549317886587,0.7728616350928178,0.0008401876617215076,0.9478901851850994,0.8244731456029278,0.8431150665186561,0.8176850370834979,0.01505551526793274,0.9340628957340622,0.7409407946688171,0.7529876759554485,0.8176850370834979,0.01505551526793274,0.9340628957340622,0,41412,0,0.8985140931372549
204,0.0017542291242017539,0.0009089859640668196,0.00024485860143541176,98.8,0.9335827085743873,0.9304807010130339,0.9310902876141106,0.785324646720576,0.0008866831338700472,0.9508529327216525,0.784433255078035,0.7844951769806321,0.785324646720576,0.0008866831338700472,0.9508529327216525,0.8226951787637329,0.8414844263433426,0.8296099331988889,0.015637914138264167,0.9355909752055058,0.7499917073510928,0.7621921145942793,0.8296099331988889,0.015637914138264167,0.9355909752055058,0,41616,1,0.8995863970588235
205,0.0017579474923538738,0.0009064649636713855,0.0002446137428339764,99.0,0.933202305664305,0.9301264714832764,0.9307104317171611,0.7773388471744584,0.0008700395908443003,0.949063740605482,0.7765373995931636,0.7765956097086095,0.7773388471744584,0.0008700395908443003,0.949063740605482,0.8257719472292987,0.8447028643433196,0.8222959106550304,0.015222770187317103,0.9351051173002436,0.746059012604997,0.7581755871952992,0.8222959106550304,0.015222770187317103,0.9351051173002436,0,41820,0,0.9025735294117647
206,0.0017521224571300635,0.0009169837605379198,0.0002443691290911424,97.5,0.9323886661066291,0.9292794691740086,0.929994483516999,0.772221881297248,0.0007893824706611734,0.9478164108911543,0.7714296258338436,0.7714714472348638,0.772221881297248,0.0007893824706611734,0.9478164108911543,0.8177901243654628,0.8358799712569783,0.8174347904698781,0.014823732890565395,0.934579862487686,0.7423674662553786,0.7542163222460893,0.8174347904698781,0.014823732890565395,0.934579862487686,0,42024,0,0.8965226715686274
207,0.0017513682313637772,0.0009144623122926191,0.00024412475996205124,93.6,0.9332234391593096,0.9300284412495615,0.9306940175281426,0.7794772697600121,0.0009380185673095344,0.949260477568297,0.7785912919201821,0.7786417951147214,0.7794772697600121,0.0009380185673095344,0.949260477568297,0.8234990250097206,0.842365388153746,0.8243381075605966,0.01528141519690944,0.9350719903786882,0.746917904652636,0.7589777323556555,0.8243381075605966,0.01528141519690944,0.9350719903786882,0,42228,0,0.9024969362745098
208,0.0017533571420547862,0.0009062165289874053,0.0002438806352020892,114.5,0.9330490878255219,0.929860209985139,0.9304625273430761,0.7786135044049097,0.0008080048044572403,0.94931799882891,0.7778076274504385,0.7778581306449779,0.7786135044049097,0.0008080048044572403,0.94931799882891,0.8280977995035154,0.8469926355822545,0.8234659912662486,0.015178110689416033,0.9351106009991362,0.7461473791888861,0.7582931721807381,0.8234659912662486,0.015178110689416033,0.9351106009991362,0,42432,0,0.8985140931372549
209,0.0017497467479723342,0.0009064232904773953,0.00024363675456688712,97.0,0.9330596545730242,0.9299091902466359,0.9305389177961684,0.7736514880902857,0.00080570979274204,0.9482813743075086,0.7729178744459766,0.77297632716189,0.7736514880902857,0.00080570979274204,0.9482813743075086,0.8291584946954013,0.8483376034122699,0.8194421980624846,0.014848346407931154,0.9349790183213256,0.7439292969683384,0.7558569278381218,0.8194421980624846,0.014848346407931154,0.9349790183213256,0,42636,0,0.8975949754901961
210,0.0017553897935203185,0.0009133316991534855,0.00024339311781232023,98.6,0.9338680107569489,0.9307903344554911,0.9314360124649996,0.7646487599056798,0.0007713003618196596,0.9461565866503738,0.7638854201269581,0.7639276095266604,0.7646487599056798,0.0007713003618196596,0.9461565866503738,0.820139312498761,0.838694710808809,0.8093854051196414,0.014779964348533365,0.9330787981280307,0.7347575943173579,0.7461394622270392,0.8093854051196414,0.014779964348533365,0.9330787981280307,0,42840,1,0.8965992647058824
211,0.0017499139802941285,0.0009003675979267482,0.00024314972469450792,98.4,0.9339948117269764,0.9307141860963297,0.9313285533757394,0.7852676230794858,0.0009831726859428447,0.9508615922501907,0.7844158225738211,0.7844683860343454,0.7852676230794858,0.0009831726859428447,0.9508615922501907,0.8241255811288724,0.8429265196712596,0.8288951393390636,0.015982026576423315,0.9352123689517852,0.7494749841835276,0.7620708259571382,0.8288951393390636,0.015982026576423315,0.9352123689517852,0,43044,1,0.9002757352941176
212,0.0017511278816599253,0.0009043486901638523,0.00024290657496981341,93.2,0.9335668584531338,0.930293740928688,0.9309260238950341,0.7721259686234048,0.0008039012335851497,0.9479606247369237,0.7713655896300884,0.7714054761633383,0.7721259686234048,0.0008039012335851497,0.9479606247369237,0.8209105477175973,0.8394826186175289,0.8171530090243054,0.014941187569303049,0.9343907509807634,0.741418488275441,0.7534280786381734,0.8171530090243054,0.014941187569303049,0.9343907509807634,0,43248,0,0.8962162990196079
213,0.0017580012357154605,0.0008921853861153114,0.0002426636683948436,108.4,0.9339948117269764,0.9309729356080451,0.931632635383605,0.7751439478770024,0.0008297808900490216,0.9485725992548997,0.7743683505159811,0.7744160611723905,0.7751439478770024,0.0008297808900490216,0.9485725992548997,0.823968528584777,0.8428078154681138,0.8200238644763784,0.015124990083027496,0.9344724328959574,0.742681240766188,0.7549522320701537,0.8200238644763784,0.015124990083027496,0.9344724328959574,0,43452,1,0.9013480392156863
214,0.00174946802572402,0.0009111176229343055,0.00024242100472644877,110.3,0.9331230550580378,0.9299154921897088,0.9305318493733391,0.7799824136511586,0.0008656462948023597,0.9496930169267308,0.7791795785633954,0.7792357284128563,0.7799824136511586,0.0008656462948023597,0.9496930169267308,0.8237638777197095,0.8426971283982984,0.8244132584969094,0.015447406831338656,0.9348895121308887,0.7458532521115064,0.7581496086671091,0.8244132584969094,0.015447406831338656,0.9348895121308887,0,43656,0,0.9022671568627451
215,0.001751018635011004,0.0009109469454824745,0.0002421785837217223,104.3,0.9336513924331521,0.9305798475294718,0.9312061162857125,0.7852851673090613,0.0009558524231415972,0.9507274198989835,0.7843905609357178,0.7844340085546365,0.7852851673090613,0.0009558524231415972,0.9507274198989835,0.8199164786850356,0.8386580361689726,0.8300727126314532,0.01555953355208933,0.9359110135045319,0.7516375818092718,0.7637703405744916,0.8300727126314532,0.01555953355208933,0.9359110135045319,0,43860,0,0.8995863970588235
216,0.0017495807237448353,0.0009078292547556574,0.0002419364051380006,106.5,0.9341216126970038,0.9309333985660532,0.931604198406617,0.7774068767025221,0.0009069110973862302,0.9489497715057736,0.7765188635418959,0.7765770736573419,0.7774068767025221,0.0009069110973862302,0.9489497715057736,0.8219519995108344,0.840522358373542,0.8220397308478522,0.015328044755895632,0.9346273277264947,0.7445430916384483,0.7566076341819036,0.8220397308478522,0.015328044755895632,0.9346273277264947,0,44064,1,0.8947610294117647
217,0.0017493180262938362,0.0008984976562742053,0.0002416944687328626,99.7,0.9338627273831979,0.930675091401869,0.9312521682827858,0.7821343967793037,0.0008801080843403641,0.9501281660050898,0.781341008706217,0.7813901029800573,0.7821343967793037,0.0008801080843403641,0.9501281660050898,0.8275889636180299,0.8462934214083706,0.8265692708579712,0.015524038977999827,0.9354125735835079,0.748849319064358,0.7609708148252083,0.8265692708579712,0.015524038977999827,0.9354125735835079,0,44268,0,0.8943780637254902
218,0.0017463686766431613,0.0009077710382276533,0.00024145277426412972,99.5,0.934169163060764,0.9312346536322615,0.9318718257967634,0.7784965636980842,0.0009629253590491108,0.9491721000135813,0.777621043966595,0.7776701382404354,0.7784965636980842,0.0009629253590491108,0.9491721000135813,0.8154043684413684,0.8342953935236692,0.8222180563114488,0.015656750537316907,0.9341927135576517,0.7435867907588687,0.7556860544772003,0.8222180563114488,0.015656750537316907,0.9341927135576517,0,44472,1,0.9012714460784313
219,0.0017510155197598186,0.000895561408002504,0.0002412113214898656,92.1,0.9335457249581293,0.9304532506984656,0.9311364800291361,0.7783190187985138,0.0008158813756364734,0.9493012465364508,0.777515596127319,0.7775625129329217,0.7783190187985138,0.0008158813756364734,0.9493012465364508,0.8224699957286129,0.8408100205663096,0.822441187338525,0.015381394111599191,0.934636623885204,0.7445233013181968,0.7565540547855248,0.822441187338525,0.015381394111599191,0.934636623885204,0,44676,0,0.8987438725490197
220,0.0017424628689802963,0.000896051875392846,0.00024097011016837572,96.5,0.9340053784744786,0.9309362435878759,0.9315975701787149,0.7809057648865436,0.0008565722878767782,0.9498356167383396,0.780164232241611,0.7801970631992404,0.7809057648865436,0.0008565722878767782,0.9498356167383396,0.8275600333926466,0.8466229047777117,0.826053062341193,0.015257634539464774,0.9356190314087766,0.7488222416684855,0.7608151281204125,0.826053062341193,0.015257634539464774,0.9356190314087766,0,44880,0,0.8990502450980392
221,0.0017430949733619962,0.0008924111394612553,0.00024072914005820735,97.8,0.9341955799295198,0.9311734159276135,0.9318006043490998,0.7717307617365381,0.0007630745678525674,0.9477499995494649,0.7709528419491269,0.7709927031791091,0.7717307617365381,0.0007630745678525674,0.9477499995494649,0.8254284875638446,0.8443531101017895,0.8168318441822009,0.014892239975566855,0.9341552255152914,0.740585202153731,0.7522996000132368,0.8168318441822009,0.014892239975566855,0.9341552255152914,0,45084,1,0.8973651960784313
222,0.0017445236027889028,0.0008970752836301707,0.00024048841091814914,99.0,0.9347767510421455,0.9317065326464146,0.9323460578511875,0.7784516961725658,0.0008768408553299499,0.9492767432754833,0.7776240082325452,0.7776604255791112,0.7784516961725658,0.0008768408553299499,0.9492767432754833,0.8224504346120635,0.8408195446918718,0.8235060395683057,0.015228029011460868,0.9350817346296555,0.7460689897158781,0.7580205636354327,0.8235060395683057,0.015228029011460868,0.9350817346296555,0,45288,1,0.8984375
223,0.001743693925627489,0.000898106458156682,0.000240247922507231,98.5,0.9340106618482298,0.9309055839952115,0.9314900324612421,0.774003680397732,0.0007304897458844133,0.9483306909898558,0.7732661220751357,0.7732952412456137,0.774003680397732,0.0007304897458844133,0.9483306909898558,0.8282072788606168,0.8465616236616083,0.8193461345096912,0.014809431493971063,0.9347961201474866,0.7432286252170806,0.7545350567290547,0.8193461345096912,0.014809431493971063,0.9347961201474866,0,45492,0,0.9016544117647058
224,0.001744337448982668,0.0009099165440457695,0.00024000767458472376,96.2,0.9340106618482298,0.9308947601017539,0.9315204788699369,0.7724838674061931,0.0007405952874284322,0.948056563015408,0.7716574698377143,0.7717229781292484,0.7724838674061931,0.0007405952874284322,0.948056563015408,0.8218114702846416,0.840519159322659,0.8174293532632965,0.014959140000544682,0.9344373936771941,0.7419054808334277,0.7538686602299728,0.8174293532632965,0.014959140000544682,0.9344373936771941,0,45696,0,0.8994332107843137
225,0.0017420394693081285,0.0008937558816694466,0.00023976766691013903,96.8,0.9340053784744786,0.9309538963883619,0.9315773520879391,0.7813701889632123,0.0008197284451161325,0.9500264932066338,0.7805601852088601,0.780610813801614,0.7813701889632123,0.0008197284451161325,0.9500264932066338,0.826817690532115,0.8454994049497073,0.8258409825465851,0.01545731336343053,0.9353677361651332,0.7484223465687719,0.760557071491638,0.8258409825465851,0.01545731336343053,0.9353677361651332,0,45900,0,0.8970588235294118
226,0.0017479237342508985,0.0008943616172828714,0.00023952789924322888,94.8,0.9343223808995472,0.9312965961053757,0.9319668143341846,0.7828189012890567,0.0008920087347921157,0.9502011389677696,0.7819974084194012,0.7820372949526513,0.7828189012890567,0.0008920087347921157,0.9502011389677696,0.8154921583343602,0.8336417893514423,0.8272249647574488,0.015533624716129945,0.9352617451416149,0.7485337902846142,0.7605487698999096,0.8272249647574488,0.015533624716129945,0.9352617451416149,0,46104,0,0.8985140931372549
227,0.0017428801528534248,0.0008956085471862744,0.00023928837134398566,96.2,0.9342484136670313,0.9311041363856283,0.9316786169349939,0.7712809065222492,0.0007517301499426837,0.9476656711918572,0.7705728231834686,0.7706127097167185,0.7712809065222492,0.0007517301499426837,0.9476656711918572,0.8257893523109735,0.8446628016107345,0.8167307921661523,0.014726048541600418,0.9345520189873002,0.7417725203958018,0.7536621776551633,0.8167307921661523,0.014726048541600418,0.9345520189873002,0,46308,0,0.8961397058823529
228,0.001743875715000482,0.0008920383419161326,0.00023904908297264166,99.3,0.9345971163346066,0.9314897457875759,0.9321078961948553,0.7789872278034247,0.0007883167289295443,0.9494940315401059,0.7782327478744389,0.7782653362316008,0.7789872278034247,0.0007883167289295443,0.9494940315401059,0.8257734973595505,0.8450349472231243,0.8236563846997488,0.015285747811744408,0.935087136251998,0.746306970032904,0.7585908747809229,0.8236563846997488,0.015285747811744408,0.935087136251998,0,46512,0,0.9018841911764706
229,0.0017466084168785635,0.0008960256245565125,0.000238810033889669,90.6,0.9341585963132618,0.9309374083911258,0.9315246492254667,0.779843434938137,0.0008797841599518988,0.9495446620538109,0.7789495821020967,0.7790021455626213,0.779843434938137,0.0008797841599518988,0.9495446620538109,0.8230473139957636,0.8414496856938105,0.8237000539992008,0.01563335376597101,0.9344701887514808,0.7448976162834053,0.7571544408974225,0.8237000539992008,0.01563335376597101,0.9344701887514808,0,46716,0,0.9019607843137255
230,0.0017366962086217588,0.0008927516440047502,0.00023857122385577935,101.1,0.9346235332033623,0.9314755364042007,0.9320555694323421,0.7718208149902621,0.0007752833048384021,0.947875440599273,0.7710785030805202,0.7711110914376819,0.7718208149902621,0.0007752833048384021,0.947875440599273,0.8235077906105481,0.8419239042245785,0.8167659703561643,0.014932569532644685,0.9342374021868178,0.7408064983659352,0.752729494534342,0.8167659703561643,0.014932569532644685,0.9342374021868178,0,46920,0,0.8985140931372549
231,0.0017439918175987973,0.0008910764815140468,0.00023833265263192358,101.7,0.9349405356284309,0.9318183795281865,0.9325045424978442,0.7787103746684474,0.0008497103986352169,0.949253654460029,0.7778869595876808,0.7779231343337796,0.7787103746684474,0.0008497103986352169,0.949253654460029,0.8209412312796882,0.8391384342127087,0.822945509994704,0.015404933375400737,0.9344576719367951,0.7441570953124981,0.7562643803895662,0.822945509994704,0.015404933375400737,0.9344576719367951,0,47124,1,0.9034160539215687
232,0.0017416896150155249,0.000895963114502913,0.00023809431997929165,90.6,0.9345706994658509,0.931466719803824,0.9320885482581559,0.7778733417997836,0.0008347754079500481,0.9490932154551167,0.7771039632605442,0.7771367942181736,0.7778733417997836,0.0008347754079500481,0.9490932154551167,0.8268218536195285,0.8455949166860506,0.8220974380094276,0.015380950842059983,0.9346081649425466,0.7448267558557339,0.7567194795575193,0.8220974380094276,0.015380950842059983,0.9346081649425466,0,47328,0,0.8989736519607843
233,0.0017460639201625086,0.0008980950164275477,0.00023785622565931236,86.1,0.933836310514442,0.9308569604484356,0.9315306781942673,0.7809513915179348,0.0008835459339209068,0.950024647685368,0.7801590097290202,0.7802151595784813,0.7809513915179348,0.0008835459339209068,0.950024647685368,0.8284478432351949,0.8481535542360178,0.8247116726103663,0.01572728443690057,0.9347217103906912,0.7458504702175832,0.7586516535610905,0.8247116726103663,0.01572728443690057,0.9347217103906912,0,47532,0,0.8969822303921569
234,0.0017410261578191364,0.0008958080130689303,0.00023761836943365304,93.9,0.9348190180321546,0.9318489424741758,0.9324732980734103,0.7826798524626375,0.0008562465973622879,0.950260512622682,0.7819264124348134,0.7819592433924427,0.7826798524626375,0.0008562465973622879,0.950260512622682,0.8196204957127361,0.8380626248625851,0.8263644461956707,0.015701381570933648,0.9348620002040021,0.7469774024706063,0.7588370327982813,0.8263644461956707,0.015701381570933648,0.9348620002040021,0,47736,0,0.9019607843137255
235,0.0017456415859188007,0.0008951893921671118,0.00023738075106421937,106.5,0.9348137346584035,0.9316942293882685,0.9323386444731768,0.7740552209592324,0.0007066419550763759,0.9483284745377583,0.7733821916716935,0.7734184918160067,0.7740552209592324,0.0007066419550763759,0.9483284745377583,0.8132264585689055,0.8316175935777166,0.8183204525034917,0.015090348508447574,0.9339254458847709,0.7401661021071028,0.7521346431789068,0.8183204525034917,0.015090348508447574,0.9339254458847709,0,47940,0,0.9077052696078431
236,0.0017437567961785722,0.0008954389767150094,0.00023714337031315516,95.8,0.9342695471620358,0.9313513528163629,0.9320220145810236,0.7811699555978903,0.0008730443508575688,0.9498815584130598,0.7803861525667158,0.7804296001856345,0.7811699555978903,0.0008730443508575688,0.9498815584130598,0.8236412943956583,0.842310101471786,0.8253499680748769,0.015511132400632104,0.9349665632626005,0.7467695687638596,0.7590893378645845,0.8253499680748769,0.015511132400632104,0.9349665632626005,0,48144,0,0.9008118872549019
237,0.0017385358817181458,0.0008945318718486309,0.000236906226942842,97.1,0.9349405356284309,0.9319338566403473,0.9325479903374544,0.7779665981085058,0.0008556804713299744,0.9491353856398642,0.7771358643539864,0.7771757508872363,0.7779665981085058,0.0008556804713299744,0.9491353856398642,0.8221535739718759,0.8407596581940464,0.8224298291857433,0.01534373317288987,0.9346556228179148,0.7447211554406447,0.7566849222125257,0.8224298291857433,0.01534373317288987,0.9346556228179148,0,48348,0,0.9027267156862745
238,0.0017391052975903685,0.0008892212940359957,0.00023666932071589916,97.5,0.935759458559858,0.9327876148515669,0.9333791661895389,0.775276950809495,0.0008227410126293045,0.9485665069173306,0.7745803734801798,0.7746166736244932,0.775276950809495,0.0008227410126293045,0.9485665069173306,0.8182302146652078,0.8367690380789842,0.8197872726009146,0.015216234936948621,0.9340810926337269,0.7414681750487055,0.753502177024797,0.8197872726009146,0.015216234936948621,0.9340810926337269,0,48552,1,0.9007352941176471
239,0.0017423214043910597,0.0008936570468068275,0.00023643265139518325,90.3,0.9340317953432343,0.9309878184032555,0.9316124659137872,0.7813579367482925,0.0008359577443725579,0.9500045637548193,0.7805573274826269,0.7806098909431511,0.7813579367482925,0.0008359577443725579,0.9500045637548193,0.8285091190436693,0.8476199263829989,0.825766399844017,0.015457586622380315,0.9351985421502599,0.7474876660675329,0.7596286999405049,0.825766399844017,0.015457586622380315,0.9351985421502599,0,48756,0,0.9036458333333334
240,0.0017336974246883947,0.0008823439018712369,0.00023619621874378807,91.1,0.9350831867197117,0.9318844481739554,0.932530357582132,0.7772406978065066,0.0008760598530047175,0.9489432966258976,0.7764104748095543,0.7764576342156243,0.7772406978065066,0.0008760598530047175,0.9489432966258976,0.8233051475000479,0.8418267099462803,0.8210499844484553,0.0155136416842947,0.9341277213599002,0.7427646064017734,0.7548652862190879,0.8210499844484553,0.0155136416842947,0.9341277213599002,0,48960,0,0.8994332107843137
241,0.0017377893553416738,0.0008849556858419251,0.00023596002252504429,94.4,0.9348771351434172,0.9318405553835106,0.9324669407118461,0.7814347214194549,0.0008514503145819292,0.9499164758631689,0.7806539614699383,0.7806902616142515,0.7814347214194549,0.0008514503145819292,0.9499164758631689,0.8204679254596451,0.8391257351085601,0.8256369874831181,0.015517421108949284,0.9348711200728987,0.7464074041572567,0.7584241617631959,0.8256369874831181,0.015517421108949284,0.9348711200728987,0,49164,0,0.9005821078431373
242,0.0017395005652717517,0.0008929059338836729,0.00023572406250251925,92.0,0.9345284324758417,0.9315815319311642,0.9321864392814468,0.780067751398317,0.0009268480655523684,0.9494439202344208,0.7791603845731905,0.7792002458031726,0.780067751398317,0.0009268480655523684,0.9494439202344208,0.8261501588730831,0.8444930175417407,0.8246454714617569,0.015383279306462373,0.9349123340733347,0.7464354419602258,0.7581672298659868,0.8246454714617569,0.015383279306462373,0.9349123340733347,0,49368,0,0.9018841911764706
243,0.0017440741340739325,0.0009000625723428904,0.00023548833844001674,90.0,0.9349511023759332,0.9317996466906773,0.9324154349063001,0.7912448224854164,0.0010039920581530531,0.9521306324809425,0.7903202642661691,0.790367788001759,0.7912448224854164,0.0010039920581530531,0.9521306324809425,0.8238738471824775,0.8425207268680898,0.8347453136195392,0.01624075710971306,0.9357155884680624,0.7531513810344749,0.7657037536181643,0.8347453136195392,0.01624075710971306,0.9357155884680624,0,49572,0,0.903109681372549
244,0.0017367741075919613,0.0008876300622498263,0.00023525285010157673,52.6,0.934760900920892,0.9316657091973971,0.9322150578044498,0.7840843706800913,0.0008499073598378146,0.9507008448457911,0.7833607664320231,0.783400652965273,0.7840843706800913,0.0008499073598378146,0.9507008448457911,0.8222415127918107,0.8407373740303573,0.8279859644882074,0.015751883586461488,0.9351840538844356,0.7485709815573867,0.7608202475184755,0.8279859644882074,0.015751883586461488,0.9351840538844356,0,49776,0,0.8975949754901961
245,0.0017372270305321424,0.0008938369895495927,0.00023501759725147515,39.4,0.9349141187596752,0.9317978492652006,0.932428806503519,0.7809051382852259,0.0008792306105460654,0.9498228060715034,0.780062120763636,0.7801076539518076,0.7809051382852259,0.0008792306105460654,0.9498228060715034,0.8240910255961797,0.842512226367835,0.8252639110952597,0.015482405641809013,0.9348903894680304,0.7462203260215676,0.7586303137076963,0.8252639110952597,0.015482405641809013,0.9348903894680304,0,49980,0,0.9033394607843137
246,0.0017372531709078625,0.0008840088409617852,0.00023478257965422368,38.8,0.9349880859921912,0.932054710743767,0.9326618952654427,0.7807376883033192,0.0008504905405789466,0.9498132399881631,0.779955797502737,0.779992214849303,0.7807376883033192,0.0008504905405789466,0.9498132399881631,0.8253368090583776,0.8441641904153496,0.82463460912764,0.01557955324751207,0.9348068654282925,0.7461634809073704,0.7582385388011544,0.82463460912764,0.01557955324751207,0.9348068654282925,0,50184,0,0.9044117647058824
247,0.0017332906980870985,0.000888314644805222,0.00023454779707456945,39.6,0.9347556175471409,0.9316315100618753,0.9322238175320232,0.7767172263186902,0.0008099839820548034,0.9487637515040976,0.7759124823936958,0.7759523689269456,0.7767172263186902,0.0008099839820548034,0.9487637515040976,0.8253805331266114,0.8440180081005568,0.8211891684853989,0.015189775031536984,0.9345770387453154,0.7439989801601141,0.7558431458828542,0.8211891684853989,0.015189775031536984,0.9345770387453154,0,50388,0,0.9022671568627451
248,0.0017302751366514713,0.0008854222081638942,0.00023431324927749488,36.6,0.9354160392660337,0.9322788685208319,0.9328938051388853,0.7839099113602248,0.000789771156816239,0.9505525565618815,0.783151066655637,0.7831909531888871,0.7839099113602248,0.000789771156816239,0.9505525565618815,0.8118550449713312,0.8299970450637411,0.8287379758971587,0.01539298460918955,0.9354651647629285,0.7487942797811805,0.7609317611089074,0.8287379758971587,0.01539298460918955,0.9354651647629285,0,50592,0,0.8992800245098039
249,0.0017364446077194502,0.0008792110855562361,0.00023407893602821737,37.4,0.9352152710634903,0.9321074656129201,0.9327472858358808,0.7862447383098765,0.0008666785793154251,0.9510646597669853,0.7853837650249321,0.7854257118241669,0.7862447383098765,0.0008666785793154251,0.9510646597669853,0.8217314186218947,0.8404374335657548,0.8308148022558904,0.015596565645398009,0.9360537218891274,0.7522372956202351,0.7644313942422303,0.8308148022558904,0.015596565645398009,0.9360537218891274,0,50796,0,0.9017310049019608
250,0.0017281714370291606,0.0008929740877477492,0.00023384485709218914,62.9,0.934649950072118,0.9315077137307466,0.932166987710542,0.7808943147906553,0.000862764558918604,0.9498058462835866,0.7800736855937005,0.7801213962501097,0.7808943147906553,0.000862764558918604,0.9498058462835866,0.8170598557670267,0.8352791077508956,0.8250819999642125,0.015515811054859502,0.934799357067547,0.7460292907100633,0.7581093309197292,0.8250819999642125,0.015515811054859502,0.934799357067547,0,51000,0,0.8970588235294118
251,0.0017270695637254154,0.000879274358457689,0.00023361101223509694,94.4,0.9355217067410566,0.9327063975182341,0.9333648870908994,0.7797121940038124,0.000805738940028381,0.9496224558754258,0.7789542896908541,0.7789838296174197,0.7797121940038124,0.000805738940028381,0.9496224558754258,0.8248927621153211,0.843188044348985,0.8237191006735807,0.015505581176228442,0.9346888785529542,0.7454031797162556,0.7574803767059749,0.8237191006735807,0.015505581176228442,0.9346888785529542,0,51204,0,0.9001225490196079
252,0.0017288432544435137,0.0008785023517494392,0.00023337740122286184,102.8,0.9352733881747529,0.932216749567868,0.9328073740182904,0.7725316152609849,0.0007229649018210185,0.947969805559592,0.7718204391531679,0.7718493157231785,0.7725316152609849,0.0007229649018210185,0.947969805559592,0.8237317935473917,0.842084209255303,0.8170398344328519,0.014951628730852628,0.9341557214279369,0.7407572915871169,0.7525151029544668,0.8170398344328519,0.014951628730852628,0.9341557214279369,0,51408,0,0.8927696078431373
253,0.0017290815765805105,0.0008773882436335449,0.00023314402382163899,101.8,0.9354318893872872,0.9325153536649214,0.933145317378254,0.7877567711259195,0.0010077028750039754,0.9513957652112911,0.7867258640895535,0.786774841161141,0.7877567711259195,0.0010077028750039754,0.9513957652112911,0.826800874745017,0.8457868519693814,0.8304299490287609,0.016347260361266654,0.9348982714960197,0.7493219449389014,0.7615025572830946,0.8304299490287609,0.016347260361266654,0.9348982714960197,0,51612,0,0.9056372549019608
254,0.0017299012214803667,0.0008847718628355986,0.00023291087979781735,98.1,0.9353843390235269,0.9324577031107869,0.9330983659488613,0.7761847494431272,0.0007867586306777736,0.948984125641402,0.7754587767506722,0.7754804723468477,0.7761847494431272,0.0007867586306777736,0.948984125641402,0.8239407016287218,0.842481291964887,0.8202360201903075,0.015357746017478696,0.9344902765886529,0.743334610654392,0.7552635712979796,0.8202360201903075,0.015357746017478696,0.9344902765886529,0,51816,0,0.8943780637254902
255,0.0017262122185225143,0.0008858939438099051,0.00023267796891801953,100.5,0.9357436084386046,0.9326893555352015,0.9333452818550333,0.7834054031703861,0.0008443167238573777,0.9503060130224644,0.7825023983846633,0.7825444623861509,0.7834054031703861,0.0008443167238573777,0.9503060130224644,0.8099850138297994,0.828154864201364,0.8268607589688857,0.015757092191548014,0.9346801005668949,0.7465976436851876,0.7584069673710039,0.8268607589688857,0.015757092191548014,0.9346801005668949,0,52020,0,0.8975949754901961
256,0.0017282346631035063,0.0008773619533896361,0.0002324452909491015,99.5,0.9358915429036365,0.9329080890524631,0.9335865537154167,0.7787712856778768,0.0007921250478106489,0.9495898407557299,0.7779717309801799,0.7780116175134297,0.7787712856778768,0.0007921250478106489,0.9495898407557299,0.8201787127471524,0.8388383950379037,0.8219155451917985,0.01576868619096746,0.9340572398244732,0.7426977120304709,0.7548434569113123,0.8219155451917985,0.01576868619096746,0.9340572398244732,0,52224,1,0.8973651960784313
257,0.0017316502195956441,0.0008857326127504465,0.0002322128456581524,99.7,0.9351465872047254,0.9320133222154873,0.9326767170426602,0.7841669205063827,0.000831788931997026,0.9505510485418083,0.7833535332488256,0.7833901034477441,0.7841669205063827,0.000831788931997026,0.9505510485418083,0.8195281866596016,0.8377586078559759,0.8284347579217648,0.0155641700201311,0.9354291409377634,0.7493598447347561,0.7616802354915284,0.8284347579217648,0.0155641700201311,0.9354291409377634,0,52428,0,0.8984375
258,0.0017261089672626672,0.0008975610496241979,0.00023198063281249423,97.3,0.9355798238523192,0.9326254241663142,0.9332683627091675,0.7958924944887089,0.0010523851312171516,0.9531767284917256,0.7949792935030164,0.7950262103086191,0.7958924944887089,0.0010523851312171516,0.9531767284917256,0.8129329795756137,0.8317618148160151,0.8394197935751623,0.01642947274855304,0.9362495902881485,0.7562658610613432,0.7689611685734177,0.8394197935751623,0.01642947274855304,0.9362495902881485,0,52632,0,0.8992800245098039
259,0.0017265293041846769,0.000882080684835808,0.00023174865217968172,97.8,0.9351888541947346,0.9320501165084362,0.932723993177394,0.7778781004627618,0.0008619074583258666,0.9491835382846573,0.7770898714514567,0.7771262887980227,0.7778781004627618,0.0008619074583258666,0.9491835382846573,0.818355341410889,0.8370420856788643,0.8226956117684002,0.01525596840778666,0.9348458422945732,0.7449810434996587,0.7570816321824101,0.8226956117684002,0.01525596840778666,0.9348458422945732,0,52836,0,0.9000459558823529
260,0.0017264036463993584,0.0008927880707080724,0.00023151690352750205,88.8,0.9359549433886503,0.9328500879038417,0.9335089860684733,0.7841574400166929,0.0009189294697193307,0.9504797418475396,0.7833255673212391,0.7833690149401579,0.7841574400166929,0.0009189294697193307,0.9504797418475396,0.8185960200460031,0.8380206695159615,0.8284270810713424,0.015623177999361176,0.9353718310549434,0.7491474822258855,0.761117943677862,0.8284270810713424,0.015623177999361176,0.9353718310549434,0,53040,1,0.8953737745098039
261,0.0017233160347221237,0.0008778807879467604,0.00023128538662397455,100.0,0.9354424561347894,0.9323704715530982,0.9330229585206588,0.7868799702212831,0.0009432102501182939,0.951202697897095,0.7860361396641954,0.7860760261974453,0.7868799702212831,0.0009432102501182939,0.951202697897095,0.8243724397821296,0.842432903764743,0.8304156184526073,0.015986654345083375,0.935034730207128,0.7487096424915033,0.7607737311721539,0.8304156184526073,0.015986654345083375,0.935034730207128,0,53244,0,0.8963694852941176
262,0.0017338004551015283,0.0008803457569495543,0.00023105410123735058,93.7,0.9356960580748442,0.932682067970866,0.9332853788598984,0.7742418961332272,0.0007982855971524051,0.9485057264115424,0.7735285455730279,0.7735688275590976,0.7742418961332272,0.0007982855971524051,0.9485057264115424,0.8247487980530683,0.8434915064799896,0.8182263202329849,0.015390443982992668,0.9338152913743678,0.7403756102684554,0.7524901961597011,0.8182263202329849,0.015390443982992668,0.9338152913743678,0,53448,0,0.9065563725490197
263,0.001729129367923437,0.0008799031796187188,0.00023082304713611322,97.7,0.9351201703359697,0.9321842757219497,0.9327660349404303,0.7790890654187335,0.0008011199803910142,0.9494273921729535,0.778273650667648,0.7783299259153235,0.7790890654187335,0.0008011199803910142,0.9494273921729535,0.8194893385858701,0.8386111570763068,0.8234304421985991,0.015361488152364898,0.9346595034770395,0.7449196573750875,0.7571438569860062,0.8234304421985991,0.015361488152364898,0.9346595034770395,0,53652,0,0.9007352941176471
264,0.0017221285362371847,0.0008854115110849952,0.00023059222408897711,92.1,0.9352945216697575,0.9321506895502185,0.9327511718740717,0.7811515814222941,0.0007959571436044662,0.9499061698299684,0.78030998950804,0.7803454186899949,0.7811515814222941,0.0007959571436044662,0.9499061698299684,0.8226333188079592,0.8410847795296792,0.8255765700421576,0.01539556913420317,0.9350694200400428,0.7468576492403699,0.758809859458592,0.8255765700421576,0.01539556913420317,0.9350694200400428,0,53856,0,0.8997395833333334
265,0.001722388772987852,0.0008706693570931628,0.00023036163186488813,99.0,0.9357488918123557,0.9327766439658763,0.933387950461732,0.7835094423072618,0.0008089002402499501,0.9503689591311077,0.7827577351356815,0.7827874004604618,0.7835094423072618,0.0008089002402499501,0.9503689591311077,0.8210219064770186,0.8393268829995271,0.8280228319111277,0.015425994264041905,0.9352955908459698,0.7484042625281035,0.7604805995744949,0.8280228319111277,0.015425994264041905,0.9352955908459698,0,54060,0,0.9017310049019608
266,0.0017242152540597553,0.0008872825669477181,0.00023013127023302325,91.0,0.9354900064985497,0.93243153529575,0.9330601283593086,0.7845077031805907,0.0009179226893528086,0.9504805443724067,0.7836976778929562,0.7837340952395223,0.7845077031805907,0.0009179226893528086,0.9504805443724067,0.8190382721884282,0.8374371766821272,0.8288487038314911,0.01561549024028268,0.935166881166193,0.7486005338611398,0.7604165847988763,0.8288487038314911,0.01561549024028268,0.935166881166193,0,54264,0,0.8985906862745098
267,0.0017239504930901103,0.0008758763607840781,0.00022990113896279022,96.9,0.9357911588023649,0.9327519625472094,0.9333366534385888,0.7777970016243866,0.0007801887980840941,0.9491379698151517,0.7770801361021954,0.7771220829014301,0.7777970016243866,0.0007801887980840941,0.9491379698151517,0.8238082236866695,0.8422573121010032,0.8220811289516348,0.015299350721635878,0.9344011763887917,0.7433132173440179,0.7552843303312943,0.8220811289516348,0.015299350721635878,0.9344011763887917,0,54468,0,0.8973651960784313
268,0.0017256877863295742,0.000884819966060581,0.00022967123782382742,98.7,0.9356326575898306,0.9327255663443474,0.9333252673578606,0.7847320722342205,0.0008672627730018538,0.9506524025585311,0.7838578840087846,0.7839149531072668,0.7847320722342205,0.0008672627730018538,0.9506524025585311,0.8254024979401546,0.8448655840757375,0.8286259706256572,0.015715968803591985,0.935081705353168,0.7481243959175513,0.7602734055553726,0.8286259706256572,0.015715968803591985,0.935081705353168,0,54672,0,0.8990502450980392
269,0.0017221483171406184,0.000881542869097224,0.0002294415665860036,101.2,0.9349986527396934,0.9320078026987952,0.9326104059245109,0.7860249419660654,0.0008962555938823825,0.9510816329763269,0.7852129920244897,0.7852528785577394,0.7860249419660654,0.0008962555938823825,0.9510816329763269,0.8204431612925263,0.8388941143574971,0.8298456217246999,0.01584543068327189,0.9353293215071357,0.7495044655199208,0.7619481703181237,0.8298456217246999,0.01584543068327189,0.9353293215071357,0,54876,0,0.9004289215686274
270,0.0017233367543667555,0.0008795085320021312,0.0002292121250194176,99.5,0.9354847231247986,0.9324317775829123,0.9330405789350823,0.7819181847152604,0.0008408266951245481,0.9501062396019715,0.7811036579005918,0.7811400752471579,0.7819181847152604,0.0008408266951245481,0.9501062396019715,0.8234239504803406,0.8425972601038876,0.825488687730289,0.015704676706407173,0.9346722382487106,0.7459628174101507,0.7579932419827905,0.825488687730289,0.015704676706407173,0.9346722382487106,0,55080,0,0.899203431372549
271,0.001729231680442086,0.0008755643999922305,0.00022898291289439817,96.1,0.9361874118337006,0.9332645322480935,0.9339054119821385,0.7912058166730841,0.0009077923901291261,0.9522382866236414,0.790310675627146,0.7903562088153175,0.7912058166730841,0.0009077923901291261,0.9522382866236414,0.818101352628591,0.8368071375860817,0.8345220004157886,0.01618527425263959,0.9356080473860888,0.7523235882641897,0.7645904364059096,0.8345220004157886,0.01618527425263959,0.9356080473860888,0,55284,1,0.8994332107843137
272,0.0017199281188796328,0.0008766856108794103,0.00022875392998150378,101.6,0.9360236272474151,0.9329388235576266,0.9335523267665425,0.7855569960940961,0.0008172712071380066,0.9509879665632914,0.784803315230894,0.7848324344013721,0.7855569960940961,0.0008172712071380066,0.9509879665632914,0.8219383780881865,0.8405299309999602,0.830212724787362,0.015490385903579183,0.9357436407198908,0.7503800912923563,0.7624795807591939,0.830212724787362,0.015490385903579183,0.9357436407198908,0,55488,0,0.8977481617647058
273,0.001721500906997415,0.0008705609370446408,0.00022852517605152228,99.9,0.9361715617124471,0.9332469312364622,0.9338769861698817,0.7881753020761243,0.0009495583413652528,0.9514232635269871,0.7872638314509818,0.7873093393358855,0.7881753020761243,0.0009495583413652528,0.9514232635269871,0.8213196787695132,0.8405334609809214,0.8316586631910771,0.016037129810447786,0.9353997619038458,0.7508762993760429,0.763068252909375,0.8316586631910771,0.016037129810447786,0.9353997619038458,0,55692,0,0.8969822303921569
274,0.0017240276696005215,0.0008759599809550667,0.00022829665087547075,102.7,0.9353262219122643,0.9323116287996472,0.932885068851075,0.7862527761663755,0.0009155819046264491,0.9509624303159727,0.7853578603753231,0.7854033935634946,0.7862527761663755,0.0009155819046264491,0.9509624303159727,0.8257239588036017,0.8449646686913548,0.8308913902261374,0.015601499633384011,0.9358065739238383,0.7513015242958757,0.7634448917243288,0.8308913902261374,0.015601499633384011,0.9358065739238383,0,55896,0,0.9005821078431373
275,0.0017194988134125358,0.0008713329480319568,0.00022806835422459527,98.7,0.9356802079535909,0.9325858274807326,0.9332151499058973,0.7832619695944351,0.0008964546487378813,0.9503245690985543,0.7823628386552448,0.7823956696128742,0.7832619695944351,0.0008964546487378813,0.9503245690985543,0.825466561056455,0.8445716232428685,0.8284126631487122,0.015383188639471253,0.9355801558796194,0.7492789969189275,0.7612272786963321,0.8284126631487122,0.015383188639471253,0.9355801558796194,0,56100,0,0.8966758578431373
276,0.0017244375662366842,0.0008742215394609926,0.00022784028587037068,80.7,0.9350356363559514,0.9319737715349788,0.9325978517579677,0.7810238095994811,0.000916474935833387,0.9497849057369218,0.780216996871032,0.7802603272876978,0.7810238095994811,0.000916474935833387,0.9497849057369218,0.827237821881933,0.8463957041612441,0.8250782262285495,0.01560684844357444,0.9346728602429708,0.7459407422648484,0.7580296007802687,0.8250782262285495,0.01560684844357444,0.9346728602429708,0,56304,0,0.9008118872549019
277,0.0017181807151977339,0.0008781374603432787,0.00022761244558450032,81.3,0.9366364986025476,0.9337428941678396,0.9344338020430643,0.7930677261998194,0.001007690796999091,0.9523920422573611,0.7921727070933613,0.7922108167072304,0.7930677261998194,0.001007690796999091,0.9523920422573611,0.8115827225560154,0.8297670901421985,0.8372811756118427,0.015974491474580216,0.9361293176458575,0.7543891634305467,0.7666321466379135,0.8372811756118427,0.015974491474580216,0.9361293176458575,0,56508,1,0.8928462009803921
278,0.0017216541049956326,0.0008740390848444781,0.0002273848331389158,71.0,0.9364304470262531,0.9334813583757826,0.9340691728479716,0.7808906152933044,0.0008374320586732346,0.9499727812859906,0.7801467028128736,0.7801792911700354,0.7808906152933044,0.0008374320586732346,0.9499727812859906,0.8237171670510519,0.8423061002409751,0.824481792564604,0.015744774362371088,0.9344763418428553,0.7450125749222481,0.7571008953335946,0.824481792564604,0.015744774362371088,0.9344763418428553,0,56712,0,0.8998161764705882
279,0.0017212000749685674,0.0008736420481339949,0.0002271574483057769,87.9,0.9361187279749357,0.9332789619501675,0.9338623996499076,0.773639747160354,0.0008361147686947566,0.9482872083664431,0.7728813192817929,0.7729139076389551,0.773639747160354,0.0008361147686947566,0.9482872083664431,0.8231060496056706,0.8419077169496376,0.8179634497312854,0.015247087574154132,0.9338615804461334,0.7398949966976064,0.7519211792832358,0.8179634497312854,0.015247087574154132,0.9338615804461334,0,56916,0,0.9011948529411765
280,0.00172436678172637,0.0008759492566878759,0.00022693029085747113,90.0,0.9365995149862897,0.9335764614221098,0.9342351116336529,0.7875812437212459,0.0009311919654260881,0.9512970273375962,0.7866832685167175,0.7867358319772418,0.7875812437212459,0.0009311919654260881,0.9512970273375962,0.8210171105046931,0.8394601637363498,0.8313459293851708,0.015924856175266597,0.9352024161500381,0.749473925029383,0.7617036598233495,0.8313459293851708,0.015924856175266597,0.9352024161500381,0,57120,0,0.9056372549019608
281,0.001721800567454421,0.0008716376457342852,0.00022670336056661368,86.5,0.9364198802787508,0.9333740994723246,0.9339947091772027,0.7907495094668586,0.0009788281737822954,0.952096564153163,0.78986157086636,0.7899141343268843,0.7907495094668586,0.0009788281737822954,0.952096564153163,0.8244659970014503,0.8431249636268241,0.8328166533887393,0.016593766714075853,0.934747583395556,0.7495194485655876,0.762129307242814,0.8328166533887393,0.016593766714075853,0.934747583395556,0,57324,0,0.8990502450980392
282,0.0017180116636012041,0.0008744671422681196,0.00022647665720604708,94.1,0.9358545592873786,0.9326896376867749,0.9332380600533533,0.7820947159558121,0.000744978354984813,0.9503753246685875,0.7813980787512598,0.7814241494911417,0.7820947159558121,0.000744978354984813,0.9503753246685875,0.8172128714919997,0.8355714976688726,0.8267488273648386,0.015348885587775144,0.9355066121583181,0.7481887860060188,0.7599468162459678,0.8267488273648386,0.015348885587775144,0.9355066121583181,0,57528,0,0.9047181372549019
283,0.0017176665789128153,0.0008812541767096912,0.00022625018054884104,100.3,0.9361926952074516,0.9333063341783977,0.9339398931960682,0.7866816628831123,0.0008763199650901791,0.9510927670060177,0.7858350374275265,0.7858753194135962,0.7866816628831123,0.0008763199650901791,0.9510927670060177,0.826609940102307,0.8455334108137048,0.8301790388634492,0.015881121878982878,0.9351629918285836,0.7492117756783687,0.7615472772273981,0.8301790388634492,0.015881121878982878,0.9351629918285836,0,57732,0,0.9024203431372549
284,0.0017149976207007306,0.0008735763563396608,0.0002260239303682922,101.6,0.9364357304000043,0.9334752309846572,0.9341586435761585,0.7895683652328407,0.0008751348815435459,0.9518969759231041,0.7887175536200802,0.7887608840367463,0.7895683652328407,0.0008751348815435459,0.9518969759231041,0.8194186261681039,0.8382531302074508,0.8336047401289619,0.015919479326250152,0.9358711012485574,0.7524474380640299,0.7647737726093916,0.8336047401289619,0.015919479326250152,0.9358711012485574,0,57936,0,0.9035692401960784
285,0.0017193730169560249,0.000876265475058072,0.0002257979064379239,107.3,0.9361609949649449,0.9332405600595057,0.9338926900006759,0.7856565564104822,0.0008372633013984769,0.9509774330391962,0.7848520772992773,0.7848919638325272,0.7856565564104822,0.0008372633013984769,0.9509774330391962,0.8202436814012882,0.8384725114840909,0.829734630242004,0.015687360510235487,0.9354870522895905,0.7498277119235598,0.761759369156286,0.829734630242004,0.015687360510235487,0.9354870522895905,0,58140,0,0.8979013480392157
286,0.0017192478727677144,0.0008711650299291214,0.00022557210853148596,103.4,0.9365466812487783,0.9335719655169616,0.934196274965025,0.7880749767132486,0.0009107135375473947,0.9514847258547008,0.7872552254569697,0.787291525601283,0.7880749767132486,0.0009107135375473947,0.9514847258547008,0.8211738214756803,0.8394281908602976,0.8314007599663302,0.016073850789454464,0.9352307062982449,0.7500865289095963,0.762096660469718,0.8314007599663302,0.016073850789454464,0.9352307062982449,0,58344,0,0.8951439950980392
287,0.0017095725126244931,0.0008734348200867397,0.00022534653642295447,97.4,0.9357858754286137,0.9329842083989967,0.933608391118245,0.7832837400499628,0.0009673174532694997,0.9503120245537974,0.7823971198939352,0.7824426530821068,0.7832837400499628,0.0009673174532694997,0.9503120245537974,0.8242023767816045,0.8436262778352271,0.8264790549163251,0.016008834187855044,0.9345512551249588,0.7466112768334336,0.7588889229731945,0.8264790549163251,0.016008834187855044,0.9345512551249588,0,58548,0,0.8948376225490197
288,0.0017199576244570827,0.000869517187516115,0.00022512118988653152,114.8,0.9365361145012759,0.9336900385945227,0.9343058891059005,0.7905213686523433,0.0009145541111685833,0.9518625336411077,0.7896542482080514,0.7896833673785295,0.7905213686523433,0.0009145541111685833,0.9518625336411077,0.8188910441071932,0.8372600830042485,0.834772451582203,0.015802291155648414,0.935998778181488,0.753246792053007,0.7649650699276193,0.834772451582203,0.015802291155648414,0.935998778181488,0,58752,0,0.9021139705882353
289,0.001713720939519322,0.0008728886977380148,0.00022489606869664498,101.9,0.93646214726876,0.93341297479379,0.934036588203378,0.7889763533246372,0.0008852766149719573,0.9517783367423926,0.7882332193988221,0.7882591729364511,0.7889763533246372,0.0008852766149719573,0.9517783367423926,0.8179612078841251,0.8366334258485988,0.832808262600967,0.015959241056375785,0.9356859753735804,0.7516630370573667,0.763787540784019,0.832808262600967,0.015959241056375785,0.9356859753735804,0,58956,0,0.8985140931372549
290,0.0017134964342831688,0.0008621137195016899,0.00022467117262794833,68.4,0.9365572479962805,0.9337586382309132,0.9344062603868076,0.7930540953072152,0.0009089530956472666,0.9525217249128933,0.7921586357638193,0.7921949359081325,0.7930540953072152,0.0009089530956472666,0.9525217249128933,0.8117855982133512,0.8300742520898503,0.8370887152709855,0.015966350311764112,0.9361825478765492,0.7545831635749553,0.7665452696730426,0.8370887152709855,0.015966350311764112,0.9361825478765492,0,59160,0,0.8979013480392157
291,0.001717462999901424,0.0008820588210620621,0.00022444650145532038,95.5,0.9365572479962805,0.9336478596152706,0.9342758915876759,0.7877262986097032,0.0009697686105140162,0.9514839920418672,0.7868812666463613,0.786923213445596,0.7877262986097032,0.0009697686105140162,0.9514839920418672,0.8171299381181116,0.8357636400827299,0.8308431084443941,0.01621069735070735,0.9349803570265293,0.749007740558242,0.7613280214862334,0.8308431084443941,0.01621069735070735,0.9349803570265293,0,59364,0,0.9064031862745098
292,0.001719558736487456,0.0008698952434622315,0.00022422205495386505,98.8,0.9369218007851093,0.9341211012389226,0.9347472541834756,0.7890013846437167,0.0009078139115196343,0.9516925041611505,0.7881189717171359,0.7881553890637018,0.7890013846437167,0.0009078139115196343,0.9516925041611505,0.8146104240452894,0.8327916596153573,0.8325699845920821,0.016008119741045847,0.9353739046711158,0.7505336467098627,0.7626647931186848,0.8325699845920821,0.016008119741045847,0.9353739046711158,0,59568,1,0.9018841911764706
293,0.0017140429545714356,0.000862886564845156,0.0002239978328989112,100.7,0.9365519646225293,0.9336462934400401,0.9343901480081396,0.7928682717171346,0.0009137023021268244,0.9525542938572145,0.7919006892706703,0.7919331522296175,0.7928682717171346,0.0009137023021268244,0.9525542938572145,0.8223945234583573,0.8403769483380886,0.8363072621119223,0.016151713103280566,0.9359081646650222,0.7536319765791931,0.765724135747363,0.8363072621119223,0.016151713103280566,0.9359081646650222,0,59772,0,0.8964460784313726
294,0.001715462834587978,0.0008638904824604047,0.00022377383506601227,99.3,0.936573098117534,0.9336212289157544,0.9342238821768813,0.791304675394527,0.0009721115441112446,0.9521518823844485,0.7904458335253112,0.7904786644829405,0.791304675394527,0.0009721115441112446,0.9521518823844485,0.8222617350507092,0.8405569694671624,0.8357257984739737,0.015921590359098327,0.9361016699276768,0.7537705609806089,0.7658110970752006,0.8357257984739737,0.015921590359098327,0.9361016699276768,0,59976,0,0.8997395833333334
295,0.0017158293265703262,0.0008664398600174076,0.00022355006123094627,99.4,0.9368214166838377,0.9340464554556372,0.9346766014590903,0.785355537662502,0.000906480402621714,0.9507347823421027,0.7845247405556737,0.7845592637806059,0.785355537662502,0.000906480402621714,0.9507347823421027,0.8201007107965748,0.8382903108459573,0.8290581126539812,0.01581214295357876,0.935066412402234,0.7486234013159879,0.7605897496825114,0.8290581126539812,0.01581214295357876,0.935066412402234,0,60180,0,0.8991268382352942
296,0.0017157222644206794,0.0008670504958260826,0.00022332651116971532,100.0,0.9366523487238011,0.9337815158073262,0.9344289111759918,0.7883260165543566,0.0008303607684547044,0.9515827856694343,0.7874818604189026,0.7875275190052886,0.7883260165543566,0.0008303607684547044,0.9515827856694343,0.8250092944990051,0.8434092267018429,0.8317957947949657,0.01589983174336132,0.9355776319810508,0.7511429346172291,0.7631701923201489,0.8317957947949657,0.01589983174336132,0.9355776319810508,0,60384,0,0.9038756127450981
297,0.001710744120988666,0.0008714524803523987,0.0002231031846585456,96.3,0.9367157492088147,0.9337562662941102,0.9343666643027675,0.7908280096446085,0.0008795209382905959,0.9520207408919305,0.7899214641400992,0.7899439484910444,0.7908280096446085,0.0008795209382905959,0.9520207408919305,0.8209565042496699,0.8392908193933295,0.8342835659127014,0.016078043947758136,0.9355421226549737,0.7520113400746471,0.7641322393431634,0.8342835659127014,0.016078043947758136,0.9355421226549737,0,60588,0,0.8985140931372549
298,0.0017079610711958843,0.0008630063464791433,0.00022288008147388705,100.9,0.9363194961774791,0.93325418595646,0.9339132794004399,0.7836923380992081,0.000796778774110225,0.950648770461861,0.7829446491931182,0.7829794150185179,0.7836923380992081,0.000796778774110225,0.950648770461861,0.8283075246670045,0.8472334448891027,0.8284418462106689,0.015441389582673102,0.9357069981685943,0.7498107285154773,0.7620448325647499,0.8284418462106689,0.015441389582673102,0.9357069981685943,0,60792,0,0.8968290441176471
299,0.0017144319586519735,0.0008725962398802138,0.00022265720139241316,95.5,0.9368901005426025,0.933854731304515,0.9344148786996924,0.7852279205653329,0.0008668182575745146,0.9508945450251214,0.784410188473833,0.7844361420114621,0.7852279205653329,0.0008668182575745146,0.9508945450251214,0.8149423463923654,0.8335612199393437,0.8290246813169174,0.0157996448538883,0.9354258536813809,0.7501000874562227,0.762144565474026,0.8290246813169174,0.0157996448538883,0.9354258536813809,0,60996,0,0.8995863970588235
300,0.0017148672829053419,0.0008783852964059564,0.00022243454419102073,97.2,0.9362560956924654,0.9333148710972029,0.9338938581172841,0.78664832241865,0.0008792532784207578,0.9510243603157893,0.7857562288311707,0.7857878290237214,0.78664832241865,0.0008792532784207578,0.9510243603157893,0.8153319834795978,0.8340485201921878,0.8313345924447887,0.015547312973708914,0.9355906604557936,0.7501869896284389,0.762201406624715,0.8313345924447887,0.015547312973708914,0.9355906604557936,0,61200,0,0.9025735294117647
301,0.001712308354292284,0.0008665788804728147,0.0002222121096468297,97.8,0.9368319834313399,0.933890158068531,0.934543156075016,0.7894466512998739,0.0009548238552208896,0.9517721380186621,0.7885560537473221,0.7886086172078464,0.7894466512998739,0.0009548238552208896,0.9517721380186621,0.8222019906112812,0.8408616394029822,0.8332537232229179,0.016023822766678974,0.9356850073768592,0.7520157499284444,0.7645147722833892,0.8332537232229179,0.016023822766678974,0.9356850073768592,0,61404,0,0.8974417892156863
302,0.0017063243687837658,0.0008713047102258309,0.0002219898975371829,99.7,0.9368584003000956,0.933987324894107,0.9346384352141589,0.7923496123132048,0.0009009969057422377,0.9525097894372221,0.7915385456887621,0.791573311514162,0.7923496123132048,0.0009009969057422377,0.9525097894372221,0.8251478878951601,0.8434666485008016,0.8359473461674984,0.016120101303558804,0.9360862829958576,0.7542305390539893,0.7662168309456218,0.8359473461674984,0.016120101303558804,0.9360862829958576,0,61608,0,0.899203431372549
303,0.001712824306998621,0.0008655802651460238,0.0002217679076396457,109.6,0.9366734822188056,0.9336650638352467,0.9343475119803446,0.7896757461586138,0.0008304934599768759,0.9518889541666377,0.7888315874653536,0.7888644184229829,0.7896757461586138,0.0008304934599768759,0.9518889541666377,0.8276550496457235,0.8458162741128605,0.8337026447688651,0.015824746520932794,0.935961241086691,0.7526093634172851,0.7644446374724401,0.8337026447688651,0.015824746520932794,0.935961241086691,0,61812,0,0.8969056372549019
304,0.001715157955414707,0.0008595599913236788,0.00022154613973200606,112.0,0.9369376509063627,0.9341053884608146,0.9347115558652791,0.7894542140391887,0.0008573523987829062,0.9519816100886083,0.7886644616770934,0.7887101202634795,0.7894542140391887,0.0008573523987829062,0.9519816100886083,0.8250114636712365,0.843438589059417,0.8332433457553159,0.015968818316947197,0.9357431617610446,0.7517878755876519,0.7640952371639106,0.8332433457553159,0.015968818316947197,0.9357431617610446,0,62016,1,0.9034926470588235
305,0.001713446563443023,0.0008709574151438643,0.00022132459359227406,107.7,0.9365625313700316,0.9336918100098726,0.9343318042151594,0.7866760918972748,0.0008822614538133037,0.9511156466690615,0.7858668153772478,0.7858984155697984,0.7866760918972748,0.0008822614538133037,0.9511156466690615,0.8158156512861724,0.8342857691580337,0.8309357915586921,0.015684980322787236,0.9354633845641199,0.7499152214656147,0.7620168206832415,0.8309357915586921,0.015684980322787236,0.9354633845641199,0,62220,0,0.8994332107843137
306,0.0017081552433927416,0.0008693334431086683,0.00022110326899868178,107.6,0.9366734822188056,0.9337070191911204,0.9344082910054744,0.7948186301560242,0.000950338603373575,0.9530804299486934,0.7939230000232602,0.7939649468224952,0.7948186301560242,0.000950338603373575,0.9530804299486934,0.8238704276743254,0.8425999619294765,0.8377416533134577,0.016470318478163187,0.9358607737762967,0.7544410882884239,0.7669407217772711,0.8377416533134577,0.016470318478163187,0.9358607737762967,0,62424,0,0.8956801470588235
307,0.0017114039984139084,0.0008668351668728299,0.00022088216572968311,96.1,0.9367157492088147,0.9336897565133654,0.9343151745509504,0.7861679496181386,0.0008901632775149517,0.9509938539372603,0.78535049486666,0.7853889724792108,0.7861679496181386,0.0008901632775149517,0.9509938539372603,0.8270179578201439,0.8455770264137242,0.8302727198070273,0.015734597878993298,0.9354622023726402,0.7501396274323976,0.762043555927016,0.8302727198070273,0.015734597878993298,0.9354622023726402,0,62628,0,0.9002757352941176
308,0.0017097111170490582,0.00085650604203291,0.00022066128356395344,91.8,0.9370908687451459,0.9342034627815905,0.9348389899196792,0.7977946129248459,0.001016406617937321,0.9534795254915438,0.7968538595630367,0.7968920945751203,0.7977946129248459,0.001016406617937321,0.9534795254915438,0.8261068503228413,0.8444323688194667,0.841203675386107,0.016386023506724034,0.9364281705455688,0.7576009972287686,0.7697936969479543,0.841203675386107,0.016386023506724034,0.9364281705455688,0,62832,1,0.901577818627451
309,0.0017108250170827424,0.0008595786988611616,0.00022044062228038949,92.9,0.9365572479962805,0.9335598707300479,0.9341730825569717,0.7884707708619657,0.000869353261426642,0.9514909970876333,0.7876045683377748,0.7876444548710246,0.7884707708619657,0.000869353261426642,0.9514909970876333,0.8249109971385917,0.8434743784849923,0.8321036755965908,0.01589877853624652,0.9354563046139163,0.7507795615870672,0.7628651339601722,0.8321036755965908,0.01589877853624652,0.9354563046139163,0,63036,0,0.9002757352941176
310,0.0017107604231283652,0.0008676932539217196,0.0002202201816581091,97.4,0.9361028778536823,0.9329880601091434,0.9336175126180789,0.7804212515343578,0.0007548140637154104,0.9499458375269832,0.7796903895387061,0.7797148087574216,0.7804212515343578,0.0007548140637154104,0.9499458375269832,0.8103607577255606,0.8286414067472588,0.8245731402586779,0.015442889852696484,0.9347699982310639,0.7450105756176122,0.7571990656032129,0.8245731402586779,0.015442889852696484,0.9347699982310639,0,63240,0,0.9005055147058824
311,0.0017073887940176635,0.0008631899844042635,0.000219999961476451,94.0,0.9377143068477807,0.9349465595073855,0.9355866325098794,0.7810270504068868,0.0008625800807547897,0.9498870613841446,0.780230226689154,0.7802583576950207,0.7810270504068868,0.0008625800807547897,0.9498870613841446,0.81932555550362,0.8380848339615694,0.8249187657916567,0.015586277689853696,0.9346668234215498,0.745370775566614,0.757299929034434,0.8249187657916567,0.015586277689853696,0.9346668234215498,0,63444,1,0.9010416666666666
312,0.0017087093888845878,0.000868542027883894,0.00021977996151497454,94.0,0.9361134446011845,0.9330453198190851,0.9336621894607214,0.7921262473898766,0.0009103418897811526,0.9524181888251456,0.7912759835141243,0.7913248351874972,0.7921262473898766,0.0009103418897811526,0.9524181888251456,0.8250898270323451,0.8437210092514905,0.8365457739691216,0.015891260804796744,0.936462873340049,0.7553014316020363,0.7677428704870082,0.8365457739691216,0.015891260804796744,0.936462873340049,0,63648,0,0.9024969362745098
313,0.0017083587596311654,0.000860172959238972,0.00021956018155345957,96.0,0.9372388032101779,0.9344017039565216,0.9350294016844265,0.7875287377725192,0.000932110150471283,0.9512208982241643,0.786615757939469,0.7866612911276405,0.7875287377725192,0.000932110150471283,0.9512208982241643,0.8174812420176994,0.8354648259319793,0.8319388055947753,0.015722853772937348,0.9355708886928948,0.7508117823582325,0.7629040240774874,0.8319388055947753,0.015722853772937348,0.9355708886928948,0,63852,0,0.8952205882352942
314,0.0017142028321840746,0.0008617098925153492,0.0002193406213719061,81.6,0.9365519646225293,0.9337676918779575,0.9344391316655973,0.7880617691526987,0.0008588036606716899,0.9514868671400181,0.7872597053375986,0.7872841245563142,0.7880617691526987,0.0008588036606716899,0.9514868671400181,0.8216313712013563,0.8404429723622212,0.8318972545289044,0.015847759398253405,0.9356855814856,0.7515176814784356,0.7634369859885292,0.8318972545289044,0.015847759398253405,0.9356855814856,0,64056,0,0.8980545343137255
315,0.0017090054712824378,0.0008667927739615038,0.0002191212807505342,97.4,0.9371965362201687,0.9342356865671384,0.9348782817673911,0.7936476575622563,0.0009460946081536374,0.9526237259720655,0.7927586929687197,0.7928116497311938,0.7936476575622563,0.0009460946081536374,0.9526237259720655,0.8256835724699119,0.8442464110018149,0.8371084023179303,0.016235052965212805,0.9359483377834529,0.754489476492312,0.7667332655219391,0.8371084023179303,0.016235052965212805,0.9359483377834529,0,64260,0,0.9047181372549019
316,0.0017067849580152874,0.0008650079180215606,0.00021890215946978366,80.0,0.9377882740802967,0.9349873765720504,0.9355678905973389,0.7911275911440967,0.0009228630682630357,0.9522914756663917,0.790232974139956,0.7902645743325066,0.7911275911440967,0.0009228630682630357,0.9522914756663917,0.8180793114291371,0.8368210696577674,0.8338749402459426,0.016359629194209295,0.9352194375665863,0.7508346252513837,0.762989836398108,0.8338749402459426,0.016359629194209295,0.9352194375665863,0,64464,1,0.8988970588235294
317,0.001712220329471736,0.0008571995942992546,0.00021868325731031388,90.0,0.9372969203214404,0.9344751853464696,0.9351275461407244,0.7857471320087412,0.0008961521650289218,0.9510568730743115,0.7848674472473222,0.7849056822594056,0.7857471320087412,0.0008961521650289218,0.9510568730743115,0.8239300578614527,0.8426311698460053,0.8288903509141438,0.016014245912389438,0.934967181897377,0.7483408593230199,0.760442321680007,0.8288903509141438,0.016014245912389438,0.934967181897377,0,64668,0,0.90625
318,0.00170243993759904,0.000858463338060174,0.00021846457405300357,84.5,0.937355037432703,0.934554956156673,0.9351845170449772,0.7954349867975428,0.0009251981393262546,0.9531954896681691,0.7945193768914506,0.7945653055324422,0.7954349867975428,0.0009251981393262546,0.9531954896681691,0.8230296099758835,0.8419422989281449,0.8376478578833368,0.016653716211536995,0.9356771442375714,0.7544577021298938,0.7668928191703412,0.8376478578833368,0.016653716211536995,0.9356771442375714,0,64872,0,0.9028033088235294
319,0.0017114123877357034,0.000861893813816619,0.00021824610947895057,84.1,0.9368108499363353,0.9338827104014312,0.934557665915729,0.7845878137122531,0.000901026422677933,0.950604413291417,0.7837064284010821,0.7837589918616062,0.7845878137122531,0.000901026422677933,0.950604413291417,0.8115650625006344,0.8293480055757112,0.8280787007793527,0.015867861167704327,0.934680018416386,0.7468896669180976,0.7586968172984295,0.8280787007793527,0.015867861167704327,0.934680018416386,0,65076,0,0.9032628676470589
320,0.0017040527965553908,0.0008539298981279352,0.00021802786336947162,82.1,0.9372652200789336,0.9343292664219194,0.9349631843676361,0.7947499194977358,0.0008871671045724278,0.952968377062643,0.7938467231252576,0.7938783233178083,0.7947499194977358,0.0008871671045724278,0.952968377062643,0.818701822864613,0.8372923550141939,0.838119428319199,0.016213940359233805,0.9360682771485352,0.7548504896326804,0.7668640111624028,0.838119428319199,0.016213940359233805,0.9360682771485352,0,65280,0,0.8982077205882353
321,0.0017089796590381394,0.0008559892778950961,0.00021780983550610214,87.4,0.937133135735155,0.9340778937553254,0.9347195349771216,0.7885415630634413,0.0008614374401131611,0.9514747754759737,0.7877000602363954,0.787738933301766,0.7885415630634413,0.0008614374401131611,0.9514747754759737,0.8237083074560532,0.8424539891136573,0.831708661362962,0.016013453978091053,0.9351712852416694,0.7501425158512508,0.7624301653605667,0.831708661362962,0.016013453978091053,0.9351712852416694,0,65484,0,0.8992800245098039
322,0.0017057619075856957,0.000862115752846057,0.00021759202567059603,86.3,0.937281070200187,0.9344553289853689,0.9350781803209516,0.7823956388189259,0.0008423005385384773,0.9501367992173725,0.7815966295477174,0.7816247605535842,0.7823956388189259,0.0008423005385384773,0.9501367992173725,0.8220889588365979,0.8401332530924882,0.8272684445223716,0.01532423852691026,0.9351196407362345,0.7469040892261333,0.7587538427660162,0.8272684445223716,0.01532423852691026,0.9351196407362345,0,65688,0,0.8987438725490197
323,0.0017022221781742557,0.0008588060738818894,0.00021737443364492544,77.1,0.9370010513913765,0.9340361173782168,0.9346612818768475,0.7897368007897665,0.0008385034111046437,0.9518118258538215,0.7888570035937836,0.7888952386058671,0.7897368007897665,0.0008385034111046437,0.9518118258538215,0.8202613223984265,0.8386385948281789,0.8337012151780846,0.015818910006331042,0.9358123095948034,0.7522152018269112,0.7643367612423786,0.8337012151780846,0.015818910006331042,0.9358123095948034,0,65892,0,0.9024203431372549
324,0.001702322570410758,0.0008522128350965999,0.0002171570592112805,74.3,0.9372757868264359,0.9343317232778793,0.9349463232917444,0.781221067463303,0.0007510773989355854,0.950032121214981,0.7804699016881991,0.7804923860391443,0.781221067463303,0.0007510773989355854,0.950032121214981,0.817304935673373,0.8356996554121594,0.8252344327404765,0.015463919020744305,0.9347945879845568,0.7456255908680753,0.7572164560822311,0.8252344327404765,0.015463919020744305,0.9347945879845568,0,66096,0,0.9011948529411765
325,0.0017011518402974687,0.0008635892475886723,0.00021693990215206923,120.8,0.9374976885239839,0.9344163348918264,0.9350362294357243,0.7860591172543004,0.0008611375792177532,0.9510581373025726,0.785218117510087,0.7852507058672489,0.7860591172543004,0.0008611375792177532,0.9510581373025726,0.8175160487246487,0.8356543444947,0.8302244181967112,0.01573061064334637,0.9352738113416508,0.7490541118756945,0.760975068277628,0.8302244181967112,0.01573061064334637,0.9352738113416508,0,66300,0,0.8946844362745098
326,0.001704796527252149,0.0008599605451641019,0.00021672296224991715,63.7,0.9377565738377899,0.9347937525968076,0.9354534539801709,0.797688705807661,0.0010918468919288063,0.953599779890221,0.7966724363521677,0.7967287115998432,0.797688705807661,0.0010918468919288063,0.953599779890221,0.8240970684351749,0.843014528715712,0.839659746245019,0.016970369595774144,0.9356928863057687,0.7557408506063443,0.7686016759858063,0.839659746245019,0.016970369595774144,0.9356928863057687,0,66504,0,0.9025735294117647
327,0.001700445811045082,0.0008652577638396729,0.00021650623928766723,75.4,0.9370380350076345,0.9340884452584506,0.9346920285656125,0.7922242165194586,0.0008278990184536428,0.9524670946871151,0.7914681996566825,0.7915043744027812,0.7922242165194586,0.0008278990184536428,0.9524670946871151,0.8223797977260379,0.8408080984794027,0.836051231798691,0.015947071617198036,0.9359840149120641,0.7534189077177241,0.76541990454059,0.836051231798691,0.015947071617198036,0.9359840149120641,0,66708,0,0.8995098039215687
328,0.0017062940237605397,0.0008596248448998894,0.00021628973304837955,73.0,0.9378094075753013,0.934854164303606,0.9354907719102807,0.7824580546665673,0.0008650036705616611,0.9502218559865165,0.781582844994226,0.7816107333996254,0.7824580546665673,0.0008650036705616611,0.9502218559865165,0.8191030550356978,0.8377995997039481,0.825668464929283,0.01585369521318323,0.9343252186979553,0.7448675641278696,0.7565643305807223,0.825668464929283,0.01585369521318323,0.9343252186979553,0,66912,1,0.9044883578431373
329,0.0017070330413487538,0.0008568640224842726,0.00021607344331533117,70.5,0.9379573420403333,0.935071104373801,0.935704447195701,0.7850434408115903,0.000801516539271931,0.9509637007329431,0.7843014957670789,0.7843274493047079,0.7850434408115903,0.000801516539271931,0.9509637007329431,0.8212829217017016,0.8395280837374975,0.8282072704247951,0.015923900239635892,0.934732519857046,0.7469819164007763,0.7589499744925179,0.8282072704247951,0.015923900239635892,0.934732519857046,0,67116,1,0.9007352941176471
330,0.0017039166933482549,0.0008626382310359172,0.00021585736987201584,64.4,0.9372546533314313,0.9344467878853413,0.9351039066727209,0.7861913840108542,0.0009520751916713517,0.951016577286973,0.7853055650550503,0.7853454515883,0.7861913840108542,0.0009520751916713517,0.951016577286973,0.8272494088583938,0.8461124653869976,0.8295745721815565,0.016066144722405702,0.9347707143821076,0.7478857277434175,0.7603719399645253,0.8295745721815565,0.016066144722405702,0.9347707143821076,0,67320,0,0.9057904411764706
331,0.0017019638771136455,0.0008521412084998282,0.00021564151250214384,63.7,0.9381052765053652,0.9353060827760482,0.9359255922270862,0.7894381817601904,0.0009187027008013034,0.9518276732710501,0.7885602379192469,0.7886090895926198,0.7894381817601904,0.0009187027008013034,0.9518276732710501,0.8151092652105679,0.8336609059713056,0.8334232525867205,0.015952222850654747,0.9356143451389101,0.7513236368078454,0.7634376331314755,0.8334232525867205,0.015952222850654747,0.9356143451389101,0,67524,1,0.8981311274509803
332,0.0017023712970709026,0.0008602264961367423,0.0002154258709896417,56.6,0.9373074870689427,0.9344013905263385,0.9350212987905773,0.7886512657619374,0.000884872190126441,0.9515321825130097,0.7878155448375289,0.7878540224500797,0.7886512657619374,0.000884872190126441,0.9515321825130097,0.8157457375300338,0.8338241159620913,0.8317485947627625,0.016093260781170324,0.9349984142607967,0.7496466160677435,0.761416441038369,0.8317485947627625,0.016093260781170324,0.9349984142607967,0,67728,0,0.9006587009803921
333,0.001706066393571924,0.0008593061523488031,0.00021521044511865206,55.1,0.9376033559990067,0.9346601243053181,0.9353242947632177,0.7946945907236506,0.0010734457948304863,0.9527621088842771,0.7936575292557398,0.7937030624439113,0.7946945907236506,0.0010734457948304863,0.9527621088842771,0.8220903315477122,0.8403967376496816,0.8368042137303605,0.016719179739057,0.9350076345393001,0.7517984169680068,0.7642090786780126,0.8368042137303605,0.016719179739057,0.9350076345393001,0,67932,0,0.9008884803921569
334,0.0017022182211946404,0.0008612118742412407,0.0002149952346735334,58.7,0.9371014354926482,0.9342418914592177,0.934885110220446,0.786688463821619,0.0008388411603093362,0.9511873038537327,0.7859142117859292,0.7859292725625718,0.786688463821619,0.0008388411603093362,0.9511873038537327,0.8275019359285659,0.8462265950478096,0.831045599746386,0.015646515019048485,0.9356001151989759,0.7504561944369083,0.7623190075255957,0.831045599746386,0.015646515019048485,0.9356001151989759,0,68136,0,0.8978247549019608
335,0.0016997767390920689,0.0008573952952677665,0.00021478023943885985,55.4,0.9369535010276162,0.934045882571709,0.9347274344438126,0.7831569524064821,0.000827950406104555,0.950314496961352,0.7823013223361384,0.7823323763743866,0.7831569524064821,0.000827950406104555,0.950314496961352,0.823178364887077,0.8423259038045189,0.8271353430874305,0.015597504940337473,0.9349139830556603,0.7470080056847668,0.7588204555284056,0.8271353430874305,0.015597504940337473,0.9349139830556603,0,68340,0,0.8986672794117647
336,0.0016970819583637458,0.0008576574767227908,0.000214565459199421,66.9,0.9374184379177167,0.9345572589250362,0.935172675982373,0.7834652059708924,0.0008865958285651442,0.9504608860046404,0.7826476815791259,0.782689898432966,0.7834652059708924,0.0008865958285651442,0.9504608860046404,0.8188728196005916,0.8372553034464962,0.826248814033094,0.01606138366273834,0.9342638141748036,0.745442236914818,0.7575845062205666,0.826248814033094,0.01606138366273834,0.9342638141748036,0,68544,0,0.9008118872549019
337,0.0017008385335679586,0.0008594360820435714,0.0002143508937402216,76.1,0.9373180538164451,0.9343741821255426,0.9349705889927317,0.7917741896753965,0.0009235341877814659,0.9522421611085031,0.790884091172144,0.7909136310987097,0.7917741896753965,0.0009235341877814659,0.9522421611085031,0.8178315030280956,0.8360775924764465,0.8349071593497119,0.016216731741239745,0.9355506543734574,0.7523795186219842,0.7645584361667641,0.8349071593497119,0.016216731741239745,0.9355506543734574,0,68748,0,0.8987438725490197
338,0.0016924203738716303,0.0008460725612688519,0.00021413654284648136,66.1,0.9381264100003698,0.9352570682555251,0.9358480550181023,0.7943100396077378,0.0009559872196631881,0.9528169588151001,0.7934199327255766,0.7934668495311794,0.7943100396077378,0.0009559872196631881,0.9528169588151001,0.8203398609212225,0.8385845186314815,0.8383763861146057,0.01606344607531469,0.936351789888588,0.7555469542623996,0.7676479672204296,0.8383763861146057,0.01606344607531469,0.936351789888588,0,68952,1,0.8974417892156863
339,0.0016963815798197745,0.0008603658781191898,0.00021392240630363488,68.3,0.9380999931316141,0.9352902081333009,0.9359236589917925,0.7899620809257365,0.0009220577490207136,0.9518720557934959,0.7889875364208179,0.7890330696089893,0.7899620809257365,0.0009220577490207136,0.9518720557934959,0.8171335401361695,0.8360350994106637,0.8326019057796723,0.016368065403476958,0.934977418809072,0.7500919232635382,0.7622589180842376,0.8326019057796723,0.016368065403476958,0.934977418809072,0,69156,0,0.8959865196078431
340,0.001694343844314526,0.0008481383820195611,0.00021370848389733123,82.6,0.9376773232315228,0.9347350610907016,0.9353847745473091,0.7881921261653448,0.0009150609798392273,0.9514923887412223,0.7873481120108516,0.7873795868051878,0.7881921261653448,0.0009150609798392273,0.9514923887412223,0.8168080554988869,0.8350278906564363,0.8322859170015676,0.015859554218352265,0.9354156560076682,0.7502606415474239,0.7624979043041591,0.8322859170015676,0.015859554218352265,0.9354156560076682,0,69360,0,0.8974417892156863
341,0.0016965849362724625,0.0008542599683920872,0.0002134947754134339,80.7,0.9375980726252556,0.9346870266029441,0.9353219392102454,0.7941092516588151,0.0010367900733501045,0.9527376936716377,0.7931294157204642,0.793171362519699,0.7941092516588151,0.0010367900733501045,0.9527376936716377,0.8238020471895148,0.8420762046738421,0.8365900653905729,0.016596762307035256,0.9354098863377656,0.7530486101499199,0.7654656573881286,0.8365900653905729,0.016596762307035256,0.9354098863377656,0,69564,0,0.8967524509803921
342,0.0016992950495834664,0.0008532118205549076,0.00021328128063802048,84.8,0.9371912528464176,0.9343114116584634,0.9350397408489991,0.7871641175937515,0.0009279254335350274,0.9511174020494905,0.7862331154055635,0.7862694155498768,0.7871641175937515,0.0009279254335350274,0.9511174020494905,0.8238108633055662,0.8420601527048308,0.8316949632403251,0.01571666826167676,0.9354972862681376,0.7504657019262595,0.762511351360309,0.8316949632403251,0.01571666826167676,0.9354972862681376,0,69768,0,0.8958333333333334
343,0.0016990412054035593,0.000849393437746413,0.00021306799935738246,92.2,0.9378622413128127,0.9350118428093791,0.9356940122944261,0.7926265447243646,0.0009614880854298962,0.9525047542931508,0.7917021848790863,0.7917477180672579,0.7926265447243646,0.0009614880854298962,0.9525047542931508,0.8184533143277741,0.8370539908716051,0.8351320861533622,0.01650003782908246,0.9352951663993515,0.7519762254173612,0.7642779819814487,0.8351320861533622,0.01650003782908246,0.9352951663993515,0,69972,0,0.9003523284313726
344,0.0016946435829524097,0.0008482323045757819,0.00021285493135802508,92.3,0.9375188220189884,0.9345785209935855,0.9352663628037629,0.7923463703459938,0.0008518814059143887,0.9525168835718513,0.7915812641795391,0.7915960823557144,0.7923463703459938,0.0008518814059143887,0.9525168835718513,0.8164426222036443,0.8343196024666479,0.836391408581466,0.01592134467904225,0.9361528060077542,0.7539804316393324,0.7658541470092933,0.836391408581466,0.01592134467904225,0.9361528060077542,0,70176,0,0.8955269607843137
345,0.001698843200061032,0.0008471902539292914,0.00021264207642666705,84.9,0.937502971897735,0.9345452238494489,0.9352260895829221,0.7917870699403592,0.0008792310717016875,0.9522224465415811,0.7909692572352911,0.7909952107729201,0.7917870699403592,0.0008792310717016875,0.9522224465415811,0.8221896031301685,0.8404059730482281,0.8362141826413766,0.015815184674997644,0.93611518238994,0.7538612340996439,0.7659724820743935,0.8362141826413766,0.015815184674997644,0.93611518238994,0,70380,0,0.9005821078431373
346,0.0016950087184679932,0.0008540669102954575,0.00021242943435024038,81.0,0.9381158432528676,0.9352360816538601,0.9358930719414879,0.7926850443983428,0.0009281693164131125,0.9525159713269309,0.7917745539605717,0.7918061541531224,0.7926850443983428,0.0009281693164131125,0.9525159713269309,0.8154695330142165,0.8339115483279445,0.8360689390547593,0.016225862486424828,0.9357255351749151,0.7531468590130557,0.765417685242614,0.8360689390547593,0.016225862486424828,0.9357255351749151,0,70584,0,0.8985140931372549
347,0.0016980859132565778,0.0008516577423726665,0.00021221700491589013,91.7,0.9380524427678538,0.9351428887343723,0.9357531670864185,0.7948891284756427,0.0008997855896607347,0.9529945838994756,0.7940540203126109,0.7940762620630887,0.7948891284756427,0.0008997855896607347,0.9529945838994756,0.8100115715886257,0.8279166868623198,0.8381446455474195,0.01623907537705673,0.9358624586164457,0.7538545129280957,0.7658954032153154,0.8381446455474195,0.01623907537705673,0.9358624586164457,0,70788,0,0.9035692401960784
348,0.0016942153714469396,0.0008520306416885085,0.00021200478791097424,77.8,0.9379309251715776,0.9348748592634105,0.9354940960957333,0.7815865483042814,0.0007882587737069675,0.949956067930167,0.7807615460441429,0.7807896770500098,0.7815865483042814,0.0007882587737069675,0.949956067930167,0.8237689860126818,0.8420270086748918,0.825489885796553,0.015507437891697848,0.9346297495219964,0.745221525765508,0.756960195332777,0.825489885796553,0.015507437891697848,0.9346297495219964,0,70992,0,0.8993566176470589
349,0.0017003429786521284,0.0008486792153186726,0.00021179278312306326,61.0,0.9380524427678538,0.9351198797309791,0.9357840681606928,0.8002290189226614,0.0009406578088553515,0.9541809586444719,0.7993482719557727,0.7993848421546913,0.8002290189226614,0.0009406578088553515,0.9541809586444719,0.8224659869547608,0.8402685534193657,0.8430677167590223,0.01658485459874542,0.9365146441605959,0.7584577244319,0.7708064659844788,0.8430677167590223,0.01658485459874542,0.9365146441605959,0,71196,0,0.8965992647058824
350,0.0016919238003217341,0.0008580934977824523,0.00021158099033994019,61.7,0.9380260258990981,0.9350925635017948,0.9357366700543779,0.7939136644571084,0.0009743555411362238,0.9527887283100354,0.7930274384469427,0.793055326852342,0.7939136644571084,0.0009743555411362238,0.9527887283100354,0.8156693886267836,0.83359296765493,0.8374540073640923,0.01628591937498246,0.9356841681425423,0.7532341506676287,0.7655293844473565,0.8374540073640923,0.01628591937498246,0.9356841681425423,0,71400,0,0.8972120098039216
351,0.0016951230959510249,0.0008456127093161947,0.00021136940934960024,94.8,0.9376984567265273,0.9347487001530885,0.9353798201827261,0.7860672619575894,0.0007936462497880585,0.9509601752720801,0.7852843929613225,0.7853122813667217,0.7860672619575894,0.0007936462497880585,0.9509601752720801,0.8284651841002675,0.8470861377232972,0.8297455543805958,0.015732250891853233,0.9351532756081442,0.7488666304398027,0.7608073883292752,0.8297455543805958,0.015732250891853233,0.9351532756081442,0,71604,0,0.8967524509803921
352,0.0017003569581920245,0.0008471397875474257,0.00021115803994025065,108.2,0.9382003772328859,0.9353164860490211,0.9359274159624967,0.7954103287412797,0.0009770831946538485,0.9530863590417297,0.7945220568392555,0.7945573688189572,0.7954103287412797,0.0009770831946538485,0.9530863590417297,0.8182476539992771,0.8369416147145682,0.838118992676398,0.01653942369537115,0.9357264293933096,0.7543719086710065,0.7669456022122388,0.838118992676398,0.01653942369537115,0.9357264293933096,0,71808,1,0.9008118872549019
353,0.0016951335619167223,0.0008626556086642895,0.0002109468819003104,100.0,0.9374976885239839,0.9344587464641333,0.9351221761181647,0.793233787404605,0.0008842560114218263,0.9526203802554664,0.7923557308381736,0.7923953494676882,0.793233787404605,0.0008842560114218263,0.9526203802554664,0.8243148113744886,0.842240256160915,0.8367728168897742,0.016081331236681755,0.9359843796704217,0.7538091002468403,0.7658590459185541,0.8367728168897742,0.016081331236681755,0.9359843796704217,0,72012,0,0.9024969362745098
354,0.001696843742940794,0.0008465565484843411,0.0002107359350184101,114.8,0.9379731921615867,0.9350353188536967,0.9356645802726907,0.7894666265441843,0.0009632789246840102,0.95180606617118,0.7886089819986277,0.7886405821911784,0.7894666265441843,0.0009632789246840102,0.95180606617118,0.8232004323618608,0.8415759620300766,0.8318943945310936,0.016445600486427306,0.9346378710702924,0.7484488256522481,0.7607401608115115,0.8318943945310936,0.016445600486427306,0.9346378710702924,0,72216,0,0.9044117647058824
355,0.0016994803491066776,0.0008614027307659482,0.00021052519908339168,87.5,0.938168676990379,0.9351973014927406,0.9357942245289184,0.7913508342495952,0.0009110834515424146,0.9521794533785286,0.7904874527391089,0.7905270713686235,0.7913508342495952,0.0009110834515424146,0.9521794533785286,0.8224557184888708,0.8412591138514041,0.8342976433768995,0.016244502723171225,0.9353004716474653,0.7512472502278448,0.7635228610263487,0.8342976433768995,0.016244502723171225,0.9353004716474653,0,72420,0,0.8999693627450981
356,0.0016928862480163648,0.0008528787169424815,0.0002103146738843083,136.1,0.9375505222614953,0.9346344501568089,0.9352885376391129,0.7902354936532476,0.0008799541977140472,0.9519056481532757,0.789443670795009,0.7894696243326381,0.7902354936532476,0.0008799541977140472,0.9519056481532757,0.8232822972849851,0.8418968183838761,0.8342819925728319,0.015861066133264268,0.9357322484031422,0.7520442165070294,0.7641197923438224,0.8342819925728319,0.015861066133264268,0.9357322484031422,0,72624,0,0.9008884803921569
357,0.001694514772252125,0.0008432989345581444,0.00021010435921042399,81.2,0.938057726141605,0.9351371018164223,0.9357640262568612,0.7905628640073984,0.0009163726142598207,0.9519632053506174,0.7897481818131468,0.7897833683946341,0.7905628640073984,0.0009163726142598207,0.9519632053506174,0.8253187265213612,0.8436853235388025,0.8349628775837883,0.015849296706597616,0.9357963874724696,0.7523161016116814,0.7643734126270512,0.8349628775837883,0.015849296706597616,0.9357963874724696,0,72828,0,0.9012714460784313
358,0.001693962564732989,0.0008505664207331684,0.00020989425485121356,84.9,0.9372969203214404,0.9343989247643685,0.9350676543546793,0.7806783780458008,0.0008053256921685085,0.9497891076419692,0.7799278492900849,0.7799664797549882,0.7806783780458008,0.0008053256921685085,0.9497891076419692,0.8289315808977271,0.8471200593803223,0.8242511183749894,0.015579701389518313,0.934297295861951,0.7438532757411525,0.755648918763602,0.8242511183749894,0.015579701389518313,0.934297295861951,0,73032,0,0.897671568627451
359,0.0016942235273674276,0.000847841000995493,0.00020968436059636233,95.2,0.9374448547864724,0.9345973721202485,0.9352219307274113,0.7961635637130893,0.0009422943348694134,0.9532302084068829,0.7952536205247674,0.7952995491657588,0.7961635637130893,0.0009422943348694134,0.9532302084068829,0.8247306452817204,0.843515261869411,0.8390463794648193,0.016456791795387893,0.9359705656968383,0.7554889699413972,0.7678949051081674,0.8390463794648193,0.016456791795387893,0.9359705656968383,0,73236,0,0.903109681372549
360,0.0016902412028809754,0.0008395997144483552,0.00020947467623576597,94.1,0.9385649300217147,0.9358717843194991,0.9364714510133847,0.7963224964883708,0.0009258583749103313,0.9532420061936351,0.7954552315156952,0.7955042085872827,0.7963224964883708,0.0009258583749103313,0.9532420061936351,0.8209807133285629,0.8392439702437798,0.8397549811839897,0.01626323767646797,0.9361144354372555,0.7555116361251376,0.7677753463086741,0.8397549811839897,0.01626323767646797,0.9361144354372555,0,73440,1,0.8994332107843137
361,0.0016946506038235099,0.0008457121416569723,0.0002092652015595302,77.0,0.9381739603641301,0.9352330031493038,0.9358311712819027,0.7907674476604013,0.0009515256855749523,0.9520017874272254,0.7898652769797536,0.789911205620745,0.7907674476604013,0.0009515256855749523,0.9520017874272254,0.8239031285805888,0.8425874920378935,0.8332698973344715,0.016393193729364125,0.93487790250149,0.7497503021938217,0.7619968781686572,0.8332698973344715,0.016393193729364125,0.93487790250149,0,73644,0,0.9027267156862745
362,0.0016973193731460283,0.0008453347389559082,0.00020905593635797066,91.1,0.9382162273541392,0.9352814013048858,0.935978310761647,0.7871424414378049,0.0009127684296917331,0.9511543196455674,0.7862738402420528,0.786326403702577,0.7871424414378049,0.0009127684296917331,0.9511543196455674,0.8229202916662762,0.8410114273265847,0.8301907518726627,0.016102687826126037,0.9345889946776345,0.7475343408376802,0.7597949659762954,0.8301907518726627,0.016102687826126037,0.9345889946776345,0,73848,0,0.9007352941176471
363,0.0017004512083789735,0.0008469697303130517,0.0002088468804216127,87.6,0.9381105598791164,0.9352556331307825,0.935890353476128,0.7934893693506062,0.0009197948066452783,0.9526748602976117,0.7926642745570566,0.79270290502196,0.7934893693506062,0.0009197948066452783,0.9526748602976117,0.8231176394282381,0.8413796345851713,0.8370462587821145,0.01618910274462125,0.9359912017392188,0.754471946024223,0.7667154302097018,0.8370462587821145,0.01618910274462125,0.9359912017392188,0,74052,0,0.9012714460784313
364,0.0016928614914992497,0.000845088233791006,0.0002086380335411911,93.3,0.9385226630317055,0.9356007828797702,0.936294359361241,0.7941951230954238,0.0009730253972665549,0.9527631293986395,0.7933178566688737,0.793356487133777,0.7941951230954238,0.0009730253972665549,0.9527631293986395,0.8171232972044861,0.8350164206070477,0.8368331559068544,0.016486338975835905,0.9353987525142557,0.7527538119876002,0.765104187443228,0.8368331559068544,0.016486338975835905,0.9353987525142557,0,74256,0,0.9008118872549019
365,0.001698143962273082,0.0008639950095780931,0.0002084293955076499,117.6,0.9373497540589519,0.9343270009828883,0.9349478478806774,0.7906261052515392,0.000874530918210123,0.9520715925313287,0.7897291192913659,0.7897687379208806,0.7906261052515392,0.000874530918210123,0.9520715925313287,0.8186242530875572,0.8368010850651983,0.8336900567620898,0.016179469528627255,0.9353785913009229,0.7512922623706902,0.7631829894259093,0.8336900567620898,0.016179469528627255,0.9353785913009229,0,74460,0,0.8994332107843137
366,0.0016911527787919576,0.0008445254590461424,0.00020822096611214225,94.1,0.9374078711702144,0.9345060482290815,0.9351795886283615,0.7889403886487314,0.00084070637888991,0.9515851644564269,0.7881436946313033,0.7881745060690843,0.7889403886487314,0.00084070637888991,0.9515851644564269,0.8282934375690074,0.8469012853628131,0.8327177562395859,0.015828110111002956,0.9355058165459312,0.7509976145439615,0.7628796513644124,0.8327177562395859,0.015828110111002956,0.9355058165459312,0,74664,0,0.8983609068627451
367,0.0016852481502984814,0.0008484324861284258,0.00020801274514603012,79.9,0.9377882740802967,0.934754080279716,0.9354176676311698,0.7871828603315214,0.0008733690674606744,0.9511720720225649,0.7864006997055444,0.7864352229304766,0.7871828603315214,0.0008733690674606744,0.9511720720225649,0.8167425647494341,0.8348407809415994,0.831501108266827,0.015654992590525982,0.9355355429054517,0.7504175627944545,0.7622238803178134,0.831501108266827,0.015654992590525982,0.9355355429054517,0,74868,0,0.8960631127450981
368,0.0016947091972528427,0.0008471999451186361,0.0002078047324008841,77.8,0.9381581102428767,0.9352762503190737,0.9359288970833707,0.7926797758884249,0.0009480578539248064,0.9525705507981085,0.7918575011446856,0.7918957361567691,0.7926797758884249,0.0009480578539248064,0.9525705507981085,0.8215881787263913,0.8401765594061401,0.8357764250484521,0.016345344904559075,0.9355107493627304,0.7524741610085002,0.7643985548671042,0.8357764250484521,0.016345344904559075,0.9355107493627304,0,75072,0,0.9039522058823529
369,0.0016929533779986349,0.0008450972483935321,0.0002075969276684832,88.6,0.9385966302642216,0.935752141130654,0.9363794183433076,0.7950570731374054,0.0009069363118033862,0.952975862084196,0.794154052815687,0.7941856530082376,0.7950570731374054,0.0009069363118033862,0.952975862084196,0.8154545893588414,0.8343585171454647,0.8383161128066194,0.01624181130274631,0.9358162362372155,0.7537933070304625,0.765892698725669,0.8383161128066194,0.01624181130274631,0.9358162362372155,0,75276,1,0.9024969362745098
370,0.0016923600233698665,0.0008488045960569343,0.00020738933074081472,96.3,0.9377935574540479,0.9349909896658402,0.9356301529171452,0.7975469241651575,0.0009569028863371847,0.9534396272213189,0.7966826567297762,0.7967248735836163,0.7975469241651575,0.0009569028863371847,0.9534396272213189,0.8243226995216312,0.8423170504227633,0.8410228618688025,0.016306041786525276,0.936285166363829,0.7566649871561755,0.768694337040546,0.8410228618688025,0.016306041786525276,0.936285166363829,0,75480,0,0.9025735294117647
371,0.0016937622019801946,0.0008453554016868673,0.0002071819414100739,81.1,0.9378305410703058,0.9349434801444312,0.935613449935157,0.7867951135672313,0.0008147164261345025,0.9513610381601704,0.7860590889356145,0.78608350815433,0.7867951135672313,0.0008147164261345025,0.9513610381601704,0.8223952243169351,0.8406867714790751,0.8306930068948146,0.01579310337336445,0.9353056494215053,0.7491768690316783,0.7611175793000763,0.8306930068948146,0.01579310337336445,0.9353056494215053,0,75684,0,0.9017310049019608
372,0.001691424557779386,0.0008513020936417247,0.00020697475946866383,78.4,0.9382320774753927,0.9355087085492535,0.9361438591370272,0.7880544786487385,0.0008478004726141051,0.9514330332491816,0.787142236063199,0.7871740788562172,0.7880544786487385,0.0008478004726141051,0.9514330332491816,0.8183983006028089,0.8366001831366052,0.8314923146197537,0.015947365076856464,0.9352300985576941,0.749901090650863,0.7616031091767715,0.8314923146197537,0.015947365076856464,0.9352300985576941,0,75888,0,0.899203431372549
373,0.0016885830452391768,0.0008534404220134406,0.00020676778470919517,76.2,0.9377143068477807,0.9346679244138384,0.9352988483486967,0.7843143617981002,0.0008486737140900142,0.9506465823877175,0.7835720202636922,0.7836072068451795,0.7843143617981002,0.0008486737140900142,0.9506465823877175,0.8248275126292526,0.8431018147061896,0.8269065368060804,0.016105626234690838,0.9340217337038385,0.7445883723589448,0.7568981031808034,0.8269065368060804,0.016105626234690838,0.9340217337038385,0,76092,0,0.8978247549019608
374,0.0016850412483144477,0.0008491080670111819,0.00020656101692448597,91.2,0.9384909627891986,0.9356048579272924,0.9362716983216757,0.7941908123751272,0.0009004780892965309,0.9528955767583586,0.7934030962469184,0.7934346964394691,0.7941908123751272,0.0009004780892965309,0.9528955767583586,0.8177959824077029,0.835754141401093,0.8377470884967665,0.01617854088118091,0.9357990139621655,0.7532740236127563,0.7652233875087635,0.8377470884967665,0.01617854088118091,0.9357990139621655,0,76296,0,0.8962928921568627
375,0.0016906045887427514,0.0008469542045780949,0.0002063544559075615,90.8,0.9382743444654018,0.9353342308850975,0.935970637740974,0.796967024574841,0.0008880399608047136,0.9534729810083995,0.796130572787147,0.7961657593686343,0.796967024574841,0.0008880399608047136,0.9534729810083995,0.8252715808391696,0.8434838114582413,0.8397300619707571,0.0164899383235189,0.935799944105749,0.7547368388035294,0.767067839021265,0.8397300619707571,0.0164899383235189,0.935799944105749,0,76500,0,0.9055606617647058
376,0.0016924458956482874,0.0008487218042174176,0.00020614810145165393,78.2,0.938279627839153,0.9352585882465855,0.9359176885518085,0.7999063951220063,0.000948910222497386,0.954090917180772,0.7990934454840094,0.7991422971573823,0.7999063951220063,0.000948910222497386,0.954090917180772,0.824936532148971,0.8434915548542716,0.8426767479219275,0.016623231757479297,0.9363623653690266,0.7579915036705149,0.7702911716114702,0.8426767479219275,0.016623231757479297,0.9363623653690266,0,76704,0,0.8998927696078431
377,0.0016922015056479722,0.0008429834284902957,0.00020594195335020226,68.4,0.9383324615766644,0.9355253357166555,0.9361798607740323,0.7900994964584228,0.000891727890515889,0.9518595547848557,0.789258615905129,0.7892976396719823,0.7900994964584228,0.000891727890515889,0.9518595547848557,0.8232004804354194,0.8418824619349984,0.8328349624523622,0.016226327904267042,0.9350399432590906,0.7501322224452566,0.76251532299858,0.8328349624523622,0.016226327904267042,0.9350399432590906,0,76908,0,0.9013480392156863
378,0.001684283916998253,0.0008467079872846793,0.00020573601139685206,86.1,0.9381105598791164,0.9350859715153403,0.9357338258735011,0.7989703018240839,0.0009466601819935265,0.953929711911215,0.7980175023263482,0.7980667473016709,0.7989703018240839,0.0009466601819935265,0.953929711911215,0.823851296029106,0.8420725960371362,0.840702824466384,0.016878918972647573,0.9356383595839431,0.7552021108582658,0.7676313051992364,0.840702824466384,0.016878918972647573,0.9356383595839431,0,77112,0,0.8982077205882353
379,0.001688295795568539,0.0008385044943322299,0.0002055302753854552,79.1,0.9383588784454201,0.9355338078851445,0.9361918855195062,0.7968664283996544,0.0009670589798411299,0.95339621639425,0.7960271903742354,0.7960623769557229,0.7968664283996544,0.0009670589798411299,0.95339621639425,0.8246540529198313,0.8433392726879204,0.8396984676729509,0.016495590440872863,0.9358396533603817,0.7549706000182809,0.7671494363577311,0.8396984676729509,0.016495590440872863,0.9358396533603817,0,77316,0,0.8997395833333334
380,0.0016877094892027112,0.0008502990647592095,0.00020532474511006976,97.8,0.9389611830530503,0.9360708994463882,0.936674957134511,0.8028432922203751,0.0010227080838505274,0.9546935897051467,0.8018791166060046,0.801920938007025,0.8028432922203751,0.0010227080838505274,0.9546935897051467,0.8161012246262846,0.8342605073988881,0.8451565741828544,0.016895152152072043,0.9364533678230684,0.7593814267101122,0.7716981569736466,0.8451565741828544,0.016895152152072043,0.9364533678230684,0,77520,1,0.8997395833333334
381,0.0016886471986414537,0.0008491653270674414,0.0002051194203649597,97.8,0.9384592625466918,0.9355667157172971,0.9362369984337167,0.7846363211381208,0.0008395965054566367,0.9507297526929539,0.78382124604156,0.7838634628954,0.7846363211381208,0.0008395965054566367,0.9507297526929539,0.8199000316060685,0.8378431933177101,0.827145691890627,0.016096417216701343,0.9340828614712843,0.7446471204248466,0.756715441897642,0.827145691890627,0.016096417216701343,0.9340828614712843,0,77724,0,0.8959099264705882
382,0.001684376149890287,0.0008472397962336442,0.00020491430094459473,97.2,0.9388396654567741,0.9358791972307574,0.9364734802155166,0.7952951185478815,0.0008887543465791591,0.9530380449950889,0.7945163428784738,0.7945515294599612,0.7952951185478815,0.0008887543465791591,0.9530380449950889,0.8198671480392478,0.8381764737454774,0.8383997873680854,0.016259932313829596,0.9359279216649934,0.7545788388600078,0.7664785786882486,0.8383997873680854,0.016259932313829596,0.9359279216649934,0,77928,0,0.9015012254901961
383,0.0016867618313899228,0.0008483945821121982,0.00020470938664365014,85.3,0.9379150750503241,0.9349926639194082,0.9356497001068729,0.7963127720900279,0.0009104924297475077,0.9532996560224808,0.795375583101847,0.7954108950815488,0.7963127720900279,0.0009104924297475077,0.9532996560224808,0.8228514071798643,0.8410287803366372,0.839865268666,0.016251801207563917,0.9364486469503207,0.7570082160459953,0.7691125799431673,0.839865268666,0.016251801207563917,0.9364486469503207,0,78132,0,0.8967524509803921
384,0.001686880669748301,0.0008420812718621149,0.0002045046772570065,83.2,0.938094709757863,0.9349771737052424,0.935635982670167,0.794790667725087,0.000855090477797489,0.9530615970357613,0.7939362340301774,0.7939678342227281,0.794790667725087,0.000855090477797489,0.9530615970357613,0.8230733602982332,0.8414357319809543,0.837491827541586,0.016371075859832458,0.9358460226954864,0.7541052027366252,0.7662620120904091,0.837491827541586,0.016371075859832458,0.9358460226954864,0,78336,0,0.8995863970588235
385,0.0016840893013959786,0.00084128609844303,0.0002043001725797495,93.0,0.9392147849931052,0.9363774723192255,0.9370111159607645,0.7958916070587606,0.0009083749934932253,0.9531829426551159,0.7949335414790326,0.7949795955182385,0.7958916070587606,0.0009083749934932253,0.9531829426551159,0.8162977978274532,0.8346582009264671,0.837766476900715,0.016658758333101736,0.9352682065938072,0.7526960329018376,0.765057029493997,0.837766476900715,0.016658758333101736,0.9352682065938072,0,78540,1,0.9008884803921569
386,0.0016932599703032597,0.0008640358658720523,0.00020409587240716973,81.9,0.9381105598791164,0.935209135081275,0.9358646809730504,0.7868783514607282,0.0009439795014561201,0.9510871772746969,0.7859480407076099,0.7859796409001606,0.7868783514607282,0.0009439795014561201,0.9510871772746969,0.822807255075127,0.8413002774204495,0.8300645849587353,0.016038499277793713,0.9347495690247802,0.7477352672928073,0.7599135801117366,0.8300645849587353,0.016038499277793713,0.9347495690247802,0,78744,0,0.901577818627451
387,0.0016857957462871483,0.0008393511527209027,0.00020389177653476256,79.2,0.9385543632742124,0.93581515050274,0.9364915482833335,0.7934874142171343,0.0008340293944860306,0.9526569458976797,0.7926287485493823,0.7926640605290841,0.7934874142171343,0.0008340293944860306,0.9526569458976797,0.8154263576563491,0.8332706103610276,0.8362245488121088,0.016248022838195427,0.9355702663013042,0.7527990226572251,0.7646209530330946,0.8362245488121088,0.016248022838195427,0.9355702663013042,0,78948,0,0.9044117647058824
388,0.0016792077501532714,0.000841568671209533,0.0002036878847582278,85.7,0.9383377449504156,0.9354178595092998,0.9360621893152459,0.794993389604784,0.0009377517827790402,0.9529813746624427,0.7941300690571863,0.7941732740756376,0.794993389604784,0.0009377517827790402,0.9529813746624427,0.817321556050657,0.835398661229775,0.8372710210620569,0.01659238340426053,0.9353612406600792,0.752976502049418,0.7654365096727119,0.8372710210620569,0.01659238340426053,0.9353612406600792,0,79152,0,0.8995098039215687
389,0.0016889770785757504,0.0008396907886757166,0.00020348419687346957,89.5,0.9385702133954658,0.9357824384021232,0.9364363336010434,0.7931477677047555,0.0008979278227741646,0.9524949851034504,0.7922602870793272,0.7923025039331673,0.7931477677047555,0.0008979278227741646,0.9524949851034504,0.8178833165887719,0.836162061422722,0.8358515043813171,0.016331016342748327,0.9352195419870512,0.7515965814830419,0.763848335900663,0.8358515043813171,0.016331016342748327,0.9352195419870512,0,79356,0,0.9001991421568627
390,0.0016825900443911772,0.0008393767329950959,0.00020328071267659611,90.7,0.9387551314767558,0.9358450766688983,0.9364748032792715,0.7937136163889223,0.0009042595544215771,0.9526946278816925,0.7927949753086385,0.7928264501029747,0.7937136163889223,0.0009042595544215771,0.9526946278816925,0.8176066350916427,0.8358483270965688,0.8369352781088785,0.016247906877178437,0.9357858830936482,0.7537692280897064,0.7660155905456638,0.8369352781088785,0.016247906877178437,0.9357858830936482,0,79560,0,0.8980545343137255
391,0.001682621338998205,0.00083449624528621,0.00020307743196391952,91.7,0.9385279464054567,0.9357113891998835,0.9363520592458829,0.7927593894198326,0.0008753612330962679,0.9524328579569387,0.7919812326954442,0.792009363701311,0.7927593894198326,0.0008753612330962679,0.9524328579569387,0.8156841533226884,0.8338769035387594,0.836147867644201,0.01609991280010497,0.9356656873940881,0.7528412853670472,0.7646572941556257,0.836147867644201,0.01609991280010497,0.9356656873940881,0,79764,0,0.9018075980392157
392,0.0016778284374524054,0.0008505708067298515,0.0002028743545319556,88.3,0.9389453329317969,0.9360839757808193,0.9367262093422449,0.7891726366583807,0.0008991960776624699,0.9516902791768183,0.7883397040679131,0.7883678350737799,0.7891726366583807,0.0008991960776624699,0.9516902791768183,0.8146310376843752,0.8328384417381767,0.832388629298884,0.016070404605643906,0.9350877582815323,0.7495934526305744,0.7613384530715182,0.832388629298884,0.016070404605643906,0.9350877582815323,0,79968,0,0.8968290441176471
393,0.0016890575518082901,0.0008368200401501431,0.00020267148017742365,116.8,0.9388079652142672,0.9358625440846517,0.936494527486313,0.7950913916179124,0.0008756827564291192,0.9529771167256118,0.7941925644755136,0.7942384931165051,0.7950913916179124,0.0008756827564291192,0.9529771167256118,0.8223962985957086,0.840669174057353,0.837518951806654,0.016478870429083615,0.935369644554435,0.7527517479006316,0.7650340468556546,0.837518951806654,0.016478870429083615,0.935369644554435,0,80172,0,0.9031862745098039
394,0.0016850784481457417,0.0008417025022851323,0.0002024688086972462,97.4,0.9382373608491438,0.9352981040559306,0.9359281011176371,0.7935946899664605,0.0009476144678322565,0.9525666880061532,0.7927791508986624,0.7928178985658186,0.7935946899664605,0.0009476144678322565,0.9525666880061532,0.8263738199363561,0.844758719076705,0.8368391378592848,0.016218928584655384,0.9357705503391415,0.7537785937987552,0.7657421409516463,0.8368391378592848,0.016218928584655384,0.9357705503391415,0,80376,0,0.8992800245098039
395,0.0016845492086848062,0.0008387976110581162,0.00020226633988854896,100.8,0.9383641618191713,0.9355720657669678,0.9361947405006091,0.7973153329436302,0.000919122347535776,0.9534676269679547,0.7963924741410854,0.7964346909949256,0.7973153329436302,0.000919122347535776,0.9534676269679547,0.824955218048684,0.8436093862417569,0.8398078211369345,0.01658121836491809,0.9357899235273318,0.7553142619557288,0.7677334306306974,0.8398078211369345,0.01658121836491809,0.9357899235273318,0,80580,0,0.8959099264705882
396,0.001685319803929066,0.0008352583380928411,0.00020206407354866042,96.3,0.9388502322042763,0.9359893299292253,0.9366193638426431,0.7940776106469744,0.0008735667214800081,0.9528438035000244,0.7932917275561604,0.7933227815944088,0.7940776106469744,0.0008735667214800081,0.9528438035000244,0.8171723455090597,0.835370041650129,0.8377535749659908,0.016094962083216452,0.9360758839123999,0.7544459966312494,0.7663851805346441,0.8377535749659908,0.016094962083216452,0.9360758839123999,0,80784,0,0.9002757352941176
397,0.0016892713103123813,0.000837788855240012,0.00020186200947511175,91.1,0.9387128644867466,0.9359832909096683,0.9366032520337555,0.7883465893822632,0.000821414009133477,0.9514797554951024,0.7875433857465136,0.7875785723280009,0.7883465893822632,0.000821414009133477,0.9514797554951024,0.821414329170464,0.839664093880743,0.8314721474794251,0.015968739421067243,0.9350915407414874,0.7494243464886505,0.761222351807594,0.8314721474794251,0.015968739421067243,0.9350915407414874,0,80988,0,0.9000459558823529
398,0.0016809768487434542,0.0008387147452849835,0.00020166014746563664,99.3,0.9383483116979178,0.9352517284010059,0.9358696742457131,0.7961149696344174,0.0010186245022709092,0.9530823017039923,0.795223869681692,0.7952591816613939,0.7961149696344174,0.0010186245022709092,0.9530823017039923,0.8206329703652436,0.8391037870085134,0.8396791904935823,0.01632632111802612,0.936086200290114,0.7557699637179329,0.7679152693263592,0.8396791904935823,0.01632632111802612,0.936086200290114,0,81192,0,0.9026501225490197
399,0.0016815393048055544,0.0008349020208234329,0.000201458487318171,101.4,0.9391302510130869,0.9362699072338005,0.9369094530786465,0.7806684827900988,0.0008262109039490712,0.9499117184881053,0.7799049458561634,0.7799471627100036,0.7806684827900988,0.0008262109039490712,0.9499117184881053,0.8154187281120713,0.8336164955163822,0.8229581761273735,0.016034739626026428,0.933500062903799,0.7414005581582657,0.7534287690831097,0.8229581761273735,0.016034739626026428,0.933500062903799,0,81396,0,0.9008884803921569
400,0.0016808851060512312,0.0008371395971807711,0.00020125702883085284,100.0,0.9385490799004612,0.9356273473177456,0.9362322079778415,0.7921248785228289,0.0008220503935211733,0.9523939084268108,0.7913502937824,0.7913818939749505,0.7921248785228289,0.0008220503935211733,0.9523939084268108,0.8231010251934635,0.8412926711114805,0.8347276438507182,0.016283973277028175,0.9352305014353974,0.7511668951666471,0.7631554944780949,0.8347276438507182,0.016283973277028175,0.9352305014353974,0,81600,0,0.9041819852941176
401,0.0016897822406106427,0.0008366206487263316,0.00020105577180202198,100.6,0.9386441806279818,0.9356810809638185,0.9363561783601656,0.7909238133119698,0.0009469700454265252,0.9520134189440157,0.7900672642305432,0.7901025762102452,0.7909238133119698,0.0009469700454265252,0.9520134189440157,0.8266293714012259,0.8453535139994738,0.8333783452925112,0.016352933315191897,0.935012791361724,0.7502460713600115,0.7621716210065281,0.8333783452925112,0.016352933315191897,0.935012791361724,0,81804,0,0.8995098039215687
402,0.0016834914550760433,0.0008300785664111848,0.00020085471603021996,139.6,0.9389347661842946,0.9360936935612235,0.9367465809388712,0.7893220877881637,0.0008146976901619689,0.9518568599059616,0.7885007847889568,0.7885390198010405,0.7893220877881637,0.0008146976901619689,0.9518568599059616,0.8217965895643938,0.8402107733334041,0.8319088288518464,0.016226386752839023,0.9350146488144317,0.7497373190492025,0.7615383473352588,0.8319088288518464,0.016226386752839023,0.9350146488144317,0,82008,0,0.8995098039215687
403,0.0016824967517773165,0.0008325600855759613,0.00020065386131418975,113.0,0.93854379652671,0.935606175758827,0.9362691624212295,0.7985272385303067,0.0009071573975777499,0.9538238241068062,0.7976506040448229,0.7976822042373736,0.7985272385303067,0.0009071573975777499,0.9538238241068062,0.8232927949111164,0.8415345387096774,0.84123734258813,0.016506555319270554,0.9361549416798352,0.7563599396211789,0.7686881589215774,0.84123734258813,0.016506555319270554,0.9361549416798352,0,82212,0,0.8975949754901961
404,0.0016885683751966367,0.0008407599509614837,0.00020045320745287556,78.3,0.9387287146080001,0.9357788657163061,0.9364147220463916,0.7998614857946671,0.0010220869796166133,0.9539136150897793,0.7989030451084591,0.7989236271418088,0.7998614857946671,0.0010220869796166133,0.9539136150897793,0.8115417036042246,0.8294656870666761,0.842101074867184,0.016776294191143674,0.9357933313337234,0.7560840573346043,0.768253777767861,0.842101074867184,0.016776294191143674,0.9357933313337234,0,82416,0,0.9016544117647058
405,0.0016771263183852402,0.0008330278986775279,0.00020025275424542268,95.5,0.9384381290516872,0.9355447031751438,0.9362211823716432,0.7960284843014174,0.0009577749558740553,0.953073370101802,0.7951816226809104,0.7952146064908923,0.7960284843014174,0.0009577749558740553,0.953073370101802,0.8230576636060708,0.841080420810487,0.8386249721245935,0.016502444087119875,0.9355890022059407,0.7539997071117867,0.7662010544659756,0.8386249721245935,0.016502444087119875,0.9355890022059407,0,82620,0,0.8921568627450981
406,0.0016802227884695372,0.0008434839392355999,0.00020005250149117724,88.9,0.9384803960416964,0.9356127421671682,0.9362808321883077,0.7968501283522905,0.0008732584696278148,0.9533078254092245,0.7959731416538404,0.7960113766659239,0.7968501283522905,0.0008732584696278148,0.9533078254092245,0.8224733489325129,0.8410941075054923,0.8404218812002517,0.01613926102008585,0.9365101975136799,0.7572876924408071,0.7693940276991819,0.8404218812002517,0.01613926102008585,0.9365101975136799,0,82824,0,0.8925398284313726
407,0.0016804777106324978,0.0008503146370541157,0.00019985244898968607,92.3,0.9383958620616781,0.9355999577786718,0.9362280502691156,0.7996896482557253,0.0010914490275559588,0.9538626998130725,0.7987240520383683,0.7987626825032715,0.7996896482557253,0.0010914490275559588,0.9538626998130725,0.8246825516633957,0.8436463203057494,0.8414876592487597,0.01700185798433603,0.9354782146307958,0.7553694892829389,0.7677463396859817,0.8414876592487597,0.01700185798433603,0.9354782146307958,0,83028,0,0.8983609068627451
408,0.0016777052061276183,0.0008421469154899185,0.00019965259654069638,86.8,0.9377565738377899,0.9348728027080021,0.9355560734560288,0.7928414947347481,0.0008353937902278835,0.9525923311316413,0.791976199883666,0.7920147049503549,0.7928414947347481,0.0008353937902278835,0.9525923311316413,0.8255406352385145,0.8444595412937088,0.8364027281703843,0.016060356900686405,0.9358094706939878,0.7529961704170437,0.7652657538334026,0.8364027281703843,0.016060356900686405,0.9358094706939878,0,83232,0,0.8991268382352942
409,0.0016812893251578014,0.0008290155787409467,0.00019945294394415567,76.8,0.9392834688518701,0.9364069919686363,0.9370481546980941,0.789240455373179,0.0008482802569583026,0.9516853468872594,0.7884460701365801,0.7884949218099531,0.789240455373179,0.0008482802569583026,0.9516853468872594,0.821394341179415,0.8399916705377578,0.8329211399334282,0.01591079769525459,0.935240873420731,0.7498369574240465,0.7618047771939226,0.8329211399334282,0.01591079769525459,0.935240873420731,0,83436,1,0.9008118872549019
410,0.001676256250813786,0.0008309701737813551,0.0001992534910002115,69.1,0.9388607989517787,0.9359794004918205,0.9366300584382011,0.7921347876291441,0.0008257063550554008,0.9524234216485653,0.7913810798295922,0.7914176500285105,0.7921347876291441,0.0008257063550554008,0.9524234216485653,0.8209305189148158,0.8393062951712861,0.8352595260115928,0.016147175361965336,0.9356441300091164,0.7526059720473377,0.7647472400635135,0.8352595260115928,0.016147175361965336,0.9356441300091164,0,83640,0,0.897671568627451
411,0.0016744840101512405,0.0008434723761632659,0.0001990542375092113,58.7,0.938316611455411,0.9352288040581336,0.9359074160436074,0.7915904895280952,0.0010295598033404777,0.9519754363057928,0.7907314038058119,0.790780255479185,0.7915904895280952,0.0010295598033404777,0.9519754363057928,0.8147743198540215,0.8331246041671797,0.8350195968576181,0.01618856123943787,0.9353266338903268,0.7515808662119353,0.763936976468144,0.8350195968576181,0.01618856123943787,0.9353266338903268,0,83844,0,0.8986672794117647
412,0.0016741741062872404,0.0008382554000386654,0.00019885518327170207,71.5,0.9388502322042763,0.93607609049844,0.9367687828241049,0.7961234993134404,0.0009083620144350043,0.9532192144597411,0.7953109684853629,0.7953458871631149,0.7961234993134404,0.0009083620144350043,0.9532192144597411,0.8200287772491,0.8381754067234548,0.8395412579305152,0.01622896189063474,0.936202306895003,0.7555231840941875,0.7675076812603415,0.8395412579305152,0.01622896189063474,0.936202306895003,0,84048,0,0.8984375
413,0.0016772052051736881,0.0008371843407979786,0.00019865632808843038,97.1,0.9384328456779361,0.9355046027420129,0.9361101736304477,0.7833034007284229,0.0008554022874178945,0.9503746670000167,0.7825617507018338,0.7825785037457791,0.7833034007284229,0.0008554022874178945,0.9503746670000167,0.8193871167478244,0.837256539382341,0.8264224258149541,0.0158980489262634,0.9342010468913623,0.7446676461591827,0.7563813699176796,0.8264224258149541,0.0158980489262634,0.9342010468913623,0,84252,0,0.8962928921568627
414,0.0016812113434414141,0.0008323562653956988,0.00019845767176034196,99.2,0.9381211266266187,0.9352174598868466,0.9358220065946483,0.7896520636492763,0.0009042544104755452,0.9517154854051897,0.7888220904361667,0.7888681444753727,0.7896520636492763,0.0009042544104755452,0.9517154854051897,0.8235432688033886,0.8423862981324575,0.8330164161102996,0.016041458602308316,0.9351280181530426,0.7498935571117296,0.7618283965541857,0.8330164161102996,0.016041458602308316,0.9351280181530426,0,84456,0,0.8980545343137255
415,0.0016815851787196508,0.0008327882187007215,0.0001982592140885816,100.3,0.9392676187306166,0.9363307455327733,0.9369658461042412,0.7915524603691656,0.0008387251373338366,0.9523298589756931,0.790734769003763,0.7907696876815151,0.7915524603691656,0.0008387251373338366,0.9523298589756931,0.8168507015805813,0.8348711818855058,0.8339824059152506,0.016336219850960815,0.934865739044677,0.7493937008488688,0.7617063462965481,0.8339824059152506,0.016336219850960815,0.934865739044677,0,84660,0,0.9029564950980392
416,0.0016773624480336759,0.0008344150437609364,0.00019806095487449302,99.3,0.9389347661842946,0.9360480985292245,0.9366776700510636,0.7945596779458176,0.0009569429059378395,0.9527957306391287,0.7935947884006282,0.7936334188655317,0.7945596779458176,0.0009569429059378395,0.9527957306391287,0.8249656024152582,0.8433956289361675,0.8367643008530083,0.016588070908887465,0.9351700911071251,0.7522232163807644,0.7643764668650099,0.8367643008530083,0.016588070908887465,0.9351700911071251,0,84864,0,0.9021905637254902
417,0.0016776270532122284,0.0008409158735591157,0.00019786289391961851,96.2,0.9384486957991895,0.9355295985709596,0.9362121345681159,0.7951821193237169,0.0009198220386835714,0.9529793209410024,0.7943788489209778,0.7944104491135284,0.7951821193237169,0.0009198220386835714,0.9529793209410024,0.8247598698865393,0.8428685059243295,0.8384200391504931,0.01629411436830756,0.9358728651477041,0.7544913171270637,0.7668046461849641,0.8384200391504931,0.01629411436830756,0.9358728651477041,0,85068,0,0.8972120098039216
418,0.0016825420641586842,0.0008316853040199768,0.0001976650310256989,97.2,0.9390351502855664,0.9361667547026024,0.9367687631615641,0.8049434188509298,0.0010907382022808927,0.9551285849506559,0.8039361467494069,0.8039747772143104,0.8049434188509298,0.0010907382022808927,0.9551285849506559,0.8185711808556466,0.8369910916781886,0.8462198562502278,0.017306217613424445,0.9362020280556641,0.7597067681180096,0.7721594866355371,0.8462198562502278,0.017306217613424445,0.9362020280556641,0,85272,0,0.9002757352941176
419,0.001681299097767538,0.000830960334632091,0.0001974673659946732,93.7,0.9389506163055481,0.9359665361260568,0.9365822820572592,0.7934019111738205,0.0008768885798569099,0.9525869785858376,0.7926004127211155,0.7926189426844419,0.7934019111738205,0.0008768885798569099,0.9525869785858376,0.820664890223976,0.8387401631458289,0.8369030985845723,0.016079955827057294,0.9357841497287424,0.7532887098317878,0.765302197801053,0.8369030985845723,0.016079955827057294,0.9357841497287424,0,85476,0,0.9028033088235294
420,0.0016799323191163222,0.0008395420407438641,0.00019726989862867852,95.7,0.9390721339018243,0.936213089685253,0.9369041043115426,0.7961962909847494,0.0009310068439094126,0.9533143307990127,0.7953262067436584,0.7953648372085618,0.7961962909847494,0.0009310068439094126,0.9533143307990127,0.8125488125835013,0.8304906218018383,0.8385623991000873,0.0165733869439116,0.9355908858058536,0.7537714518270818,0.7661428218647398,0.8385623991000873,0.0165733869439116,0.9355908858058536,0,85680,0,0.9047181372549019
421,0.0016787582637477374,0.0008345050907034116,0.00019707262873004983,90.4,0.9386019136379726,0.9357553659209197,0.9364113721713838,0.792856338892307,0.0007993959746086424,0.9526571408666284,0.7921101230479994,0.7921323647984772,0.792856338892307,0.0007993959746086424,0.9526571408666284,0.8254203525526126,0.8435926319310333,0.8361614069859784,0.016069278869996463,0.9359595046504449,0.7535962085314615,0.7657429889492926,0.8361614069859784,0.016069278869996463,0.9359595046504449,0,85884,0,0.9019607843137255
422,0.0016805711687387277,0.0008467006134028713,0.00019687555610131978,95.1,0.9386811642442398,0.9358599274816042,0.9364993282426948,0.7908596988666737,0.000724847560795271,0.9521442710717776,0.7901154398657126,0.7901466467563135,0.7908596988666737,0.000724847560795271,0.9521442710717776,0.815581391794363,0.8335427300672108,0.8344682502196117,0.015836987880931654,0.9356178334263977,0.7514628501407552,0.7633617034900229,0.8344682502196117,0.015836987880931654,0.9356178334263977,0,86088,0,0.8979779411764706
423,0.0016741196878309198,0.0008353499844483685,0.00019667868054521845,95.9,0.9387921150930137,0.9358055180352722,0.9364823132846487,0.7969890485709953,0.0009610521661876772,0.9533714546594095,0.7961389720183705,0.79617373784377,0.7969890485709953,0.0009610521661876772,0.9533714546594095,0.8213225177393491,0.8392721836928606,0.8407698729023051,0.01618598598993177,0.9364631086315077,0.7568717097117857,0.7686765646594116,0.8407698729023051,0.01618598598993177,0.9364631086315077,0,86292,0,0.9005821078431373
424,0.0016752385126892477,0.0008312768012808236,0.00019648200186467323,91.9,0.9391725180030961,0.9363707799378334,0.9369943335780831,0.7991899091441453,0.0009029743853805345,0.9540416508339632,0.7984133116072107,0.7984555284610507,0.7991899091441453,0.0009029743853805345,0.9540416508339632,0.822584890198207,0.8412417491445003,0.8413879719149536,0.016736730366908207,0.9359221069983132,0.7559928044124674,0.768168467188594,0.8413879719149536,0.016736730366908207,0.9359221069983132,0,86496,0,0.8965226715686274
425,0.0016791623727162824,0.0008410666059427539,0.00019628551986280854,92.6,0.9385543632742124,0.9356148873454884,0.9362724329934228,0.8007560921927783,0.0009586235623073344,0.954209933720065,0.799848089640558,0.7999006531010822,0.8007560921927783,0.0009586235623073344,0.954209933720065,0.825458129363858,0.8437955289132103,0.843485059064536,0.01666476405036593,0.9363289293282185,0.7580673183687733,0.7704523466854969,0.843485059064536,0.01666476405036593,0.9363289293282185,0,86700,0,0.8954503676470589
426,0.0016716771505718283,0.0008392096398251958,0.00019608923434294572,90.5,0.938982316548055,0.9361837669620835,0.9368217316633313,0.7977902706289905,0.0009904081486532051,0.9534022217482143,0.7968973594765603,0.7969325207547796,0.7977902706289905,0.0009904081486532051,0.9534022217482143,0.8213566573664011,0.8393575418875654,0.8403106926016939,0.016623434543384604,0.9356349604046122,0.7548928804191325,0.7668958580390132,0.8403106926016939,0.016623434543384604,0.9356349604046122,0,86904,0,0.9005821078431373
427,0.0016779958409732026,0.0008373029302408219,0.00019589314510860278,90.2,0.9390879840230778,0.9361998221856701,0.9368454955963285,0.7867185383450472,0.0008568553508290407,0.9511994407259529,0.7859473656043321,0.7859859960692355,0.7867185383450472,0.0008568553508290407,0.9511994407259529,0.8220641455935672,0.8403497663628747,0.8286934060724835,0.0163278819544204,0.9341446227000043,0.7458943684539994,0.7578081611410569,0.8286934060724835,0.0163278819544204,0.9341446227000043,0,87108,0,0.9032628676470589
428,0.0016753445179703847,0.0008317693115005392,0.00019569725196349417,86.2,0.938982316548055,0.9361193483028822,0.9367660380238652,0.7905843518036738,0.0007607198777480322,0.952212307420119,0.7898720489308988,0.7898964681496142,0.7905843518036738,0.0007607198777480322,0.952212307420119,0.8168443500223819,0.8350752040611101,0.8338184032224324,0.01600647202090631,0.9355974020451073,0.7515110297695555,0.7633593596423344,0.8338184032224324,0.01600647202090631,0.9355974020451073,0,87312,0,0.8987438725490197
429,0.001680176996730962,0.0008294895593365635,0.00019550155471153067,81.7,0.9390298669118152,0.9362843557048055,0.9369397915065035,0.7918533501421441,0.0009718891749015813,0.9522550104755707,0.7910027293880398,0.7910449462418798,0.7918533501421441,0.0009718891749015813,0.9522550104755707,0.8189209407780518,0.8371320133094007,0.8352686947194489,0.016227591821050866,0.9354048855406417,0.7517062375335122,0.7638484998659176,0.8352686947194489,0.016227591821050866,0.9354048855406417,0,87516,0,0.9024969362745098
430,0.0016775797183999756,0.0008282102811435235,0.00019530605315681913,109.5,0.9395159372969203,0.9366604356635386,0.9373337525235796,0.7979918336876097,0.000942070338192537,0.9535449125622965,0.7970877518931823,0.7971336805341737,0.7979918336876097,0.000942070338192537,0.9535449125622965,0.8252923957378304,0.8436328432384108,0.8409696415127418,0.016395483493626656,0.9361239763290612,0.7560209037551584,0.768077810853733,0.8409696415127418,0.016395483493626656,0.9361239763290612,0,87720,1,0.8971354166666666
431,0.0016706098052536084,0.0008310015724117684,0.00019511074710366232,76.3,0.9394578201856577,0.9365675568658361,0.9371675130264202,0.7963411842404384,0.000848673726053574,0.953372671000115,0.7954916213727508,0.7955339636248054,0.7963411842404384,0.000848673726053574,0.953372671000115,0.8112904184580729,0.829154664446059,0.839164182998923,0.01639143573875609,0.9358819921526348,0.7546707914801581,0.7669969264267488,0.839164182998923,0.01639143573875609,0.9358819921526348,0,87924,0,0.9020373774509803
432,0.0016739659385719135,0.0008292889557629299,0.00019491563635655866,57.5,0.9393680028318884,0.9365479075287552,0.93719767572406,0.8005280563218643,0.0010497768108017184,0.9541400235853161,0.7995823308431128,0.7996245476969528,0.8005280563218643,0.0010497768108017184,0.9541400235853161,0.8205091334188833,0.8385218820885244,0.8417081047780437,0.017171831825972938,0.9353637556339292,0.7552503768988347,0.7676059783880945,0.8417081047780437,0.017171831825972938,0.9353637556339292,0,88128,0,0.9001225490196079
433,0.0016698503567764134,0.000828944433593209,0.0001947207207202021,81.6,0.9392887522256211,0.9363747669258895,0.936985511032429,0.7996646337269379,0.0010149409603303135,0.9539596601957726,0.7987327394897774,0.7987853029503017,0.7996646337269379,0.0010149409603303135,0.9539596601957726,0.826596057039824,0.8455353697550285,0.8418918800677068,0.016831796834205954,0.935730031073293,0.7557625142465632,0.767979398007815,0.8418918800677068,0.016831796834205954,0.935730031073293,0,88332,0,0.8971354166666666
434,0.001673286701392784,0.0008342346347235203,0.0001945259999994819,83.1,0.9391038341443312,0.9363024033439066,0.9369470473579716,0.7976931519788519,0.000994107274333028,0.9534504038603727,0.7968263511615502,0.7968685680153905,0.7976931519788519,0.000994107274333028,0.9534504038603727,0.8218205122481952,0.8401630591526118,0.8406089227571985,0.01646811031713814,0.9359724597724551,0.7555043027208456,0.7678000704556469,0.8406089227571985,0.01646811031713814,0.9359724597724551,0,88536,0,0.8956035539215687
435,0.001670256805464662,0.0008258025409150058,0.0001943314739994824,82.8,0.9394419700644043,0.9366970372736031,0.9373329119111742,0.7998631955836342,0.0009645449710915948,0.9539927312150334,0.7989551473697278,0.7990047877978705,0.7998631955836342,0.0009645449710915948,0.9539927312150334,0.820736480991664,0.839201421903596,0.8425988099980655,0.01661337360822589,0.9361661530792873,0.7571871692413807,0.7695966954513679,0.8425988099980655,0.01661337360822589,0.9361661530792873,0,88740,0,0.8940716911764706
436,0.0016728758100904159,0.0008262400892151633,0.00019413714252548294,76.8,0.9390034500430595,0.936209997415323,0.9368272931860628,0.7937783034554807,0.0008495217337968574,0.9528551094971061,0.7930345761096875,0.7930697626911749,0.7937783034554807,0.0008495217337968574,0.9528551094971061,0.822476130580232,0.8409315590732317,0.8368739672605638,0.016248225023336296,0.9357614368848062,0.7534063410072801,0.7656455722964116,0.8368739672605638,0.016248225023336296,0.9357614368848062,0,88944,0,0.9033394607843137
437,0.0016743741323486628,0.0008371414922047041,0.00019394300538295745,74.1,0.9391038341443312,0.9362659095222939,0.9369173100834044,0.7952379617806092,0.0009660986473358062,0.9529578915467274,0.7944168832905507,0.7944591001443907,0.7952379617806092,0.0009660986473358062,0.9529578915467274,0.82010974568187,0.8387004443467173,0.8381765596445083,0.016374778811384903,0.9358613478113328,0.7546246017254662,0.7670761806582826,0.8381765596445083,0.016374778811384903,0.9358613478113328,0,89148,0,0.9008884803921569
438,0.0016742239679967729,0.0008337167890323722,0.0001937490623775745,93.2,0.9391725180030961,0.9363862471319117,0.9370403278709012,0.783498028556671,0.0008142932381951963,0.9503997287816631,0.7827583988551299,0.7827949690540484,0.783498028556671,0.0008142932381951963,0.9503997287816631,0.816601527108581,0.8346177957304446,0.8247107766447597,0.016345446146780233,0.9331319637827851,0.7413786742640865,0.7535018257929972,0.8247107766447597,0.016345446146780233,0.9331319637827851,0,89352,0,0.9013480392156863
439,0.001674445930357073,0.000828712883270929,0.0001935553133151969,80.8,0.9390774172755755,0.9362253805221459,0.9368228820002552,0.801610166283883,0.0008770675636730091,0.9544798497176,0.8006819620389218,0.8007135622314725,0.801610166283883,0.0008770675636730091,0.9544798497176,0.8166849904413621,0.834700001627747,0.843796568496649,0.016695762276472067,0.9363060723805228,0.7579532202798709,0.7702367138401288,0.843796568496649,0.016695762276472067,0.9363060723805228,0,89556,0,0.899203431372549
440,0.001679509092355147,0.0008238853222680389,0.00019336175800188172,86.2,0.9398540732169934,0.9369942308651278,0.9375936208191962,0.7950489905962359,0.0009406281463445848,0.9529669261902834,0.7941906775949048,0.7942150968136202,0.7950489905962359,0.0009406281463445848,0.9529669261902834,0.817955569228889,0.8360536171817762,0.8375833541692678,0.016480944366922674,0.9353551933741303,0.752576086560712,0.7642337819618368,0.8375833541692678,0.016480944366922674,0.9353551933741303,0,89760,1,0.8986672794117647
441,0.0016800649321464566,0.0008204277316746035,0.00019316839624387982,99.8,0.9394102698218975,0.9365012661143511,0.9371289141755857,0.79611166412626,0.0009046767044820015,0.9532182858373669,0.7952607151877024,0.795299220254391,0.79611166412626,0.0009046767044820015,0.9532182858373669,0.8256564135203045,0.8442041999858786,0.8394802002321031,0.016255910194812432,0.9360083178328878,0.7550086161408563,0.7672196251322784,0.8394802002321031,0.016255910194812432,0.9360083178328878,0,89964,0,0.9061734068627451
442,0.001672546402094703,0.0008278825430168855,0.00019297522784763593,93.3,0.9391461011343404,0.9362240366734859,0.9368622501431554,0.7936836329997117,0.0009207459440687297,0.9525681886730831,0.7928090054133521,0.7928542706977885,0.7936836329997117,0.0009207459440687297,0.9525681886730831,0.8230916044927966,0.841793161312595,0.8367007340024413,0.01625345552468377,0.9355604140346493,0.7530153797944047,0.7651204916603699,0.8367007340024413,0.01625345552468377,0.9355604140346493,0,90168,0,0.8986672794117647
443,0.0016729241161716774,0.0008277711763291129,0.0001927822526197883,101.3,0.9388396654567741,0.9358767952261606,0.9365023685664549,0.7895294030324923,0.0008354293428779549,0.9519200698149162,0.7887405631044347,0.788773421516202,0.7895294030324923,0.0008354293428779549,0.9519200698149162,0.8216534961771,0.8396245926010366,0.8319946181626376,0.016275474493643655,0.9348900384928421,0.7491378149426662,0.7611920507783487,0.8319946181626376,0.016275474493643655,0.9348900384928421,0,90372,0,0.9013480392156863
444,0.0016770416935768856,0.0008288548946855916,0.0001925894703671685,95.4,0.9394208365693998,0.9366822247576368,0.9373229236052301,0.8016122153284126,0.0009095162733037227,0.954482665472752,0.8007533354296364,0.8008029758577792,0.8016122153284126,0.0009095162733037227,0.954482665472752,0.8214091014924578,0.8396372951395208,0.8439199304941766,0.016745522782271035,0.9362564308253477,0.7579290744535544,0.7702485035746512,0.8439199304941766,0.016745522782271035,0.9362564308253477,0,90576,0,0.9005055147058824
445,0.0016696108904594154,0.0008234799932212679,0.00019239688089680134,96.4,0.9391778013768473,0.936282024434827,0.93694050283089,0.7887623021546265,0.0008580607807231285,0.951502313637756,0.7879780847331411,0.7880167151980445,0.7887623021546265,0.0008580607807231285,0.951502313637756,0.8143369148209878,0.8323835904117259,0.832219497841659,0.015957734800940978,0.9351457527199601,0.7498640892219416,0.7618018089679057,0.832219497841659,0.015957734800940978,0.9351457527199601,0,90780,0,0.8979013480392157
446,0.0016670798005161843,0.0008283197993518649,0.00019220448401590452,73.5,0.9391249676393357,0.9363290746797668,0.9369382758565671,0.7961584383654261,0.0009062332532909137,0.953243803388555,0.7954350078296363,0.7954698011091739,0.7961584383654261,0.0009062332532909137,0.953243803388555,0.8185227407875377,0.8365696554438004,0.838805199003168,0.016478538351569375,0.9355001097564679,0.7533920878018548,0.7655199978594734,0.838805199003168,0.016478538351569375,0.9355001097564679,0,90984,0,0.9026501225490197
447,0.001677412468958281,0.0008191043656428627,0.0001920122795318886,66.3,0.9399069069545049,0.9370572817476364,0.9377103776233027,0.7979032393951894,0.0009511461333724853,0.9536404631820076,0.7970095958331063,0.7970482262980098,0.7979032393951894,0.0009511461333724853,0.9536404631820076,0.8124897795780709,0.830836468025472,0.8396014603547319,0.016843457684847452,0.9354249655509789,0.7541935856166471,0.7666692262777566,0.8396014603547319,0.016843457684847452,0.9354249655509789,0,91188,1,0.9051011029411765
448,0.001676105015897466,0.0008296330443102938,0.0001918202672523567,64.1,0.9392729021043678,0.936364779755352,0.9370233292036221,0.8021586747404701,0.000962531944960182,0.9544893016191383,0.8011560436016982,0.8011909622794504,0.8021586747404701,0.000962531944960182,0.9544893016191383,0.8184106267083089,0.836700471064834,0.8443114249370728,0.016813091017065167,0.9362049775446073,0.7581812334203396,0.7704000411909363,0.8443114249370728,0.016813091017065167,0.9362049775446073,0,91392,0,0.9002757352941176
449,0.0016708969927219418,0.0008269343330682306,0.00019162844698510434,62.3,0.9393521527106349,0.9364832720937688,0.9371739023445586,0.7955673454954632,0.0009195549979131086,0.9529466118813513,0.7946825760743228,0.7947030409054194,0.7955673454954632,0.0009195549979131086,0.9529466118813513,0.8199695033584431,0.8379033798268748,0.8388039676539006,0.016249634583206125,0.9358065649263118,0.7542525152008125,0.7660540732586056,0.8388039676539006,0.016249634583206125,0.9358065649263118,0,91596,0,0.897671568627451
450,0.0016739934639475656,0.0008271518975787701,0.00019143681853811924,42.7,0.9393627194581372,0.9364321628384646,0.9370769517731911,0.790611094795423,0.0008306485073835158,0.9520506164025696,0.7898402461121826,0.7898755580918846,0.790611094795423,0.0008306485073835158,0.9520506164025696,0.8251717831481115,0.8434490566135617,0.8335429125916028,0.016141834676161534,0.9353000701255525,0.7509407602363447,0.7630708775103946,0.8335429125916028,0.016141834676161534,0.9353000701255525,0,91800,0,0.9002757352941176
451,0.0016759333421028785,0.0008291829019145261,0.00019124538171958112,33.0,0.9391091175180823,0.9362023407221531,0.9368472354417602,0.7988053211836866,0.000953341116061451,0.9537527096216046,0.7979331718904552,0.7979718023553586,0.7988053211836866,0.000953341116061451,0.9537527096216046,0.8245474299074707,0.8430197021802941,0.8419264761863247,0.016444282213703667,0.9363494880134591,0.7575063210535257,0.7695691134600445,0.8419264761863247,0.016444282213703667,0.9363494880134591,0,92004,0,0.9014246323529411
452,0.001672198467513583,0.0008298183065659175,0.00019105413633786154,37.6,0.9396797218832057,0.9368142997384689,0.9374264502030863,0.7993093206683113,0.0008714190360983321,0.9540514355975741,0.7985672411942346,0.7985984480848355,0.7993093206683113,0.0008714190360983321,0.9540514355975741,0.8164666523185798,0.8344039331711613,0.841973427870192,0.016542805349549217,0.9362264250182081,0.7570322065541878,0.7692282266968136,0.841973427870192,0.016542805349549217,0.9362264250182081,0,92208,0,0.8993566176470589
453,0.0016735319188549457,0.0008251451046485108,0.00019086308220152368,39.0,0.939579337781934,0.936729098975357,0.9373554468867261,0.7973212382633365,0.0008276028753608173,0.9536235095796924,0.7965116234151801,0.7965576774543859,0.7973212382633365,0.0008276028753608173,0.9536235095796924,0.8197223009337299,0.83808787174696,0.8395825119484995,0.016537954700287592,0.935695846663348,0.7543102553569063,0.7665708599638753,0.8395825119484995,0.016537954700287592,0.935695846663348,0,92412,0,0.9053308823529411
454,0.0016737774461873022,0.0008299988647990844,0.00019067221911932215,50.8,0.9392517686093632,0.93642440544275,0.937039562405954,0.8007689289074538,0.0009851835018948008,0.9542464751789402,0.7999128984607253,0.7999588271017167,0.8007689289074538,0.0009851835018948008,0.9542464751789402,0.8222988165529342,0.8405438324017457,0.8427251489646564,0.016910795665236893,0.935846236335512,0.7567081056941298,0.7691521762001141,0.8427251489646564,0.016910795665236893,0.935846236335512,0,92616,0,0.9018075980392157
455,0.0016735870198246237,0.0008295068105702751,0.00019048154690020283,77.0,0.9387762649717604,0.9359885909206708,0.9366200582955005,0.7937023170355728,0.0008760705333596128,0.9526851381762949,0.7928533371289291,0.7928920847960854,0.7937023170355728,0.0008760705333596128,0.9526851381762949,0.823612713170483,0.8419367148721073,0.8369780975907047,0.016202801883874855,0.9358243977727255,0.7538794540402233,0.7659443911653432,0.8369780975907047,0.016202801883874855,0.9358243977727255,0,92820,0,0.8961397058823529
456,0.0016728351297833975,0.0008263913109262609,0.00019029106535330262,95.8,0.9391725180030961,0.9363189996859663,0.9370169922884773,0.7850224906787964,0.0008594157951322981,0.9505935512266036,0.7842584528267128,0.7842896597173136,0.7850224906787964,0.0008594157951322981,0.9505935512266036,0.819094179776812,0.8373540710596338,0.8291604767291587,0.015570680019471919,0.9348690541379554,0.7470945826292246,0.7587381211917243,0.8291604767291587,0.015570680019471919,0.9348690541379554,0,93024,0,0.8998927696078431
457,0.001677117485087365,0.0008274468543495382,0.0001901007742879493,96.5,0.9392147849931052,0.9361039583297001,0.9367906549526615,0.7968128573371743,0.000983702514759045,0.9534128924409834,0.7959643212853001,0.7960065381391401,0.7968128573371743,0.000983702514759045,0.9534128924409834,0.8256568161269551,0.8443689196435982,0.8387988906622726,0.016774163556680793,0.9354949606543317,0.7541514579414508,0.7666421765824919,0.8387988906622726,0.016774163556680793,0.9354949606543317,0,93228,0,0.9037990196078431
458,0.0016684351248127938,0.0008193353716122884,0.00018991067351366135,97.5,0.9394578201856577,0.9365492887414664,0.9371626711974752,0.7988653268005076,0.0008501857773250401,0.9539789840896963,0.7980577865070042,0.7981000033608442,0.7988653268005076,0.0008501857773250401,0.9539789840896963,0.8230522478403066,0.8413309242074765,0.8417408396274665,0.016439285258055887,0.9362628295058584,0.7565878543995357,0.7688645452563259,0.8417408396274665,0.016439285258055887,0.9362628295058584,0,93432,0,0.8994332107843137
459,0.0016642701840621657,0.000831981465401995,0.00018972076284014768,90.7,0.9391936514981006,0.9363161978272209,0.9370025798737251,0.7933085275124447,0.00077848546091086,0.9527041056278887,0.7925691385635663,0.7925898459951304,0.7933085275124447,0.00077848546091086,0.9527041056278887,0.8125946285387899,0.8301457258797568,0.8359712160763666,0.016210476344117083,0.9355957548539255,0.7527007532248466,0.7644744620391074,0.8359712160763666,0.016210476344117083,0.9355957548539255,0,93636,0,0.9018841911764706
460,0.0016725049633761029,0.0008244525169949503,0.00018953104207730754,84.4,0.9395529209131783,0.9367734639465469,0.9374418619326715,0.7980773588721665,0.001003962492497365,0.9536617435131097,0.7972455599323374,0.7972877767861773,0.7980773588721665,0.001003962492497365,0.9536617435131097,0.8201879142926692,0.8378817036751728,0.840578787821843,0.01669873065716237,0.9357236306006879,0.7551298859125912,0.7674210555579526,0.840578787821843,0.01669873065716237,0.9357236306006879,0,93840,0,0.9008884803921569
461,0.0016709369294546253,0.000834109462578158,0.00018934151103523023,83.8,0.9395000871756669,0.9365860447662369,0.9372004391185336,0.7994586129943877,0.0009823731484855103,0.9538677427763066,0.7986192791150071,0.7986452326526361,0.7994586129943877,0.0009823731484855103,0.9538677427763066,0.821994667581574,0.8397595645355611,0.8423715476505497,0.016519403549972812,0.9360153080105018,0.7562133730354237,0.7683522380799018,0.8423715476505497,0.016519403549972812,0.9360153080105018,0,94044,0,0.9007352941176471
462,0.001669805665276762,0.0008305954826180575,0.000189152169524195,87.5,0.9389189160630412,0.9361008662653971,0.9367361947079504,0.8001333304769156,0.0009229285175014828,0.9542200893173859,0.799281529301929,0.7993205530687821,0.8001333304769156,0.0009229285175014828,0.9542200893173859,0.8214088371920413,0.8396394023306729,0.8414732802378232,0.016981391258863627,0.9357204326740409,0.7561879867996628,0.7685296288998759,0.8414732802378232,0.016981391258863627,0.9357204326740409,0,94248,0,0.9009650735294118
463,0.0016750457454655393,0.0008278038541532039,0.0001889630173546708,91.5,0.939246485235612,0.9363958088216117,0.9370569339272402,0.7920231410926258,0.0008601978240508729,0.952191499458679,0.7911166234673253,0.7911480729583935,0.7920231410926258,0.0008601978240508729,0.952191499458679,0.8153715062529168,0.8329422267528477,0.8344047090490354,0.01626426850696842,0.935027474831231,0.7505267870292239,0.7622694737655937,0.8344047090490354,0.01626426850696842,0.935027474831231,0,94452,0,0.9007352941176471
464,0.0016708356538312691,0.0008284806650744418,0.00018877405433731612,87.6,0.939431403316902,0.9365613848029699,0.9371832136861059,0.8015096666386688,0.0009556153565571073,0.9544012452659971,0.8005812259557948,0.8006165379354969,0.8015096666386688,0.0009556153565571073,0.9544012452659971,0.8143351880371983,0.8323355586202953,0.8434226201096625,0.016887023904325237,0.9360691699297251,0.7576510682033273,0.7700574086517226,0.8434226201096625,0.016887023904325237,0.9360691699297251,0,94656,0,0.9022671568627451
465,0.00167186989953431,0.0008218550114499923,0.0001885852802829788,86.2,0.939431403316902,0.9365137283425358,0.9372267841954709,0.7954876669894885,0.0009117870269150432,0.9531420730841529,0.7946532539893224,0.7946917590560112,0.7954876669894885,0.0009117870269150432,0.9531420730841529,0.8149727032628781,0.8329123416240297,0.8383793172489153,0.016397574338637397,0.9359172288540483,0.7548845421918031,0.766749741791195,0.8383793172489153,0.016397574338637397,0.9359172288540483,0,94860,0,0.9030330882352942
466,0.0016698807913937844,0.0008281006131833073,0.00018839669500269582,85.6,0.9392781854781189,0.936379657865864,0.9370054355849533,0.8004245132954642,0.0009842631888243051,0.954081305588206,0.7995445983682699,0.7995868152221101,0.8004245132954642,0.0009842631888243051,0.954081305588206,0.8275860487248317,0.8461406547131752,0.842851504339246,0.016727756843819153,0.936116305199436,0.7574506099666769,0.7697143905285715,0.842851504339246,0.016727756843819153,0.936116305199436,0,95064,0,0.9014246323529411
467,0.0016652359113590244,0.0008277334869613588,0.00018820829830769312,89.8,0.9392200683668563,0.9362288545739582,0.9368805680749924,0.799333802782866,0.0009118978051846467,0.9540476288963488,0.7985026612614659,0.798544878115306,0.799333802782866,0.0009118978051846467,0.9540476288963488,0.8245212686286587,0.842864633741802,0.8406571529832917,0.016994460364234767,0.9355122105118052,0.7551305941862908,0.7676793373348908,0.8406571529832917,0.016994460364234767,0.9355122105118052,0,95268,0,0.9019607843137255
468,0.0016748806234567846,0.0008398987511775976,0.00018802009000938542,96.4,0.9384434124254384,0.935533333837846,0.9361505210110791,0.7938758402661317,0.0009309943202726144,0.9527207444728837,0.7930076739384454,0.793044244137364,0.7938758402661317,0.0009309943202726144,0.9527207444728837,0.823565169039776,0.8416931872287335,0.8360026410709654,0.016562126691666818,0.9352284964992618,0.7523017824491223,0.7645232194553964,0.8360026410709654,0.016562126691666818,0.9352284964992618,0,95472,0,0.905484068627451
469,0.0016678910629422056,0.0008262123101496685,0.00018783206991937603,93.4,0.9395159372969203,0.9366683544803229,0.9373189915132383,0.8032052379214867,0.0011155595742767966,0.9545178259120607,0.8022362277891998,0.8022692115991816,0.8032052379214867,0.0011155595742767966,0.9545178259120607,0.818342846247869,0.8364767432390711,0.8452455787577264,0.017029415698774062,0.9358637294093127,0.7576859866635264,0.7698240554852945,0.8452455787577264,0.017029415698774062,0.9358637294093127,0,95676,0,0.9014246323529411
470,0.0016672019892390452,0.0008172567438940031,0.00018764423784945665,93.7,0.9400654081670391,0.9371865578662327,0.9378140491507035,0.7954923369344258,0.000887404792803965,0.9531879081709649,0.7946256696015638,0.7946622398004822,0.7954923369344258,0.000887404792803965,0.9531879081709649,0.8180071444815957,0.8362038445952175,0.8376101642377013,0.016628104144297672,0.935276001469405,0.7526370222983257,0.7648165128666733,0.8376101642377013,0.016628104144297672,0.935276001469405,0,95880,1,0.9001225490196079
471,0.0016685356768350319,0.0008302406137122036,0.0001874565936116072,79.5,0.939204218245603,0.9362245389169442,0.9368440975540432,0.8021825509944402,0.0009188452879283561,0.9546523946802313,0.8013254463543653,0.8013676632082054,0.8021825509944402,0.0009188452879283561,0.9546523946802313,0.8258607806388658,0.8446961870064137,0.8442528702944531,0.016863656470693163,0.9363139710777372,0.7587414381113509,0.7711205555761246,0.8442528702944531,0.016863656470693163,0.9363139710777372,0,96084,0,0.8991268382352942
472,0.0016648904243529792,0.000831543995592582,0.0001872691370179956,96.2,0.9392253517406075,0.9364633316861662,0.9370778068873358,0.7918479159438518,0.0009466608313348882,0.952165127089339,0.7910476917481427,0.7910863222130461,0.7918479159438518,0.0009466608313348882,0.952165127089339,0.8204187537675751,0.8386694442402733,0.8344665245888641,0.01635170248662087,0.9349087827119558,0.7501313216132053,0.7621227192468703,0.8344665245888641,0.01635170248662087,0.9349087827119558,0,96288,0,0.8980545343137255
473,0.0016697670770215564,0.0008249375047704705,0.0001870818678809776,92.5,0.9394366866906532,0.9365383238972442,0.9371744614131523,0.7983049460681081,0.0008971972733281084,0.9536073358841625,0.7974671471815492,0.7975093640353894,0.7983049460681081,0.0008971972733281084,0.9536073358841625,0.8238014663202688,0.8423057990618275,0.8414138701682321,0.016335638846646797,0.9360966252955079,0.7560429790579648,0.7680255623557285,0.8414138701682321,0.016335638846646797,0.9360966252955079,0,96492,0,0.9028033088235294
474,0.0016678382611751336,0.0008229408220382064,0.00018689478601309663,91.7,0.9397484057419706,0.9368615791270094,0.9374404241431498,0.7969538549305404,0.0009718842305511281,0.9532076021830272,0.7961083178136328,0.7961542464546242,0.7969538549305404,0.0009718842305511281,0.9532076021830272,0.8192051167843993,0.8377265951158924,0.8396176833428779,0.016482282429981635,0.9356622217234944,0.7544695557434296,0.7666822400087219,0.8396176833428779,0.016482282429981635,0.9356622217234944,0,96696,0,0.9034160539215687
475,0.00166761097110187,0.0008373609984690529,0.00018670789122708352,91.2,0.9393944197006441,0.9364520820276913,0.9371122321001103,0.7958057838492958,0.0009056576456254351,0.9531254940649103,0.794999470004566,0.7950272077084828,0.7958057838492958,0.0009056576456254351,0.9531254940649103,0.8090824134404575,0.8268270919371382,0.8387934374828344,0.016346683645405237,0.9356295707598595,0.7534388908901509,0.7652106678929175,0.8387934374828344,0.016346683645405237,0.9356295707598595,0,96900,0,0.8974417892156863
476,0.0016658578476612912,0.0008245991365469976,0.00018652118333585644,91.6,0.93983822309574,0.9370232766024743,0.9376510276717586,0.7923559651491738,0.0009873993177257618,0.9522922773238134,0.7915414877627535,0.7915767997424554,0.7923559651491738,0.0009873993177257618,0.9522922773238134,0.8204842309267677,0.8389880109515734,0.8352557313202466,0.016327002027681458,0.9351195954590081,0.7507915388072517,0.7628870332623706,0.8352557313202466,0.016327002027681458,0.9351195954590081,0,97104,0,0.8965226715686274
477,0.001669361293726765,0.0008234526310171665,0.00018633466215252058,69.7,0.9396321715194454,0.936725903004333,0.9373380180515385,0.79200701019361,0.0008445537055940086,0.952500433099245,0.7911997685165947,0.7912383989814981,0.79200701019361,0.0008445537055940086,0.952500433099245,0.8196955139535058,0.8387120336552374,0.8341016018348006,0.016459282526082777,0.9351205692035117,0.7509723400017266,0.7629316779603292,0.8341016018348006,0.016459282526082777,0.9351205692035117,0,97308,0,0.9024969362745098
478,0.0016690831820882273,0.000825953508245649,0.00018614832749036807,66.1,0.9389083493155389,0.935957348412088,0.9365729803951899,0.8005360276973592,0.0010943103862211855,0.9541211878989133,0.7995532485968645,0.7996066008121584,0.8005360276973592,0.0010943103862211855,0.9541211878989133,0.824339819884642,0.8435431766184238,0.8414206889667978,0.017308041128457834,0.9351920857761826,0.7549255465926032,0.7676405159646879,0.8414206889667978,0.017308041128457834,0.9351920857761826,0,97512,0,0.9030330882352942
479,0.0016665228952964146,0.0008244270625283977,0.0001859621791628777,87.3,0.9399386071970117,0.9371035566360713,0.93771140062188,0.8012229968572107,0.000964872592683629,0.9542966379497783,0.8003570876592299,0.8003918809387672,0.8012229968572107,0.000964872592683629,0.9542966379497783,0.821913908832318,0.8403639626081392,0.8432652981426794,0.016812646000179732,0.935925576747001,0.7567643516406682,0.7689858645442529,0.8432652981426794,0.016812646000179732,0.935925576747001,0,97716,0,0.9016544117647058
480,0.0016650486664444792,0.0008280309233506755,0.00018577621698371481,63.4,0.9397378389944683,0.9368921533990169,0.9374834683822103,0.7987067178337242,0.0009228219354950373,0.953760064624394,0.7978890752688601,0.7979312921227001,0.7987067178337242,0.0009228219354950373,0.953760064624394,0.8145132151803887,0.8328987901657752,0.8407031525172068,0.01669617322104769,0.9357388184243194,0.755420356030785,0.7677233468938155,0.8407031525172068,0.01669617322104769,0.9357388184243194,0,97920,0,0.9013480392156863
481,0.001666646706985821,0.0008182167519855801,0.0001855904407667311,57.4,0.9396955720044592,0.9369496766521412,0.9375473050309748,0.7978949263942826,0.0009082021618265469,0.9537163216164173,0.7971315781038134,0.7971737949576535,0.7978949263942826,0.0009082021618265469,0.9537163216164173,0.8207261709940432,0.8388351336441473,0.8402759865380275,0.016612513655850706,0.9358767678770333,0.7554420431124746,0.7675286950392397,0.8402759865380275,0.016612513655850706,0.9358767678770333,0,98124,0,0.9005055147058824
482,0.0016673717250609223,0.0008233921364810655,0.00018540485032596436,67.3,0.9398118062269843,0.9369751175210728,0.9376140028048567,0.7933216669746501,0.0008812359557488064,0.9526336201290245,0.7925700083231243,0.7925941849413723,0.7933216669746501,0.0008812359557488064,0.9526336201290245,0.820557709181157,0.8383023875791482,0.8359983040759977,0.016343160968909292,0.9353292378425084,0.7519305694376219,0.7638970088746115,0.8359983040759977,0.016343160968909292,0.9353292378425084,0,98328,0,0.9013480392156863
483,0.0016598294965018902,0.000822187697382287,0.0001852194454756384,61.6,0.9391989348718518,0.9363709561431557,0.9369615462963651,0.7956790032086688,0.0008825145767193883,0.9531141454809994,0.7949184684512813,0.7949570989161847,0.7956790032086688,0.0008825145767193883,0.9531141454809994,0.8210474607866455,0.8395532191993327,0.8397152718308942,0.01599795590869105,0.936564757524938,0.7567415374061722,0.7686747140962874,0.8397152718308942,0.01599795590869105,0.936564757524938,0,98532,0,0.8999693627450981
484,0.001664654593732135,0.0008227087982071093,0.00018503422603016276,70.5,0.9398910568332515,0.9369884116076075,0.9376168660479132,0.7966152106605217,0.0009280325809201219,0.9532521697746107,0.7958708949963618,0.7959019764887479,0.7966152106605217,0.0009280325809201219,0.9532521697746107,0.8155602064456349,0.8335101101729722,0.8394016216318293,0.01646204800017163,0.9357199320663097,0.7545553082992668,0.7668248691945049,0.8394016216318293,0.01646204800017163,0.9357199320663097,0,98736,0,0.8993566176470589
485,0.001664946901762639,0.0008232467436616511,0.00018484919180413259,68.2,0.9399808741870208,0.9370421481618698,0.9376284550823516,0.794515834226937,0.0007782434409476529,0.9528539836377008,0.7937707190418629,0.793805637719615,0.794515834226937,0.0007782434409476529,0.9528539836377008,0.8207801896845,0.8388860237467378,0.8374898489381636,0.01611707224049549,0.9356719141823694,0.7528582100922098,0.7646303553205891,0.8374898489381636,0.01611707224049549,0.9356719141823694,0,98940,0,0.9008118872549019
486,0.001661158756321004,0.0008184311010171867,0.00018466434261232845,69.0,0.9401869257633154,0.937411059772566,0.938025042475832,0.798541836178578,0.0009565259206424042,0.9537894640611604,0.7977226284789674,0.7977648453328074,0.798541836178578,0.0009565259206424042,0.9537894640611604,0.8197579039285193,0.8382619529724189,0.8403407459445038,0.01687386394151478,0.9355051159067145,0.7547983905205662,0.7669475699992958,0.8403407459445038,0.01687386394151478,0.9355051159067145,0,99144,1,0.8967524509803921
487,0.0016672414757183515,0.0008215211128271996,0.00018447967826971612,68.9,0.9400072910557766,0.9370627447134704,0.9376450919515134,0.7983308651180212,0.0009396132134553934,0.9536901001632018,0.7974623688990663,0.797490499904933,0.7983308651180212,0.0009396132134553934,0.9536901001632018,0.820791443350251,0.8390123126309965,0.840220204161128,0.016749081562561215,0.9356297948757432,0.754943746784686,0.7669825940152419,0.840220204161128,0.016749081562561215,0.9356297948757432,0,99348,0,0.9007352941176471
488,0.0016669841818785405,0.0008180032903118446,0.0001842951985914464,74.1,0.9399914409345231,0.9370836804477428,0.9376756439569909,0.7965136861136435,0.0008177260006012116,0.9533955762812485,0.7956828189912593,0.7957251612433139,0.7965136861136435,0.0008177260006012116,0.9533955762812485,0.8189423498035361,0.83707298295136,0.8389980692355883,0.016433166702129205,0.9358664808379907,0.7548675936127068,0.7667598515875776,0.8389980692355883,0.016433166702129205,0.9358664808379907,0,99552,0,0.8993566176470589
489,0.0016662323631702319,0.0008165088699923703,0.00018411090339285496,112.1,0.939875206711998,0.9371271774361767,0.9377336913028204,0.8025070054329158,0.0009213015889117863,0.9546585692763978,0.801681737328631,0.8017133375211817,0.8025070054329158,0.0009213015889117863,0.9546585692763978,0.8245916808137153,0.8430853544778031,0.8454222312241253,0.01657710101759035,0.9366850687987142,0.759489456156144,0.7715890077442801,0.8454222312241253,0.01657710101759035,0.9366850687987142,0,99756,0,0.8972120098039216
490,0.0016610306960430142,0.0008214366099636036,0.0001839267924894621,81.0,0.9396216047719431,0.936790914944111,0.9374103079914475,0.7975184570053808,0.0008645283014812188,0.9535813345097502,0.7967764968887369,0.7968151273536402,0.7975184570053808,0.0008645283014812188,0.9535813345097502,0.8260614767117059,0.8437786066798676,0.8405213538683005,0.016345428338981647,0.9361882797834101,0.7561639100159804,0.7679996951698579,0.8405213538683005,0.016345428338981647,0.9361882797834101,0,99960,0,0.8987438725490197
491,0.0016621833264270761,0.0008170461605798311,0.00018374286569697263,88.7,0.9398223729744866,0.9370070207328065,0.9376034461993201,0.8049907915368181,0.0010201332355597584,0.9551565749376588,0.8040862812323414,0.8041322098733328,0.8049907915368181,0.0010201332355597584,0.9551565749376588,0.8195493302183445,0.8383192589593116,0.8473403015050472,0.016955752713506515,0.9366545422683232,0.7608592929423847,0.7730716924214281,0.8473403015050472,0.016955752713506515,0.9366545422683232,0,100164,0,0.899203431372549
492,0.0016562876784626175,0.0008227888527572216,0.00018355912283127566,93.6,0.9396585883882012,0.936907771542274,0.937516664624972,0.7951264634975573,0.0008927217166556386,0.9530019489495379,0.7943089624406064,0.7943513046926611,0.7951264634975573,0.0008927217166556386,0.9530019489495379,0.8226119112247519,0.8407460384701987,0.8369067377418088,0.01661957674699847,0.9351322493465631,0.752082439342978,0.7641159788125712,0.8369067377418088,0.01661957674699847,0.9351322493465631,0,100368,0,0.9006587009803921
493,0.0016588698393510033,0.0008233634438426253,0.0001833755637084444,93.4,0.9398435064694911,0.9369265387830408,0.9375710897974765,0.7989442984009233,0.0011097729856590867,0.9536498895507175,0.7980352503507395,0.7980774672045796,0.7989442984009233,0.0011097729856590867,0.9536498895507175,0.8119659294774356,0.8299412312159388,0.8415670429102241,0.01672763145137291,0.9357597391438427,0.7556649334287282,0.7678450352036116,0.8415670429102241,0.01672763145137291,0.9357597391438427,0,100572,0,0.9008884803921569
494,0.0016622900010963134,0.0008288740472305287,0.00018319218814473595,91.5,0.9394366866906532,0.936661481569507,0.9372670830303552,0.7968988100175818,0.0008450114608127301,0.9534348445084675,0.7961254860510212,0.7961678283030759,0.7968988100175818,0.0008450114608127301,0.9534348445084675,0.8188146132410417,0.8367741518218554,0.8397411665090777,0.016363209014393178,0.9359303084918672,0.7550807771563341,0.7671348645009799,0.8397411665090777,0.016363209014393178,0.9359303084918672,0,100776,0,0.9041819852941176
495,0.0016650057422891989,0.0008181266023455121,0.0001830089959565912,92.7,0.9397853893582286,0.9368476249594555,0.9374335096931662,0.7996209882694754,0.0008250343583943844,0.9541538572007541,0.7987835602615913,0.7988184789393433,0.7996209882694754,0.0008250343583943844,0.9541538572007541,0.8179090010824701,0.8361686894654758,0.8420096119981364,0.01660476870498262,0.9361254711464071,0.7566664512113327,0.7689455179829344,0.8420096119981364,0.01660476870498262,0.9361254711464071,0,100980,0,0.9019607843137255
496,0.0016605222623968753,0.0008223569161204756,0.0001828259869606346,101.2,0.9398540732169934,0.936959460457775,0.9376459593841283,0.8062456323250642,0.0010331018951616983,0.9554534241134448,0.8053706855197644,0.8054091905864532,0.8062456323250642,0.0010331018951616983,0.9554534241134448,0.813632641201439,0.8313038627285327,0.8482824906074603,0.017095754382251947,0.9364799731412291,0.76037437368897,0.7728959749183697,0.8482824906074603,0.017095754382251947,0.9364799731412291,0,101184,0,0.8983609068627451
497,0.0016618720883521817,0.0008136931965885152,0.00018264316097367397,64.2,0.9401816423895643,0.9373792615550917,0.93799202532765,0.8013806072168035,0.0009054219330185486,0.9544856194010357,0.8005889088019403,0.8006311256557804,0.8013806072168035,0.0009054219330185486,0.9544856194010357,0.8206207326213368,0.8389042761953648,0.8436179573162381,0.016749233355613638,0.9361377557423277,0.7573534264079299,0.7697125897849798,0.8436179573162381,0.016749233355613638,0.9361377557423277,0,101388,0,0.9033394607843137
498,0.0016621091858456459,0.0008222723524076291,0.0001824605178127003,64.5,0.9399967243082743,0.9372235812451862,0.9378730900197563,0.8050854988004571,0.0009789024897665676,0.955182210024448,0.8042164352548442,0.8042586521086844,0.8050854988004571,0.0009789024897665676,0.955182210024448,0.8223197998684616,0.8405809448179486,0.846386582139342,0.017197347784466372,0.9359266920334488,0.7581992295944495,0.7706761872402172,0.846386582139342,0.017197347784466372,0.9359266920334488,0,101592,0,0.8972120098039216
499,0.0016574897145962015,0.0008173736887850508,0.0001822780572948876,58.1,0.9403031599858406,0.937449145274395,0.9380721372688614,0.7983244050590578,0.0008682696619514567,0.9536612891113239,0.7974487590597809,0.7974764967636977,0.7983244050590578,0.0008682696619514567,0.9536612891113239,0.8143008954460094,0.832091175749304,0.8413825872036039,0.016274287584743974,0.9362331663821916,0.7561638729634871,0.7679451770393898,0.8413825872036039,0.016274287584743974,0.9362331663821916,0,101796,1,0.8992800245098039
500,0.0016616065398671245,0.0008331712825602462,0.0001820957792375927,74.2,0.9397378389944683,0.9369743008325553,0.937588667474307,0.8001116693494288,0.0009717388885838497,0.9540784051328159,0.7992760542880788,0.7993052009126947,0.8001116693494288,0.0009717388885838497,0.9540784051328159,0.8190222584233458,0.8371483452817613,0.8418383483503749,0.016883512347305108,0.9357259192655907,0.755974003001057,0.7681931733031304,0.8418383483503749,0.016883512347305108,0.9357259192655907,0,102000,0,0.8995098039215687
501,0.0016647694813881947,0.0008219751980659432,0.00018191368345835511,74.8,0.9395000871756669,0.9366356712067624,0.9372288384416385,0.7965886888192978,0.0009190226420189428,0.9532702089314249,0.7957537387649914,0.7957923692298948,0.7965886888192978,0.0009190226420189428,0.9532702089314249,0.8177188790883859,0.8358571409639767,0.839093382744804,0.016486131394965967,0.9356185456226458,0.7540666957778409,0.7662806860154979,0.839093382744804,0.016486131394965967,0.9356185456226458,0,102204,0,0.8969056372549019
502,0.001661260288742864,0.0008199262062189982,0.00018173176977489676,78.0,0.9394736703069112,0.9367188322966733,0.9373264472455719,0.798862581934218,0.0009676045171778333,0.9538461091702741,0.7979608697584295,0.7980067983994209,0.798862581934218,0.0009676045171778333,0.9538461091702741,0.823967886779288,0.842328395085457,0.8407515693339455,0.01687893110044906,0.9356614250334045,0.7556364275241316,0.7680539333964523,0.8407515693339455,0.01687893110044906,0.9356614250334045,0,102408,0,0.8989736519607843
503,0.0016646256371328205,0.0008221284830285287,0.00018155003800512186,90.9,0.9395846211556852,0.9368106759623811,0.9374222419612686,0.7926861179621446,0.0009164277916889109,0.9523931183523682,0.7918754675849821,0.7919102608645197,0.7926861179621446,0.0009164277916889109,0.9523931183523682,0.8143554135988795,0.8325809477055554,0.8354080092911657,0.016317756727775055,0.9352492105953416,0.7516425994869381,0.763596199395804,0.8354080092911657,0.016317756727775055,0.9352492105953416,0,102612,0,0.8999693627450981
504,0.001659429075159863,0.0008173134076924878,0.00018136848796711675,101.9,0.9400918250357948,0.9371700174883996,0.9377793586349725,0.8014159507382197,0.001109948486805431,0.954091695601195,0.8004381888566804,0.8004842428958863,0.8014159507382197,0.001109948486805431,0.954091695601195,0.8160063743933157,0.8344271194098765,0.843303164770692,0.016972314574453244,0.9354548191133664,0.7554984444988333,0.7678594045580468,0.843303164770692,0.016972314574453244,0.9354548191133664,0,102816,0,0.8989736519607843
505,0.001659805185102182,0.0008164444713102656,0.00018118711947914964,106.0,0.9402978766120894,0.9374909499116568,0.9381436645846223,0.7993892675841276,0.0009364846168544553,0.953893083948289,0.7984913172836486,0.7985335341374886,0.7993892675841276,0.0009364846168544553,0.953893083948289,0.8201749061727724,0.8380890690429282,0.8414147347923429,0.016754643338343554,0.9357152761749873,0.7557247939891798,0.7680110605589002,0.8414147347923429,0.016754643338343554,0.9357152761749873,0,103020,0,0.8994332107843137
506,0.0016623986125969346,0.0008151692205837595,0.00018100593235967049,109.5,0.9403718438446054,0.9375910078534443,0.9381565443935473,0.8012285522517919,0.001004103312651396,0.9543543785909218,0.8003991818126359,0.8004451104536272,0.8012285522517919,0.001004103312651396,0.9543543785909218,0.8144928643009619,0.8325426303910631,0.8427309378557536,0.017062413377559246,0.9356323165252719,0.7561878350620039,0.768633128543373,0.8427309378557536,0.017062413377559246,0.9356323165252719,0,103224,1,0.897671568627451
507,0.0016584991586997228,0.0008256777703530706,0.00018082492642731082,97.6,0.9399650240657674,0.9371344147576671,0.9377771070408111,0.7975613114191993,0.0009865919868507645,0.9534954713747824,0.7966904136406886,0.7967232720524559,0.7975613114191993,0.0009865919868507645,0.9534954713747824,0.8240772330338604,0.8420338300767887,0.839526392813922,0.016754640511788804,0.9353996193899881,0.7536742155825689,0.765956531678897,0.839526392813922,0.016754640511788804,0.9353996193899881,0,103428,0,0.8964460784313726
508,0.0016561507198311314,0.0008168164537009692,0.0001806441015008835,92.2,0.9404722279458771,0.9376060358643246,0.9381965298646668,0.7993717686140002,0.0009755314517325015,0.9539594029476294,0.7984300733404806,0.7984687038053839,0.7993717686140002,0.0009755314517325015,0.9539594029476294,0.8153989611918214,0.8335266520171083,0.840355130173197,0.017119853791603867,0.9351248459868858,0.7537890476546527,0.766139568115588,0.840355130173197,0.017119853791603867,0.9351248459868858,0,103632,1,0.8993566176470589
509,0.001658710842842565,0.0008186076422265954,0.00018046345739938262,94.7,0.9399280404495094,0.9370377373740254,0.9376578134548933,0.7938262448772159,0.0009408255076771344,0.9525498542309292,0.7929128099554595,0.7929553948079815,0.7938262448772159,0.0009408255076771344,0.9525498542309292,0.8125961234550467,0.8304061506800394,0.835319684582103,0.01669160833465554,0.9345298661246458,0.7496646133509671,0.7615346751458668,0.835319684582103,0.01669160833465554,0.9345298661246458,0,103836,0,0.8969056372549019
510,0.0016613743044253365,0.0008137549467293611,0.00018028299394198325,88.2,0.9400389912982834,0.9371672093135288,0.9378213038808526,0.7976026915797146,0.0008326959310555697,0.9536133636911497,0.7968832594277119,0.7969185714074137,0.7976026915797146,0.0008326959310555697,0.9536133636911497,0.8195166619422363,0.8374413044734226,0.8401722006939046,0.016414054464321537,0.9358415712371405,0.7547638803866203,0.7665808564255265,0.8401722006939046,0.016414054464321537,0.9358415712371405,0,104040,0,0.9031862745098039
511,0.0016565963302912446,0.0008135169019892707,0.00018010271094804126,103.4,0.9405620452996465,0.9377773122646726,0.9383535668065331,0.7998182866627681,0.0009426251547079927,0.9539887732399527,0.7990338822473485,0.7990799362865545,0.7998182866627681,0.0009426251547079927,0.9539887732399527,0.8212843458553823,0.8399783027881277,0.8418550403064413,0.016734603151322133,0.9357639497904061,0.7556259618572875,0.7678212968709958,0.8418550403064413,0.016734603151322133,0.9357639497904061,0,104244,1,0.9000459558823529
512,0.0016586883581362153,0.000824779547994285,0.0001799226082370932,100.2,0.9396480216406989,0.9367966044224604,0.9374145807738927,0.7975456563615225,0.0009197039919765519,0.9535715885459111,0.7968358990111978,0.7968745294761012,0.7975456563615225,0.0009197039919765519,0.9535715885459111,0.8240003661753552,0.8426546626535342,0.8405451971752153,0.016400228475467925,0.936129805832695,0.7559264379250544,0.7680960318062408,0.8405451971752153,0.016400228475467925,0.936129805832695,0,104448,0,0.8982843137254902
513,0.00165983352937973,0.0008118415766314311,0.0001797426856288561,94.0,0.9397906727319797,0.9371788183613329,0.937793797851308,0.799875423203196,0.0009877376576739067,0.9539884021375196,0.7990745665341997,0.7991167833880398,0.799875423203196,0.0009877376576739067,0.9539884021375196,0.8203385008444668,0.8389855054894675,0.8420490019417155,0.016796769685436603,0.9356906854619906,0.7556364541875978,0.7678942889442675,0.8420490019417155,0.016796769685436603,0.9356906854619906,0,104652,0,0.9012714460784313
514,0.0016597470738833734,0.0008072659800942857,0.00017956294294322727,109.1,0.9402397595008268,0.9375242502619207,0.9381194855043251,0.797751183373531,0.0008908349657762543,0.9536667237008735,0.7969418094355837,0.7969767281133358,0.797751183373531,0.0008908349657762543,0.9536667237008735,0.8177339694279052,0.8357682238204871,0.8393751009759077,0.01678502862997337,0.9353677084741594,0.7536201935094174,0.7658527060523493,0.8393751009759077,0.01678502862997337,0.9353677084741594,0,104856,0,0.8968290441176471
515,0.0016549050416477828,0.0008139163128246411,0.00017938338000028403,99.5,0.9400178578032788,0.9373374610741221,0.9380150247515467,0.7991005734171087,0.0008997757854232952,0.9539620865478127,0.798296806564914,0.798339023418754,0.7991005734171087,0.0008997757854232952,0.9539620865478127,0.8190536200095303,0.8374931033560058,0.8417389531538966,0.016575059360223562,0.9361243973815186,0.7567268933996772,0.7687709164662645,0.8417389531538966,0.016575059360223562,0.9361243973815186,0,105060,0,0.8985906862745098
516,0.001657833886793906,0.0008162184636302109,0.00017920399662028376,88.4,0.9403824105921077,0.9375409385916561,0.9381240031947832,0.8031925394611721,0.001035111707953367,0.9546471219216056,0.802262776672694,0.8023051189247487,0.8031925394611721,0.001035111707953367,0.9546471219216056,0.8144125553778361,0.8327786003439082,0.8453068230896094,0.016906724649851778,0.936173442908106,0.7584495586078748,0.7706200500396485,0.8453068230896094,0.016906724649851778,0.936173442908106,0,105264,0,0.9014246323529411
517,0.0016630147190024966,0.000820361043552961,0.00017902479262366347,78.4,0.9399544573182651,0.9372032399221545,0.9377925568359284,0.7988805413139282,0.0009568049898545307,0.9538361724530049,0.7981056761330644,0.7981386599430461,0.7988805413139282,0.0009568049898545307,0.9538361724530049,0.8160248498622102,0.8336925323352715,0.841389330003867,0.016636511270058243,0.9357881067449791,0.7552972159610163,0.7671718180726166,0.841389330003867,0.016636511270058243,0.9357881067449791,0,105468,0,0.9028799019607843
518,0.0016520613965386635,0.000821571047538931,0.0001788457678310398,77.8,0.9393415859631327,0.9363515248394666,0.9369752488426376,0.8001224669055576,0.0009631961262455463,0.9540933209645738,0.7992783140321594,0.7993205308859995,0.8001224669055576,0.0009631961262455463,0.9540933209645738,0.8230669930567688,0.8411539006976438,0.8431406449006654,0.016558165551400685,0.9362886843618855,0.7574737539736125,0.7695635695188487,0.8431406449006654,0.016558165551400685,0.9362886843618855,0,105672,0,0.8998161764705882
519,0.0016596578763496568,0.0008226492624444889,0.00017866692206320876,99.0,0.9395212206706715,0.9366957305154676,0.9373239095236969,0.800170491117969,0.000919279753081541,0.9540709817241392,0.7992291264387997,0.7992644384185017,0.800170491117969,0.000919279753081541,0.9540709817241392,0.8194287321945244,0.8378551259562266,0.8416529388239568,0.016910103227583868,0.9355817172354859,0.7557056007861835,0.7681173148409958,0.8416529388239568,0.016910103227583868,0.9355817172354859,0,105876,0,0.9025735294117647
520,0.0016554772834448765,0.0008179627392682515,0.00017848825514114555,92.5,0.9399438905707629,0.9369746944705651,0.9376073851994836,0.7967014529606862,0.0009244760717426616,0.9532786403716066,0.795870956368198,0.7959025565607487,0.7967014529606862,0.0009244760717426616,0.9532786403716066,0.811468878895645,0.8291777490621326,0.8390555630201283,0.01652902947620296,0.9356213351200667,0.7542126739629597,0.7661492252903489,0.8390555630201283,0.01652902947620296,0.9356213351200667,0,106080,0,0.9036458333333334
521,0.001650846551866362,0.0008134053228620732,0.0001783097668860044,98.7,0.9402239093795735,0.9373624109952652,0.9380514740014059,0.8046719597227948,0.0008832835968026324,0.9552193265784197,0.8038584695658968,0.8038900697584475,0.8046719597227948,0.0008832835968026324,0.9552193265784197,0.8179942020566447,0.8360394802044229,0.8469466121889937,0.016827171433891536,0.936714479427468,0.7606166989637714,0.7725188221328364,0.8469466121889937,0.016827171433891536,0.936714479427468,0,106284,0,0.8959865196078431
522,0.0016565249973734585,0.0008168547942901017,0.0001781314571191184,87.8,0.9397536891157218,0.9368299223435668,0.9374417850515999,0.7912338821414368,0.0009805295140397803,0.9519473155643529,0.790360766190576,0.7903923663831266,0.7912338821414368,0.0009805295140397803,0.9519473155643529,0.8235151261527248,0.8417384364990024,0.8328758478671395,0.016614649365115215,0.9343202453996308,0.7484571146118297,0.7607286376016497,0.8328758478671395,0.016614649365115215,0.9343202453996308,0,106488,0,0.8971354166666666
523,0.0016596426139585674,0.0008148430508817002,0.00017795332566199928,87.2,0.9401182419045506,0.937298291039488,0.9378961192624073,0.7969732169975321,0.0009336388813896796,0.953433203365919,0.7962385792395585,0.7962629984582741,0.7969732169975321,0.0009336388813896796,0.953433203365919,0.8267408769027117,0.8450741694807885,0.8400916986329103,0.016397613636974305,0.9360223224936084,0.7555074354351693,0.767390302465901,0.8400916986329103,0.016397613636974305,0.9360223224936084,0,106692,0,0.9006587009803921
524,0.0016559427712505282,0.0008131804856688729,0.00017777537233633727,92.1,0.9402873098645871,0.9373784384461176,0.9379909075322239,0.803627372284623,0.0009723629231134122,0.9548577197197973,0.8027950617189394,0.8028409903599308,0.803627372284623,0.0009723629231134122,0.9548577197197973,0.8195989901647024,0.8377974554124031,0.8451847738450761,0.017038311226004063,0.9360763206036983,0.7583935004302735,0.7706788511864917,0.8451847738450761,0.017038311226004063,0.9360763206036983,0,106896,0,0.9012714460784313
525,0.0016571011225345964,0.0008224553121856934,0.00017759759696400092,100.1,0.9399016235807537,0.9370712811246229,0.9377020788773687,0.8053659462679287,0.0009910909530390806,0.955252404630196,0.8044760058148446,0.8045219344558359,0.8053659462679287,0.0009910909530390806,0.955252404630196,0.8191895089170897,0.8374277533359801,0.8471759018381451,0.017097357703584393,0.9363562840465331,0.7600072485401503,0.7724348720709014,0.8471759018381451,0.017097357703584393,0.9363562840465331,0,107100,0,0.8987438725490197
526,0.0016617024124499556,0.0008174212648506837,0.00017741999936703694,101.4,0.9402503262483292,0.9376002851490787,0.9381956163452924,0.7986531530523022,0.0009586950657278554,0.9536858939582206,0.7978079363110534,0.7978501531648936,0.7986531530523022,0.0009586950657278554,0.9536858939582206,0.8209592580225851,0.8390162676646225,0.8413942329678403,0.016551158156090536,0.9358290830727115,0.7555171990586513,0.767599306280932,0.8413942329678403,0.016551158156090536,0.9358290830727115,0,107304,0,0.9021905637254902
527,0.001654802254337233,0.0008167629631159821,0.0001772425793676699,99.6,0.940282026490836,0.937514678544705,0.9381120152442887,0.8056500341757239,0.0009787330858392863,0.9553353348724629,0.8047033783200233,0.804756730535317,0.8056500341757239,0.0009787330858392863,0.9553353348724629,0.8216639673349153,0.8404251615715941,0.8469068834200237,0.017244455570573518,0.9362412117088499,0.7599076913225346,0.7722340938073771,0.8469068834200237,0.017244455570573518,0.9362412117088499,0,107508,0,0.8994332107843137
528,0.001652662725616977,0.0008122959650196273,0.00017706533678830223,102.5,0.940282026490836,0.9374654283702073,0.9380824686003004,0.8028218745923278,0.0009182567442115026,0.9546919366567692,0.8019608468901088,0.8019994773550122,0.8028218745923278,0.0009182567442115026,0.9546919366567692,0.8139544260732314,0.8316584237025434,0.8455517516729925,0.016607528409481362,0.9365942035042696,0.759177442036151,0.771275432036782,0.8455517516729925,0.016607528409481362,0.9365942035042696,0,107712,0,0.9055606617647058
529,0.0016519190114694556,0.0008146330735265799,0.00017688827145151393,99.9,0.9401657922683109,0.9372379451541449,0.9378518417677958,0.8024783651727807,0.0009425772008176619,0.9546727152193886,0.8016287000852241,0.8016746287262156,0.8024783651727807,0.0009425772008176619,0.9546727152193886,0.8206911425504578,0.839267018407696,0.8444471155502252,0.0169232643962269,0.9360495428514877,0.7577444216418445,0.7700044113614699,0.8444471155502252,0.0169232643962269,0.9360495428514877,0,107916,0,0.8996629901960784
530,0.0016608593035854545,0.0008137426648820125,0.0001767113831800624,111.0,0.940245042874578,0.9373953303479859,0.9379823302943738,0.7937537569896426,0.0008665086581653942,0.9527383277324591,0.7930007915402087,0.7930431337922634,0.7937537569896426,0.0008665086581653942,0.9527383277324591,0.8172749731614531,0.8353004104791623,0.8358881244836237,0.01648543555688484,0.9352410632150484,0.7520882137297475,0.7640420640307186,0.8358881244836237,0.01648543555688484,0.9352410632150484,0,108120,0,0.8969822303921569
531,0.0016590759954780486,0.0008170394872908675,0.00017653467179688234,96.3,0.9398857734595003,0.9370142041548288,0.9376318724131865,0.7975208521203886,0.0008539885353947125,0.9535897748732559,0.7967643243173894,0.7967992429951415,0.7975208521203886,0.0008539885353947125,0.9535897748732559,0.8195918642599127,0.8376095712499974,0.8403883520133716,0.016408721623160948,0.9357867783464365,0.7544576583159823,0.7663729560436132,0.8403883520133716,0.016408721623160948,0.9357867783464365,0,108324,0,0.9011948529411765
532,0.001658241308463153,0.0008185432280193581,0.00017635813712508545,98.4,0.9398435064694911,0.9370395858331377,0.937682009630778,0.7967200582772738,0.0009162778641607597,0.9533193789855107,0.7959805369710511,0.7960157235525385,0.7967200582772738,0.0009162778641607597,0.9533193789855107,0.8205726088309951,0.8392091953537887,0.8400246203130972,0.016279314515688096,0.9359994802307792,0.7550286057341515,0.7670796622425942,0.8400246203130972,0.016279314515688096,0.9359994802307792,0,108528,0,0.9014246323529411
533,0.0016536637895293168,0.000813372521485734,0.00017618177898796037,98.8,0.9400706915407903,0.93721257754926,0.9378538324088735,0.7969446605689994,0.0008716348391740405,0.9534983701079949,0.7961525315997674,0.7961836130921536,0.7969446605689994,0.0008716348391740405,0.9534983701079949,0.8149079978074814,0.8325387983802113,0.8396932952335269,0.016459137709502233,0.9358050975348825,0.7546183854914899,0.7664449973062152,0.8396932952335269,0.016459137709502233,0.9358050975348825,0,108732,0,0.9011948529411765
534,0.0016523272417686588,0.0008134130323339093,0.0001760055972089724,103.4,0.9403401436020986,0.9375411376130691,0.9381473055667705,0.8003211557337698,0.0008710409816787194,0.9541736631848443,0.7994923576025762,0.799527669582278,0.8003211557337698,0.0008710409816787194,0.9541736631848443,0.820871920466395,0.8388829500920822,0.84287999333749,0.016563477096820566,0.9362446183934086,0.7573811493272029,0.7693078499566277,0.84287999333749,0.016563477096820566,0.9362446183934086,0,108936,0,0.9016544117647058
535,0.0016543435699799482,0.0008124709753273895,0.00017582959161176342,95.8,0.9404193942083657,0.9376902039416902,0.9382953764835134,0.8022568402966168,0.0009029143130160591,0.954556796767551,0.8014775241738501,0.8014997659243278,0.8022568402966168,0.0009029143130160591,0.954556796767551,0.8153366855371766,0.8331186706111035,0.8446630582219288,0.01666033372483649,0.936431260382558,0.7587682855421239,0.7706851359184005,0.8446630582219288,0.01666033372483649,0.936431260382558,0,109140,0,0.9025735294117647
536,0.001655043476014672,0.0008113634267885182,0.00017565376202015166,103.4,0.9405461951783931,0.9377171235838022,0.9384258083964211,0.8050347058802988,0.0008919429674645077,0.9552051072750214,0.8041271049090194,0.8041658525761755,0.8050347058802988,0.0008919429674645077,0.9552051072750214,0.8134320433065652,0.8313494993052486,0.8458659373748095,0.01716548629172403,0.9359683992989932,0.7584000396032256,0.7703392010173086,0.8458659373748095,0.01716548629172403,0.9359683992989932,0,109344,0,0.8968290441176471
537,0.0016570057224610127,0.0008221764924075611,0.0001754781082581315,112.8,0.9399914409345231,0.9372450280893553,0.9378554797322454,0.8030083562661673,0.001029937327096013,0.9546143514516586,0.8020700290552962,0.8021086595201996,0.8030083562661673,0.001029937327096013,0.9546143514516586,0.8217726343134287,0.8405069498863331,0.8449768446935362,0.01695108073925647,0.9360136352159102,0.7578168649636993,0.769847526980315,0.8449768446935362,0.01695108073925647,0.9360136352159102,0,109548,0,0.8958333333333334
538,0.0016524008927209413,0.0008169862891962868,0.00017530263014987337,101.0,0.9403295768545963,0.9374562300686158,0.9380638027522746,0.8055872432164296,0.0009129577683758422,0.9553139152807973,0.8047489505612608,0.8047948792022521,0.8055872432164296,0.0009129577683758422,0.9553139152807973,0.8168743575173829,0.8351562636334429,0.8477508403120398,0.01685916129762741,0.936658567531513,0.760605786262303,0.7728448075364757,0.8477508403120398,0.01685916129762741,0.936658567531513,0,109752,0,0.8978247549019608
539,0.001653546809250781,0.0008105611415611306,0.0001751273275197235,109.7,0.9401023917832971,0.937244133834358,0.937850704180416,0.8066743633218719,0.0010284817660915389,0.9554975244390578,0.8057566616928885,0.8058063021210312,0.8066743633218719,0.0010284817660915389,0.9554975244390578,0.8228696063381193,0.8411910330246789,0.8480604272579378,0.017254462735105072,0.936278941903344,0.7601126025798821,0.772638764954365,0.8480604272579378,0.017254462735105072,0.936278941903344,0,109956,0,0.8989736519607843
540,0.001657447022130238,0.0008167158349620074,0.00017495220019220377,109.6,0.9403771272183565,0.9376261888748644,0.9382528347793123,0.8008398655714717,0.0008512941323614293,0.9543918450934729,0.8000533150485153,0.8000900106456483,0.8008398655714717,0.0008512941323614293,0.9543918450934729,0.8194270028501758,0.8373609706324838,0.8419542034961147,0.017005092811860228,0.9354215118980144,0.7548629379466456,0.7668847658593737,0.8419542034961147,0.017005092811860228,0.9354215118980144,0,110160,0,0.8972886029411765
541,0.001657866839177943,0.0008089366284016897,0.00017477724799201157,109.3,0.9400442746720346,0.9371396831371059,0.9378015056231348,0.7955143958240968,0.0008651706774662572,0.9530170471246482,0.794734229223947,0.7947692651039521,0.7955143958240968,0.0008651706774662572,0.9530170471246482,0.8232898289364086,0.8412306376250532,0.8384659099254171,0.01627151645495149,0.9356860188278704,0.7537194392062779,0.7657483924888607,0.8384659099254171,0.01627151645495149,0.9356860188278704,0,110364,0,0.9042585784313726
542,0.0016569847574311436,0.0008061074079062558,0.00017460247074401955,108.5,0.9405092115621351,0.9376579428473115,0.9382748987214641,0.80056914682494,0.000849669654925267,0.9542345443321705,0.7997489009246468,0.7997948295656381,0.80056914682494,0.000849669654925267,0.9542345443321705,0.8211786473501306,0.8389606729516768,0.8424568359601053,0.0167078865489893,0.9359451401448078,0.756557596061396,0.7684011513292832,0.8424568359601053,0.0167078865489893,0.9359451401448078,0,110568,0,0.8987438725490197
543,0.0016574920988276455,0.0008058213036587203,0.00017442786827327552,101.9,0.9405726120471488,0.9375970840938627,0.9381793847199837,0.8075927424632514,0.0009743561740656834,0.9557463054875023,0.8067041816596887,0.8067501103006801,0.8075927424632514,0.0009743561740656834,0.9557463054875023,0.8156442495281268,0.8336557064914815,0.8495907328464307,0.017035247517501604,0.9367624968857315,0.7616437444489856,0.7739855621173821,0.8495907328464307,0.017035247517501604,0.9367624968857315,0,110772,1,0.9018075980392157
544,0.00165927171531389,0.0008208274298407842,0.00017425344040500223,103.0,0.9400020076820255,0.9372688082240979,0.9378383003521266,0.802213697549515,0.0009064797906393854,0.9546348090275971,0.8014226227715393,0.8014675347223912,0.802213697549515,0.0009064797906393854,0.9546348090275971,0.8106289075996294,0.8283311754364129,0.8441110204065536,0.016880200194185086,0.9359668411761911,0.7572486222894934,0.7695471870109113,0.8441110204065536,0.016880200194185086,0.9359668411761911,0,110976,0,0.9037990196078431
545,0.0016531645036165549,0.0008066813933415657,0.00017407918696459723,100.5,0.9405990289159045,0.9378966193709354,0.9385117565546665,0.8062892648922698,0.0009818332438380007,0.9555465355951509,0.8054419953889681,0.8054880494281741,0.8062892648922698,0.0009818332438380007,0.9555465355951509,0.8134717792029911,0.8315012988965623,0.8472203894710029,0.017350820014935507,0.9360630298938291,0.7592340604896183,0.7715914507028058,0.8472203894710029,0.017350820014935507,0.9360630298938291,0,111180,1,0.8985140931372549
546,0.0016546961006836272,0.0008102283093836326,0.00017390510777763263,100.8,0.9403031599858406,0.9374183443076584,0.9379920257401236,0.8004813185229855,0.0009231339097089381,0.9542581419028359,0.7996770413932688,0.7997229700342602,0.8004813185229855,0.0009231339097089381,0.9542581419028359,0.8168259052416338,0.8349165298694834,0.8426872427866549,0.016750912618886695,0.9359494769431369,0.7563088478536296,0.7686335841655252,0.8426872427866549,0.016750912618886695,0.9359494769431369,0,111384,0,0.9000459558823529
547,0.0016531812554389676,0.0008069396587557084,0.00017373120266985499,100.3,0.9406677127746694,0.9377788957384965,0.9383292619350887,0.8024590459134829,0.0009086342878963411,0.9546325065552207,0.8015749077470753,0.8016209617862813,0.8024590459134829,0.0009086342878963411,0.9546325065552207,0.815833383190717,0.8338459767462776,0.8444972892506747,0.016793786503382587,0.9361943627539684,0.7579625979614597,0.7700177386269229,0.8444972892506747,0.016793786503382587,0.9361943627539684,0,111588,1,0.9008118872549019
548,0.0016501964225123327,0.0008166412890687557,0.00017355747146718514,99.4,0.9405144949358862,0.9377053483367035,0.9383032544192923,0.8041939850383256,0.0008943738450259273,0.9550225900130227,0.8032633329764249,0.8033166851917187,0.8041939850383256,0.0008943738450259273,0.9550225900130227,0.8214060690767704,0.83949777237992,0.8451407781038902,0.017162618699115652,0.9358946549326636,0.758004391137696,0.770670893558269,0.8451407781038902,0.017162618699115652,0.9358946549326636,0,111792,0,0.9006587009803921
549,0.0016525058211603512,0.0008179890388735835,0.00017338391399571794,99.4,0.9402661763695825,0.9373465443457133,0.9379590101165616,0.7951724197847666,0.000909952848156992,0.9530085157678019,0.794377034554868,0.7944156650197715,0.7951724197847666,0.000909952848156992,0.9530085157678019,0.8185976044291543,0.8370056663295211,0.8372274977399267,0.016605371376308155,0.9351259147655812,0.7522278732825157,0.7641746122712046,0.8372274977399267,0.016605371376308155,0.9351259147655812,0,111996,0,0.8965226715686274
550,0.001655497705773907,0.0008079496304774726,0.00017321053008172223,98.9,0.9403295768545963,0.9375213554329244,0.9381390489908302,0.80501975951436,0.0009480961963574608,0.9551391021077122,0.8040926224547976,0.8041451859153218,0.80501975951436,0.0009480961963574608,0.9551391021077122,0.8231558585698576,0.84183108614736,0.8468869849246006,0.01697544463408929,0.9363801341896968,0.7597217675482287,0.7719046105118456,0.8468869849246006,0.01697544463408929,0.9363801341896968,0,112200,0,0.9041819852941176
551,0.001653044974184869,0.0008086003236614233,0.0001730373195516405,102.8,0.9402608929958314,0.9375310005419746,0.9381091794306685,0.7995780026623398,0.0008860664494055818,0.9540185508817299,0.7988269538086173,0.7988380601976414,0.7995780026623398,0.0008860664494055818,0.9540185508817299,0.8149451471241084,0.8325728795632318,0.8420692982471057,0.016542324148286405,0.9359799994199793,0.7559061786378379,0.7678010955663888,0.8420692982471057,0.016542324148286405,0.9359799994199793,0,112404,0,0.9006587009803921
552,0.001652543931199676,0.0008078061580319835,0.00017286428223208886,99.4,0.9407416800071854,0.9379990031650506,0.9385922595653351,0.8035551396189559,0.0009645257920912185,0.9548803691965526,0.8026941614861222,0.8027257616786728,0.8035551396189559,0.0009645257920912185,0.9548803691965526,0.8227412297126315,0.8410932948961618,0.8449429645264489,0.0171123811562619,0.9358261404710546,0.7573999151853492,0.76953002036092,0.8449429645264489,0.0171123811562619,0.9358261404710546,0,112608,1,0.8982843137254902
553,0.0016514680042461144,0.0008124784287349509,0.00017269141794985676,86.5,0.9405356284308908,0.937872969685392,0.9384329319083069,0.7989905137785894,0.0009207270036101856,0.9538167545432671,0.798177003256993,0.7982192201108331,0.7989905137785894,0.0009207270036101856,0.9538167545432671,0.8171722536369577,0.8350156350485732,0.8411920186529086,0.01668006990949051,0.9357590743745055,0.7554385342057788,0.7677386921608872,0.8411920186529086,0.01668006990949051,0.9357590743745055,0,112812,0,0.899203431372549
554,0.0016517212480881855,0.0008108710098431808,0.0001725187265319069,86.1,0.940355993723352,0.937493541482726,0.9380966026677735,0.8006069194796653,0.0009182077875922343,0.9542414243390888,0.799812260561504,0.7998475725412058,0.8006069194796653,0.0009182077875922343,0.9542414243390888,0.8210971248655183,0.8396221369592397,0.8421079970552559,0.016943352121249467,0.9355157399612782,0.7552231318682872,0.767453147817688,0.8421079970552559,0.016943352121249467,0.9355157399612782,0,113016,0,0.8999693627450981
555,0.001651649608153521,0.0008079514371549054,0.000172346207805375,94.4,0.9406941296434251,0.9379514553975719,0.9385293276148704,0.8068290918484308,0.0010076496263558452,0.9555647240170603,0.8059387593386197,0.8059846879796111,0.8068290918484308,0.0010076496263558452,0.9555647240170603,0.8141216047731122,0.8319600466395357,0.8486189818439351,0.01711855664115918,0.9365374730331353,0.7608784111149219,0.773294818912131,0.8486189818439351,0.01711855664115918,0.9365374730331353,0,113220,0,0.8988970588235294
556,0.0016449830020029172,0.00081251772981228,0.00017217386159756962,98.7,0.9395159372969203,0.936658898004744,0.9372108439417611,0.7949151805426771,0.0007462688239932971,0.9531391113045131,0.7941869498299222,0.7942291666837624,0.7949151805426771,0.0007462688239932971,0.9531391113045131,0.810254279583374,0.8281318453080458,0.8377212448358354,0.016246553862345987,0.9356047867159718,0.7528417185697877,0.76496124651457,0.8377212448358354,0.016246553862345987,0.9356047867159718,0,113424,0,0.8960631127450981
557,0.001651503076073805,0.0008076435422330537,0.00017200168773597206,99.2,0.9401076751570483,0.9371966145423164,0.9378526442265438,0.8052705735086463,0.0010104272432702533,0.9551577185394274,0.804319996709325,0.8043586271742285,0.8052705735086463,0.0010104272432702533,0.9551577185394274,0.814314982617255,0.832176968038167,0.8475382109130901,0.016893582374242874,0.9365089680356936,0.7600199962676149,0.7722944068660854,0.8475382109130901,0.016893582374242874,0.9365089680356936,0,113628,0,0.8959099264705882
558,0.0016522405203431845,0.0008076031678052216,0.0001718296860482361,94.6,0.9409160313409731,0.9381167672876706,0.9386978210371134,0.8001054332485322,0.0009738539577756418,0.9539300657400224,0.7992917430747398,0.7993304907418962,0.8001054332485322,0.0009738539577756418,0.9539300657400224,0.8182308134691755,0.8363413826272484,0.8424264804934248,0.016624298366958765,0.9358553852054405,0.7558478896041599,0.7676150199326216,0.8424264804934248,0.016624298366958765,0.9358553852054405,0,113832,1,0.8974417892156863
559,0.0016504073339770092,0.0008063951811596015,0.00017165785636218787,89.5,0.9406782795221716,0.9379815546988011,0.9386306352897269,0.8007146267009198,0.0009046615449634427,0.9542411947138789,0.7999247253869208,0.7999669422407609,0.8007146267009198,0.0009046615449634427,0.9542411947138789,0.8173752261873535,0.8357226549413814,0.8427631526783086,0.016713690740673224,0.936045597030244,0.7568945370732717,0.7690154567515667,0.8427631526783086,0.016713690740673224,0.936045597030244,0,114036,0,0.9004289215686274
560,0.0016500525811102753,0.0008081141878293893,0.00017148619850582567,78.0,0.9405620452996465,0.9378753797774838,0.9385037817775268,0.8031637977308638,0.0009497197079921778,0.9547635719040868,0.8022919465201523,0.8023305769850557,0.8031637977308638,0.0009497197079921778,0.9547635719040868,0.8100711835504779,0.8283393459571111,0.8455193210187322,0.01682097130754198,0.9362674851039201,0.7585707763675223,0.7708244800078724,0.8455193210187322,0.01682097130754198,0.9362674851039201,0,114240,0,0.8974417892156863
561,0.00165115633075509,0.0008123828331101241,0.00017131471230731984,82.4,0.9405356284308908,0.9377811499504388,0.9383333527080453,0.7988656560924484,0.0009663793867492457,0.953806041833542,0.7980431411887337,0.7980927816168764,0.7988656560924484,0.0009663793867492457,0.953806041833542,0.8173378728892973,0.8360847457165745,0.8403942171910965,0.01693144744052624,0.9353191783380408,0.7542471916828197,0.766638967547269,0.8403942171910965,0.01693144744052624,0.9353191783380408,0,114444,0,0.9028799019607843
562,0.0016556926574968897,0.0008203742574180394,0.0001711433975950125,92.4,0.9398435064694911,0.937006363513056,0.937627065987919,0.801980898092108,0.0009120224391706208,0.9546146185648345,0.8012163672969603,0.8012548723636491,0.801980898092108,0.0009120224391706208,0.9546146185648345,0.8160359301770607,0.8341047725317872,0.8446199529530194,0.01664865820532447,0.9365389401971043,0.7588521790212572,0.7708894259762857,0.8446199529530194,0.01664865820532447,0.9365389401971043,0,114648,0,0.9041053921568627
563,0.0016503433569097052,0.0008077778464776163,0.00017097225419741748,88.1,0.9402978766120894,0.9375011230306964,0.9380732416155153,0.8010811191326951,0.0009414219525079202,0.9543779832950339,0.8002849035979418,0.800327120451782,0.8010811191326951,0.0009414219525079202,0.9543779832950339,0.819608590822697,0.8376363262084149,0.8437632277503396,0.016656604339612944,0.9363376298471275,0.7581782547825124,0.770538174648523,0.8437632277503396,0.016656604339612944,0.9363376298471275,0,114852,0,0.9039522058823529
564,0.00165319881475001,0.0008088297425452155,0.00017080128194322007,92.4,0.940245042874578,0.9373432619243864,0.9380100847091573,0.8007733543937897,0.0009625026226201662,0.9542897196211073,0.7999621687083495,0.7999987389072679,0.8007733543937897,0.0009625026226201662,0.9542897196211073,0.82189980012682,0.8401413542863494,0.8418096291664453,0.01709553334111659,0.9353837492275051,0.755009054120791,0.7676428952074632,0.8418096291664453,0.01709553334111659,0.9353837492275051,0,115056,0,0.9060968137254902
565,0.001650443908931943,0.000809741741721197,0.00017063048066127685,92.0,0.9402978766120894,0.9375781661345978,0.9382082912383887,0.7997863124490403,0.0009883204855197147,0.9539028343349322,0.7989273867197866,0.7989733153607779,0.7997863124490403,0.0009883204855197147,0.9539028343349322,0.8148590962907613,0.8327660990657142,0.8419208216901588,0.016746130810748456,0.9356748567109443,0.7553652650240836,0.7675598062807909,0.8419208216901588,0.016746130810748456,0.9356748567109443,0,115260,0,0.8981311274509803
566,0.00164839441205521,0.0008069935542145238,0.00017045985018061558,89.2,0.9404827946933794,0.9377335042527032,0.9383447331920541,0.8038032899769401,0.0009874064717623086,0.9547418640523408,0.8029369860268977,0.8029792028807379,0.8038032899769401,0.0009874064717623086,0.9547418640523408,0.820422628382884,0.8382928444401873,0.8444957608916309,0.017260983281008602,0.9353832378638305,0.7562690479569858,0.7684034069700652,0.8444957608916309,0.017260983281008602,0.9353832378638305,0,115464,0,0.8965226715686274
567,0.0016511878564807714,0.0008122401503145827,0.00017028939033043498,95.2,0.9397748226107263,0.9369908903980462,0.9376448908735098,0.8008311952927797,0.0008755775292132652,0.9543465318308558,0.7999991481937393,0.800041490445794,0.8008311952927797,0.0008755775292132652,0.9543465318308558,0.8127959958701166,0.8304055174206827,0.8431245344645556,0.01666901971188394,0.935939324158923,0.7561800093869296,0.7681278298805726,0.8431245344645556,0.01666901971188394,0.935939324158923,0,115668,0,0.9034160539215687
568,0.0016461401080995724,0.0008063540574317184,0.00017011910094010454,98.2,0.9406624294009183,0.9377929635824221,0.9384192610253167,0.8011688010620786,0.0009031509331938765,0.9543864604126857,0.8003521899724082,0.8003906950390971,0.8011688010620786,0.0009031509331938765,0.9543864604126857,0.8184680065514316,0.8362458125378224,0.8433693260957209,0.016714095303781016,0.9358932525639855,0.7561816795129557,0.7682894249530107,0.8433693260957209,0.016714095303781016,0.9358932525639855,0,115872,0,0.8969822303921569
569,0.0016464286822798278,0.0008102119806054051,0.00016994898183916445,105.4,0.9405092115621351,0.9377760086467796,0.9384204716109439,0.8009280010465406,0.000995652067534151,0.9540234939905001,0.8000448086001951,0.8000871508522497,0.8009280010465406,0.000995652067534151,0.9540234939905001,0.8190073380682393,0.8370567430571468,0.8432985513961408,0.016698045217063234,0.9360413551163527,0.7575231025054514,0.7694708779352922,0.8432985513961408,0.016698045217063234,0.9360413551163527,0,116076,0,0.9022671568627451
570,0.0016482688364454125,0.000811554266969355,0.0001697790328573253,107.6,0.9399808741870208,0.9370475648604056,0.9376033585421718,0.8011338743077282,0.0009199078934567063,0.9544614071396275,0.8003279665696488,0.8003701834234889,0.8011338743077282,0.0009199078934567063,0.9544614071396275,0.8264210169220151,0.8446656898350298,0.8431442460770511,0.01685077894434676,0.9359872349946202,0.7569627141624119,0.7692488273521619,0.8431442460770511,0.01685077894434676,0.9359872349946202,0,116280,0,0.8997395833333334
571,0.0016495633223231004,0.0008076232084031849,0.00016960925382446796,104.8,0.940355993723352,0.93758094435308,0.9382299876143484,0.8012261884741784,0.0009103039347383619,0.9544113327275348,0.8004366033794821,0.8004715220572343,0.8012261884741784,0.0009103039347383619,0.9544113327275348,0.818411431364239,0.8369327351191617,0.8422636950585846,0.01707592424813235,0.9354757298665545,0.7555075670231544,0.7680275985103759,0.8422636950585846,0.01707592424813235,0.9354757298665545,0,116484,0,0.8985906862745098
572,0.0016472703633446466,0.000803712656327984,0.00016943964457064348,93.5,0.9408314973609548,0.9380448134499536,0.9386027880487865,0.8007269034979418,0.000972859080479353,0.9541210115056656,0.7998991136796283,0.7999413305334684,0.8007269034979418,0.000972859080479353,0.9541210115056656,0.8146496615176003,0.8324471798521457,0.8418830825864047,0.017037228155736144,0.9352688085630545,0.7546372226330375,0.7667644605075076,0.8418830825864047,0.017037228155736144,0.9352688085630545,0,116688,0,0.8977481617647058
573,0.00165010618580067,0.0008066818495023987,0.00016927020492607284,97.5,0.9406941296434251,0.9378731396153365,0.9384668631725925,0.8029721223301797,0.0009374485652090713,0.954663503905033,0.8022101405217816,0.8022398058465618,0.8029721223301797,0.0009374485652090713,0.954663503905033,0.8236856779029385,0.8422064350414449,0.8448634903575821,0.01686469034655031,0.9361989308636148,0.7584727814184588,0.7704975006871262,0.8448634903575821,0.01686469034655031,0.9361989308636148,0,116892,0,0.9024969362745098
574,0.001655524854511753,0.0008114015191609056,0.00016910093472114677,80.3,0.9402608929958314,0.9374367573880568,0.938099289790022,0.8032455904107642,0.0009105634724442748,0.9548795602256999,0.8024011746513823,0.8024472286905882,0.8032455904107642,0.0009105634724442748,0.9548795602256999,0.8235288994407838,0.8417749479064193,0.8447160567387788,0.017057886225842932,0.9359167921149133,0.7576156959268954,0.7703264920932387,0.8447160567387788,0.017057886225842932,0.9359167921149133,0,117096,0,0.9001991421568627
575,0.001650013244715428,0.00081293357975473,0.00016893183378642563,81.0,0.940725829885932,0.9379797642354718,0.9385570415517845,0.8051156728823349,0.000895458052696357,0.9552772530164475,0.8042640215484936,0.8043043035345633,0.8051156728823349,0.000895458052696357,0.9552772530164475,0.8105823611816049,0.8284278535643416,0.8467658162141225,0.017024175158283347,0.9364329683412718,0.7600259504790647,0.772194716108645,0.8467658162141225,0.017024175158283347,0.9364329683412718,0,117300,0,0.8979779411764706
576,0.0016522620200846052,0.0008106033128724313,0.0001687629019526392,80.5,0.9404141108346146,0.9377209968870445,0.9383113962012303,0.802582865755887,0.0009686434706276593,0.9546341837021511,0.8017638748064676,0.801809803447459,0.802582865755887,0.0009686434706276593,0.9546341837021511,0.8114445790468631,0.8292751275383573,0.8442240672490569,0.016997062954676352,0.9357077076767994,0.7565214034122214,0.7687454274455663,0.8442240672490569,0.016997062954676352,0.9357077076767994,0,117504,0,0.9013480392156863
577,0.0016479401337895908,0.0008126110599572512,0.00016859413905068657,67.4,0.9403348602283474,0.9374928603877438,0.9380896921207628,0.7917828347190595,0.0008917754626770522,0.9522079053520527,0.7910382961902337,0.7910805130440739,0.7917828347190595,0.0008917754626770522,0.9522079053520527,0.8249980551439768,0.8430728566310159,0.832849486505752,0.0166993443485527,0.9340398921644043,0.7471925917983823,0.7593059266260943,0.832849486505752,0.0166993443485527,0.9340398921644043,0,117708,0,0.9010416666666666
578,0.0016488322506512643,0.0008044617163497389,0.00016842554491163587,92.3,0.9408843310984663,0.9380494887664711,0.938625354320935,0.8033190576836939,0.0009508033537122013,0.9548022784424834,0.8024941494658718,0.8025400781068631,0.8033190576836939,0.0009508033537122013,0.9548022784424834,0.8143240739152315,0.8330794259171334,0.8452427828618789,0.01693052124509298,0.9363001264880739,0.7590846129487103,0.771163870444215,0.8452427828618789,0.01693052124509298,0.9363001264880739,0,117912,0,0.8991268382352942
579,0.0016511090758357051,0.0008076109604485137,0.00016825711936672424,93.5,0.9406782795221716,0.9378829376039752,0.938641490985473,0.8026993664574349,0.001058664709993144,0.9544992578924083,0.8018008136343804,0.8018430304882204,0.8026993664574349,0.001058664709993144,0.9544992578924083,0.8163784145431099,0.8344138615104563,0.8447485406418809,0.01694183729811042,0.9359846225938397,0.7576738159012152,0.7697392089002043,0.8447485406418809,0.01694183729811042,0.9359846225938397,0,118116,0,0.9007352941176471
580,0.0016488855106610001,0.0008079343168729829,0.00016808886224735752,91.1,0.9404458110771214,0.9375658579603381,0.9381359831457485,0.8016745529875837,0.0009831103855891452,0.9543781869671664,0.8008361365436479,0.8008783533974881,0.8016745529875837,0.0009831103855891452,0.9543781869671664,0.8124761539178109,0.8307353886275325,0.8439949513964434,0.016776466817148256,0.936072364198816,0.7574851214967057,0.7694306690577967,0.8439949513964434,0.016776466817148256,0.936072364198816,0,118320,0,0.9018075980392157
581,0.0016470810001277749,0.0008114941375905494,0.00016792077338511016,90.2,0.94039297733961,0.9375369602771668,0.9381363662523965,0.8015535823240905,0.0009350209312508739,0.9543360451718726,0.8006915425046587,0.8007245263146404,0.8015535823240905,0.0009350209312508739,0.9543360451718726,0.8110042068248201,0.8289991934757113,0.8438886774134785,0.0167061986477445,0.9361646995707241,0.7577803194671813,0.7698744145150168,0.8438886774134785,0.0167061986477445,0.9361646995707241,0,118524,0,0.8998161764705882
582,0.0016511095380730124,0.0008075685045406798,0.00016775285261172505,95.3,0.9406729961484205,0.9378396943589788,0.9384474015683515,0.800159233373686,0.0009712285313515251,0.9541605091415567,0.7993320085933513,0.7993742254471914,0.800159233373686,0.0009712285313515251,0.9541605091415567,0.8234559717065117,0.84152612364071,0.8415583124575172,0.017002492144091216,0.9354918489456628,0.7550864356471844,0.7672780002256693,0.8415583124575172,0.017002492144091216,0.9354918489456628,0,118728,0,0.9034160539215687
583,0.0016466001580542355,0.0008076923583010598,0.00016758509975911334,98.3,0.940842064108457,0.9379991442039647,0.9386091049826264,0.8003384787645378,0.0010293222475044844,0.9540781800358479,0.7994887653851945,0.7995384058133371,0.8003384787645378,0.0010293222475044844,0.9540781800358479,0.8236983870847139,0.8425020106961689,0.8410498551748316,0.01725981025071864,0.9349832132913535,0.7539419146266851,0.7662602644664332,0.8410498551748316,0.01725981025071864,0.9349832132913535,0,118932,0,0.8998927696078431
584,0.0016448913414862153,0.0008020226142413454,0.00016741751465935422,88.9,0.9407416800071854,0.9379956992579064,0.9385830887816757,0.799689421828109,0.0008319547457262735,0.9541651633436617,0.7989533404207585,0.7989861988325258,0.799689421828109,0.0008319547457262735,0.9541651633436617,0.8225987060127619,0.8404431539661925,0.8412420367328173,0.016830278590555532,0.935590158105619,0.7551171077561906,0.7671774774315264,0.8412420367328173,0.016830278590555532,0.935590158105619,0,119136,0,0.9037990196078431
585,0.0016491397543052467,0.0008062250037406197,0.00016725009714469488,77.5,0.9404827946933794,0.9378348138061176,0.9383931605327855,0.7997738430856859,0.0009445128711772561,0.9539109250311416,0.7989310659662525,0.7989565008037169,0.7997738430856859,0.0009445128711772561,0.9539109250311416,0.8130777235399936,0.8309996942230469,0.8415871015264879,0.016749744400657334,0.9355071164858412,0.7547364870719515,0.7669467942940191,0.8415871015264879,0.016749744400657334,0.9355071164858412,0,119340,0,0.9001225490196079
586,0.001648038253644664,0.0008059062179614989,0.0001670828470475502,68.9,0.940836780734706,0.9380914071394907,0.938638987920677,0.804642793566636,0.0009790046564307707,0.9550854975272767,0.8038399426731568,0.8038785731380602,0.804642793566636,0.0009790046564307707,0.9550854975272767,0.8125605830770849,0.8305207595928745,0.8469116305551734,0.01689853355228558,0.9365113525647893,0.7600217769942064,0.7722102059069628,0.8469116305551734,0.01689853355228558,0.9365113525647893,0,119544,0,0.9042585784313726
587,0.0016498698929425183,0.0008022565135702386,0.00016691576420050264,49.7,0.940842064108457,0.9380942166304921,0.9387395796413327,0.8018689962129045,0.00097636344332271,0.9543785951481928,0.8009574692630561,0.8009998115151108,0.8018689962129045,0.00097636344332271,0.9543785951481928,0.8224102259702083,0.8404003165055044,0.8431923146721132,0.0170285883132495,0.9355653259227983,0.7559580472522773,0.7680781036094919,0.8431923146721132,0.0170285883132495,0.9355653259227983,0,119748,0,0.9021905637254902
588,0.0016480230049494946,0.0008055881003964388,0.00016674884843630213,70.1,0.9407522467546877,0.9380596838590521,0.9386696500583246,0.8038179735893235,0.0008397335744509373,0.9549963427057624,0.8030132860655886,0.803041174470988,0.8038179735893235,0.0008397335744509373,0.9549963427057624,0.8119295237591138,0.8298296415138519,0.8454107156992954,0.016916138092200248,0.9361083434926436,0.7580920083147146,0.770211368812364,0.8454107156992954,0.016916138092200248,0.9361083434926436,0,119952,0,0.9002757352941176
589,0.00164584321593044,0.0008055259419986761,0.0001665820995878658,99.8,0.9411009494222631,0.9382862862147153,0.9388644728629921,0.798013381569401,0.0008921522687917795,0.9536482963859805,0.7972615645283022,0.7973037813821422,0.798013381569401,0.0008921522687917795,0.9536482963859805,0.8163987710565884,0.8344812250756752,0.8404824650061868,0.01651225855704519,0.9356926408318486,0.7543389999582095,0.7661754546099835,0.8404824650061868,0.01651225855704519,0.9356926408318486,0,120156,1,0.9053308823529411
590,0.0016472614958069707,0.0008036855815164843,0.00016641551748827795,93.5,0.9405303450571397,0.9377064325136937,0.9383551647248358,0.8059914792599012,0.0009960937975620338,0.9554187422955387,0.8050869366542653,0.8051291535081053,0.8059914792599012,0.0009960937975620338,0.9554187422955387,0.8156082884327305,0.8339002036072667,0.8478873291170843,0.017093992469458814,0.9364190289076008,0.7601507162314771,0.7725474533927441,0.8478873291170843,0.017093992469458814,0.9364190289076008,0,120360,0,0.9017310049019608
591,0.001643872649783232,0.0008046782588585717,0.00016624910197078968,90.1,0.9410481156847517,0.9383135342852923,0.9389195799605117,0.7976212640648563,0.0009041536414326471,0.9535947087700435,0.7968903382767101,0.7969362669177014,0.7976212640648563,0.0009041536414326471,0.9535947087700435,0.8198486891063422,0.8384738805117254,0.83972150608046,0.016719314567780218,0.935461647802145,0.7543436246341706,0.7667263731364086,0.83972150608046,0.016719314567780218,0.935461647802145,0,120564,0,0.9001991421568627
592,0.0016476996265826565,0.0008038106690691844,0.0001660828528688189,89.6,0.9409054645934708,0.9380990664632846,0.9387231402460268,0.8006965477468466,0.0009147430820333559,0.9542322350121369,0.7999065741340669,0.7999525027750581,0.8006965477468466,0.0009147430820333559,0.9542322350121369,0.815759993384013,0.83371542627327,0.8427076418861347,0.016778163372267608,0.9358681996121982,0.75638218696807,0.7684612122449511,0.8427076418861347,0.016778163372267608,0.9358681996121982,0,120768,0,0.8981311274509803
593,0.0016461629488998476,0.0008055501203456816,0.0001659167700159501,83.8,0.940503928188384,0.9376500118480057,0.9382383165502904,0.7990043525729373,0.0008987027548570781,0.953788848809482,0.7981312167820285,0.7981735590340832,0.7990043525729373,0.0008987027548570781,0.953788848809482,0.8174594278302293,0.835574667568418,0.8409617307086803,0.016696977664429107,0.9354806755290189,0.7543218617685536,0.7664739273486031,0.8409617307086803,0.016696977664429107,0.9354806755290189,0,120972,0,0.9034160539215687
594,0.001643349493022862,0.0008078303553335539,0.00016575085324593413,86.6,0.9407733802496923,0.9380254829667485,0.9386066439819007,0.8009243227471993,0.0009733992371540136,0.9542722410743424,0.8001428832340312,0.8001813883007199,0.8009243227471993,0.0009733992371540136,0.9542722410743424,0.8199460404162404,0.8376641410929436,0.8423624065890988,0.01702398029204023,0.9354105218887472,0.755081201284008,0.7671028293049479,0.8423624065890988,0.01702398029204023,0.9354105218887472,0,121176,0,0.8995098039215687
595,0.0016469560100185667,0.0008044329399682706,0.0001655851023926882,96.0,0.9405197783096374,0.937858459280162,0.9384392463027128,0.8004331962277949,0.0010034380862739673,0.954138175035382,0.7995659354155712,0.7996012473952732,0.8004331962277949,0.0010034380862739673,0.954138175035382,0.818529645361401,0.8366408794729084,0.841214048866457,0.017201481311468595,0.9350482377002469,0.7538172191597093,0.7661748585159919,0.841214048866457,0.017201481311468595,0.9350482377002469,0,121380,0,0.9005821078431373
596,0.0016482922273651495,0.0008137904630883472,0.00016541951729029552,96.2,0.9403771272183565,0.9375739952319596,0.938152191459947,0.8004447549735973,0.0008873124268636288,0.9542380223676448,0.7996184272145227,0.7996607694665774,0.8004447549735973,0.0008873124268636288,0.9542380223676448,0.819910351703801,0.8376785541655288,0.8419127729348861,0.016849573919073678,0.9356274342931786,0.7551758614870736,0.7672250659378677,0.8419127729348861,0.016849573919073678,0.9356274342931786,0,121584,0,0.9012714460784313
597,0.001653820983312257,0.0008106350898835364,0.00016525409777300523,93.4,0.9403242934808451,0.9374164352287062,0.9380138393747091,0.8080229159529756,0.0010193134394667655,0.9557633715015212,0.8070848813710336,0.8071090579892817,0.8080229159529756,0.0010193134394667655,0.9557633715015212,0.8166392913671237,0.8345060764915989,0.8494638469008217,0.017225720456792982,0.936328629202268,0.7603971293635579,0.772517810922908,0.8494638469008217,0.017225720456792982,0.936328629202268,0,121788,0,0.9028799019607843
598,0.0016485939599007514,0.0008052272818118261,0.00016508884367523222,89.6,0.9403612770971032,0.9376589562655987,0.9382187406909022,0.8022322033869224,0.001020758367773792,0.9545195196326128,0.8013510272741738,0.8013899256428125,0.8022322033869224,0.001020758367773792,0.9545195196326128,0.813009663393614,0.8308816719321901,0.8443621923239008,0.016884658063760365,0.9359645704050024,0.7570435173150902,0.7694042981976087,0.8443621923239008,0.016884658063760365,0.9359645704050024,0,121992,0,0.9034160539215687
599,0.0016546915610567393,0.0008095226774365154,0.000164923754831557,89.4,0.9407205465121808,0.9378615842267723,0.9384512060924303,0.8042338589934773,0.0008734466590024596,0.955108004512784,0.803391257895473,0.8034336001475277,0.8042338589934773,0.0008734466590024596,0.955108004512784,0.8199238060259578,0.8381000192207094,0.8461940280710132,0.01687811676384725,0.9364199464440393,0.7592592252837363,0.7714169438555789,0.8461940280710132,0.01687811676384725,0.9364199464440393,0,122196,0,0.9027267156862745
600,0.0016478313242687898,0.0008093500055999035,0.00016475883107672543,86.8,0.9409160313409731,0.9382573379293526,0.9388737518663998,0.8050248069885324,0.0010200991991896242,0.9551619447686414,0.8041072554625225,0.8041568958906651,0.8050248069885324,0.0010200991991896242,0.9551619447686414,0.8233093056277532,0.8422329661303224,0.8463094972013381,0.01720200211158984,0.9360661185321634,0.7587520597274865,0.7711927162607946,0.8463094972013381,0.01720200211158984,0.9360661185321634,0,122400,0,0.9021905637254902
601,0.0016429693793065334,0.0008072494031611046,0.0001645940722456487,104.2,0.9411220829172676,0.9383668107484131,0.938992684069713,0.8031718587504254,0.00094131974193214,0.954790745570521,0.8023271656773674,0.8023697505298896,0.8031718587504254,0.00094131974193214,0.954790745570521,0.8202735647301813,0.8384381122095973,0.844642927883847,0.017038087688781504,0.9360618189468249,0.7584314049292957,0.7704844926696327,0.844642927883847,0.017038087688781504,0.9360618189468249,0,122604,1,0.9016544117647058
602,0.0016479402918633365,0.0008054489397822984,0.00016442947817340306,97.8,0.9406729961484205,0.9380334899604829,0.9386619683695917,0.8156177611949436,0.0011139736885057276,0.9574100348226878,0.8145800029551838,0.8146224624094913,0.8156177611949436,0.0011139736885057276,0.9574100348226878,0.8199766945084606,0.8380579402702915,0.8569057920727552,0.01764654137192396,0.9372106954382642,0.7664441161976128,0.7789327809328209,0.8569057920727552,0.01764654137192396,0.9372106954382642,0,122808,0,0.9002757352941176
603,0.0016514785649419269,0.0008030470215093597,0.00016426504869522965,98.1,0.9413387012410644,0.9386962367154279,0.9392814240950906,0.8090051549987998,0.0011402188128161932,0.9559904854842767,0.8080386373878006,0.8080882778159433,0.8090051549987998,0.0011402188128161932,0.9559904854842767,0.8155749276102306,0.8338815163172598,0.8495637103975728,0.017670048516345415,0.9359480621749755,0.7599991479819121,0.7725782338328563,0.8495637103975728,0.017670048516345415,0.9359480621749755,0,123012,1,0.8995098039215687
604,0.0016487212908709897,0.0008017582344275607,0.00016410078364653441,101.8,0.9414285185948339,0.9387739554596503,0.9393436181179885,0.7985021076652968,0.0009219477787110837,0.9538510939931852,0.797715093726618,0.7977574359786725,0.7985021076652968,0.0009219477787110837,0.9538510939931852,0.8140238415551351,0.8322821688947425,0.8396241702205688,0.017029625089766985,0.9349910437596862,0.7528784259062343,0.7649966792247347,0.8396241702205688,0.017029625089766985,0.9349910437596862,0,123216,1,0.9012714460784313
605,0.0016501720785848139,0.0008055950457845902,0.00016393668286288787,106.1,0.9411960501497837,0.938451354899087,0.9390092215398489,0.8015878321855431,0.0009202880543079822,0.9543563678585105,0.8007326229659004,0.8007885448799913,0.8015878321855431,0.0009202880543079822,0.9543563678585105,0.81593636772752,0.834280616126246,0.842794408467414,0.017038042747662848,0.9354936434788266,0.7558590449752888,0.7682826002659165,0.842794408467414,0.017038042747662848,0.9354936434788266,0,123420,0,0.905484068627451
606,0.0016426094682138487,0.0007981630063049976,0.00016377274618002499,95.5,0.9410005653209914,0.9382177379943626,0.9387939349822166,0.802051073847769,0.0008969185547970356,0.9545698066916808,0.8012726082521856,0.801318536893177,0.802051073847769,0.0008969185547970356,0.9545698066916808,0.8145578449125104,0.8325045073811383,0.8438435329164764,0.016895693025753045,0.9359405247365175,0.7572141826917539,0.7692998223063238,0.8438435329164764,0.016895693025753045,0.9359405247365175,0,123624,0,0.9005055147058824
607,0.0016469288966618478,0.0008002708901699648,0.00016360897343384496,99.9,0.9410058486947425,0.9382154819490135,0.9388115419037515,0.8021022527062658,0.0009303600553033685,0.9545323070489602,0.8012592347423674,0.801297739809056,0.8021022527062658,0.0009303600553033685,0.9545323070489602,0.8068984051848406,0.8244749371014772,0.8436615601512973,0.01695343143600672,0.9356564020355349,0.7559293562048479,0.7680112588616735,0.8436615601512973,0.01695343143600672,0.9356564020355349,0,123828,0,0.8926930147058824
608,0.001651017223005457,0.000810386079024042,0.00016344536446041111,103.4,0.9406465792796648,0.9380666287197672,0.938674460267213,0.8046014374472925,0.0009192106127643467,0.9551375194033084,0.8037827285322547,0.8038349386591943,0.8046014374472925,0.0009192106127643467,0.9551375194033084,0.8181315364398745,0.8364121800157797,0.8456688071281494,0.017202649905468215,0.9359647953645406,0.7584682609409408,0.7711113169529695,0.8456688071281494,0.017202649905468215,0.9359647953645406,0,124032,0,0.9024969362745098
609,0.0016411056824247627,0.000813451776499247,0.0001632819190959507,102.7,0.9404827946933794,0.9376579763973532,0.9382236529985417,0.8053360372970852,0.0009779767198630426,0.9552764468482067,0.8045159669004505,0.8045478096934685,0.8053360372970852,0.0009779767198630426,0.9552764468482067,0.8260322807446154,0.8445733578932548,0.8462609648658813,0.017329353071822904,0.935921404215163,0.7587769714323108,0.7709527267182807,0.8462609648658813,0.017329353071822904,0.935921404215163,0,124236,0,0.8997395833333334
610,0.0016401312593598942,0.0007967784064473395,0.00016311863717685476,109.7,0.9409265980884753,0.9381518140816836,0.9387522710978886,0.8037979009489945,0.0009022611847624002,0.9549474007319967,0.8029712796603179,0.8030134965141581,0.8037979009489945,0.0009022611847624002,0.9549474007319967,0.8178227516015248,0.8358873479091453,0.845734598950575,0.01689522986270784,0.936219470717442,0.7586055172989764,0.7708355444300339,0.845734598950575,0.01689522986270784,0.936219470717442,0,124440,0,0.9041819852941176
611,0.0016485256914451135,0.0007994206232616169,0.0001629555185396779,97.2,0.940842064108457,0.9380541806421104,0.9386332458810891,0.799330712005441,0.0009210838466928825,0.9538530789055453,0.7984181271438838,0.7984677675720265,0.799330712005441,0.0009210838466928825,0.9538530789055453,0.8162766552078673,0.8345228397279253,0.8413127405542612,0.01671434454090017,0.9356244627051813,0.7551327404185438,0.7673119948786897,0.8413127405542612,0.01671434454090017,0.9356244627051813,0,124644,0,0.9060202205882353
612,0.0016429822312156652,0.0008101560668330224,0.00016279256302113824,93.0,0.9406571460271671,0.9378758846267914,0.9384725934166175,0.8084928186311133,0.0009460469102260641,0.9559470279369991,0.8076050856213648,0.8076400042991169,0.8084928186311133,0.0009460469102260641,0.9559470279369991,0.810311782945061,0.8281450768027937,0.8504597226071283,0.017035204889658616,0.9366102693156638,0.7610498039985278,0.7731834968954647,0.8504597226071283,0.017035204889658616,0.9366102693156638,0,124848,0,0.8995863970588235
613,0.0016470330609830424,0.0008017399737358314,0.0001626297704581171,97.0,0.9405514785521443,0.9378660612749756,0.9384359168561494,0.7997429949701129,0.0008324423429454932,0.9540915088833467,0.7989381920373209,0.7989732279173257,0.7997429949701129,0.0008324423429454932,0.9540915088833467,0.8160121811415559,0.8341403815067853,0.8409812308263556,0.01687715108199804,0.9353479835243873,0.7544159398067046,0.7665705931666842,0.8409812308263556,0.01687715108199804,0.9353479835243873,0,125052,0,0.9046415441176471
614,0.0016394312557417388,0.0008002424928488955,0.000162467140687659,97.7,0.9409794318259868,0.9382265231819632,0.9388460029569975,0.7992016260896734,0.0008939086083751707,0.953955183868611,0.7983894704400024,0.7984353990809937,0.7992016260896734,0.0008939086083751707,0.953955183868611,0.8148121589448132,0.8339229289987317,0.8399820655601489,0.017094310766168293,0.935085461552971,0.7537766622327492,0.7660174418983716,0.8399820655601489,0.017094310766168293,0.935085461552971,0,125256,0,0.8985140931372549
615,0.0016438386547972686,0.0008021380454551472,0.00016230467354697134,96.9,0.9404827946933794,0.9377236313741036,0.9383494109927609,0.7997982878977492,0.0009579681862213265,0.9539876214900052,0.7990302526475143,0.7990577477509638,0.7997982878977492,0.0009579681862213265,0.9539876214900052,0.8174479478136585,0.835260947218363,0.8421455845671953,0.016672214674140082,0.9357792115333242,0.75550858843717,0.7674943374928808,0.8421455845671953,0.016672214674140082,0.9357792115333242,0,125460,0,0.9024969362745098
616,0.0016489282516333476,0.0008124313830881728,0.00016214236887342437,97.5,0.9403876939658589,0.9376327240361719,0.9382212758171532,0.7990039701406594,0.0007931811173004617,0.9540371059077677,0.7982716587847754,0.7982976123224043,0.7990039701406594,0.0007931811173004617,0.9540371059077677,0.8161452830271437,0.8347868469262557,0.840359566017352,0.016824645122850895,0.9353373945563508,0.7537140198585722,0.765838433339512,0.840359566017352,0.016824645122850895,0.9353373945563508,0,125664,0,0.9074754901960784
617,0.0016430629218709381,0.0008034114368269052,0.00016198022650455095,93.5,0.9411273662910188,0.9382599441631225,0.9388595313520809,0.8011459393666573,0.0008770078318452856,0.9544519686268524,0.8003824185370444,0.8004209236037333,0.8011459393666573,0.0008770078318452856,0.9544519686268524,0.814873235896046,0.8329646992041916,0.8428826250045645,0.016857185581253053,0.9358872988231874,0.7565570044855161,0.7686002868451914,0.8428826250045645,0.016857185581253053,0.9358872988231874,0,125868,0,0.9020373774509803
618,0.001644657264513822,0.000798123459961471,0.0001618182462780464,103.9,0.9411537831597745,0.9382868313877649,0.9389064479847551,0.8025248867388686,0.0008897022271031537,0.9546069902591318,0.801682598580973,0.8017322390091157,0.8025248867388686,0.0008897022271031537,0.9546069902591318,0.8187798065509658,0.8372663177229437,0.8443666514622928,0.01683821936444117,0.9360292632047554,0.7576144231623297,0.7698962797880228,0.8443666514622928,0.01683821936444117,0.9360292632047554,0,126072,0,0.8965992647058824
619,0.0016401153977722953,0.0008055861730246178,0.00016165642803176835,83.6,0.9411220829172676,0.9385360758289862,0.9391563469211816,0.8057527289726408,0.0010008392496298796,0.9552829537760313,0.8049049163462678,0.8049435468111712,0.8057527289726408,0.0010008392496298796,0.9552829537760313,0.8201812470843765,0.8381287299249758,0.8472536606522091,0.017154923671862853,0.9359714289454104,0.758364015711658,0.7706871678254975,0.8472536606522091,0.017154923671862853,0.9359714289454104,0,126276,0,0.8981311274509803
620,0.0016391905448079913,0.0008135763277165491,0.0001614947716037366,96.3,0.9405567619258954,0.9376459610822717,0.9382725108197547,0.8075737668914024,0.001090283272946715,0.9556010638352531,0.8065965105702249,0.8066387274240651,0.8075737668914024,0.001090283272946715,0.9556010638352531,0.8183026246554629,0.8360309527241764,0.8493049351978595,0.017235582412058442,0.9363731673331511,0.7607538835676935,0.7729350226449372,0.8493049351978595,0.017235582412058442,0.9363731673331511,0,126480,0,0.9009650735294118
621,0.0016425325753231185,0.0008048511719294812,0.00016133327683213284,95.6,0.9409582983309822,0.9381881963842938,0.9387965846206188,0.8002824528960838,0.0008533008739177226,0.9543168557493427,0.7994964492326757,0.7995423778736671,0.8002824528960838,0.0008533008739177226,0.9543168557493427,0.8187792703744249,0.8369208988360365,0.8410804457614668,0.017038809866425954,0.9353180657043828,0.7543040838424453,0.7665706204220968,0.8410804457614668,0.017038809866425954,0.9353180657043828,0,126684,0,0.9028799019607843
622,0.0016468711090091542,0.0008109546800498948,0.0001611719435553007,92.8,0.9412066168972859,0.9384396806731312,0.9390243089338031,0.8047824304460817,0.0009654624220212279,0.9550599098778082,0.803926051068952,0.8039609697467041,0.8047824304460817,0.0009654624220212279,0.9550599098778082,0.8183274041551637,0.8363836290917774,0.8466344915157986,0.01701262658092022,0.9361052922798726,0.7586697226067727,0.7711642485253533,0.8466344915157986,0.01701262658092022,0.9361052922798726,0,126888,0,0.90234375
623,0.0016419867803479599,0.0007998508379680714,0.0001610107716117454,93.2,0.9409794318259868,0.9382022709742094,0.9388073826748277,0.8015347403311323,0.0009218281221931561,0.954435910403326,0.8006966681124117,0.800742596753403,0.8015347403311323,0.0009218281221931561,0.954435910403326,0.8209198618752219,0.8393463073929003,0.8426569475140678,0.017082212818870006,0.935551286092679,0.7559418371028196,0.7682339732438542,0.8426569475140678,0.017082212818870006,0.935551286092679,0,127092,0,0.9057904411764706
624,0.0016379169178167906,0.0007965344259779378,0.00016084976084013364,91.1,0.9416028699286216,0.9388144618432637,0.9393586455390405,0.7986487282451178,0.0008671976508718745,0.9538726348113716,0.7978836754411627,0.7979184687207004,0.7986487282451178,0.0008671976508718745,0.9538726348113716,0.813827996458644,0.8320527091436519,0.8406850634925727,0.016664597797320876,0.9356276282142801,0.7545811953403162,0.7666893228390993,0.8406850634925727,0.016664597797320876,0.9356276282142801,0,127296,1,0.8969822303921569
625,0.0016404227576191153,0.0008103700193172151,0.0001606889110792935,89.9,0.9409001812197196,0.938034339011296,0.9385864297768086,0.8010250036915956,0.0008233257983322179,0.9544825306660973,0.8003209096025543,0.8003487980079537,0.8010250036915956,0.0008233257983322179,0.9544825306660973,0.8076751402781096,0.8255003692141588,0.8431412132094251,0.01672501585996639,0.9359906335485758,0.7565793029525516,0.7686356235699462,0.8431412132094251,0.01672501585996639,0.9359906335485758,0,127500,0,0.8985906862745098
626,0.0016396850291593914,0.0008114128895980136,0.0001605282221682142,96.0,0.940910747967222,0.9380937222070522,0.9386441005549806,0.8093639152086123,0.00098599916518314,0.9562139343473322,0.8084486815730261,0.8085083152742683,0.8093639152086123,0.00098599916518314,0.9562139343473322,0.8175009307864877,0.8358517270700381,0.8495762907840637,0.017674521341902453,0.9358729091066801,0.759673826925328,0.7723552862156189,0.8495762907840637,0.017674521341902453,0.9358729091066801,0,127704,0,0.9024203431372549
627,0.0016362986683745083,0.000800215081273328,0.000160367693946046,96.6,0.9410850993010097,0.9383084802013382,0.9389120610556295,0.8017046865056701,0.0009403623506697221,0.9544534259773403,0.8009083186116016,0.800946949076505,0.8017046865056701,0.0009403623506697221,0.9544534259773403,0.8144868117424341,0.8330102496099617,0.843000047272794,0.016963492448731837,0.935740287695777,0.7564577349449606,0.7686242050162132,0.843000047272794,0.016963492448731837,0.935740287695777,0,127908,0,0.8985906862745098
628,0.001641849389724324,0.0007993027252664655,0.00016020732625209995,98.0,0.9411590665335257,0.9384314925053683,0.939034529470207,0.8047838516774223,0.0008883226303901829,0.9552715169427138,0.80392216644745,0.803968220486656,0.8047838516774223,0.0008883226303901829,0.9552715169427138,0.8127799695581758,0.8306526531951007,0.8459378070544962,0.017126573582728243,0.935999500571747,0.758050721336213,0.7702339317881375,0.8459378070544962,0.017126573582728243,0.935999500571747,0,128112,0,0.9006587009803921
629,0.001637538399675167,0.0008130501039224111,0.00016004711892584784,99.1,0.9411590665335257,0.9385140896950865,0.9391054358065358,0.8085508053088198,0.0009948526846116823,0.9560040454702032,0.8075865719680009,0.8076289142200556,0.8085508053088198,0.0009948526846116823,0.9560040454702032,0.8190184698127089,0.8370092686446357,0.8492181073166002,0.01751718981740414,0.9361350219196285,0.7604144549627566,0.7727523121479556,0.8492181073166002,0.01751718981740414,0.9361350219196285,0,128316,0,0.8981311274509803
630,0.0016448214318028048,0.0008003120436041464,0.000159887071806922,99.1,0.9414021017260782,0.9386343310202382,0.9391827447924264,0.8059632189248171,0.0009619479692331182,0.9553588736707948,0.8050674932924926,0.8051097101463328,0.8059632189248171,0.0009619479692331182,0.9553588736707948,0.8125629380085652,0.8303046047051481,0.8470297724675769,0.01722435393013755,0.9360004837828084,0.7588249466891845,0.7710668512204535,0.8470297724675769,0.01722435393013755,0.9360004837828084,0,128520,0,0.899203431372549
631,0.0016374135956022085,0.000797794726156336,0.0001597271847351151,96.6,0.9410269821897471,0.9383299388716622,0.9389434835981422,0.8087252092695236,0.0009802897554697153,0.9559980858887436,0.8078570650272631,0.8079060420988506,0.8087252092695236,0.0009802897554697153,0.9559980858887436,0.818575159441993,0.8364655136914799,0.8502322262745391,0.01721674227988289,0.9364997526904217,0.7611925071301632,0.7733830727593454,0.8502322262745391,0.01721674227988289,0.9364997526904217,0,128724,0,0.9001225490196079
632,0.0016429161107368476,0.000806673118306918,0.00015956745755037996,97.3,0.9409001812197196,0.9380753716285537,0.938665990994414,0.8074316220742643,0.0008975818282418682,0.9557525246392007,0.8066490482673868,0.8066802551579877,0.8074316220742643,0.0008975818282418682,0.9557525246392007,0.8148929480800405,0.8336647525499231,0.8487595921554747,0.017198783132664812,0.9364641526162647,0.7610678157962815,0.7733741289417372,0.8487595921554747,0.017198783132664812,0.9364641526162647,0,128928,0,0.9008884803921569
633,0.0016397055559198134,0.0008018356162141178,0.00015940789009282957,91.2,0.9409741484522357,0.9382200123996414,0.938845375570761,0.8091453082042472,0.000961932959865452,0.9561203603373276,0.8083290871843681,0.8083584764094515,0.8091453082042472,0.000961932959865452,0.9561203603373276,0.8189210674762009,0.8367642210309129,0.8508897131928349,0.017215909878737397,0.9366280409184539,0.7619804328876925,0.7742212508019624,0.8508897131928349,0.017215909878737397,0.9366280409184539,0,129132,0,0.8989736519607843
634,0.0016424786059788482,0.0008019048979597595,0.00015924848220273674,69.2,0.9413651181098202,0.9386432890224145,0.9392477579918599,0.8035453750547823,0.0009369030858963136,0.954842080932479,0.8026687819946308,0.8027074124595341,0.8035453750547823,0.0009369030858963136,0.954842080932479,0.8120571013296789,0.8302310617612766,0.8449886526702005,0.017027404831647584,0.9358275692136439,0.7572951795336663,0.7694597912695594,0.8449886526702005,0.017027404831647584,0.9358275692136439,0,129336,0,0.8982843137254902
635,0.0016425416015052035,0.0007976258729152963,0.000159089233720534,92.5,0.9411167995435165,0.9384051262165071,0.9389953414361895,0.8037274867150945,0.000965074094719164,0.9549179546659974,0.8029381216741209,0.8029877621022636,0.8037274867150945,0.000965074094719164,0.9549179546659974,0.8152988062342216,0.8335254220386704,0.8450021787670375,0.017146503308487514,0.935787531301814,0.7574274950534751,0.7698024903035767,0.8450021787670375,0.017146503308487514,0.935787531301814,0,129540,0,0.9014246323529411
636,0.0016394081393110694,0.0007974321198488552,0.00015893014448681346,108.1,0.9414549354635896,0.9388425644022464,0.939459261271078,0.811385534654318,0.0010535224332318422,0.956474155029695,0.8104352044061279,0.8104775466581827,0.811385534654318,0.0010535224332318422,0.956474155029695,0.8166855237598358,0.8353055618923306,0.852564243762356,0.017471572989814388,0.936494520486896,0.7625275437693271,0.7750519694474162,0.852564243762356,0.017471572989814388,0.936494520486896,0,129744,0,0.9006587009803921
637,0.0016418477753177285,0.0008005521485524899,0.00015877121434232664,110.1,0.9407416800071854,0.9380568456249435,0.9386630219557853,0.8063134522089638,0.0009673878822495102,0.9554546153787221,0.8054558596606259,0.8055017883016173,0.8063134522089638,0.0009673878822495102,0.9554546153787221,0.8136000969244606,0.8315576754138112,0.8479481432861798,0.017087036446416078,0.9363293039896418,0.7599207618149384,0.7722236771282268,0.8479481432861798,0.017087036446416078,0.9363293039896418,0,129948,0,0.9003523284313726
638,0.0016401963001436682,0.0008115059547189321,0.00015861244312798432,110.8,0.9414443687160874,0.9385211442043505,0.9391605678352948,0.8062037272956106,0.0010323372014596336,0.955412966313788,0.8052606073464972,0.8053139595617912,0.8062037272956106,0.0010323372014596336,0.955412966313788,0.8187257303960174,0.8368428804229538,0.8463217068476891,0.017627894498493682,0.9352865608793564,0.7566969861867916,0.7694017743468909,0.8463217068476891,0.017627894498493682,0.9352865608793564,0,130152,0,0.9027267156862745
639,0.0016412545376749453,0.0007986395093252746,0.00015845383068485635,104.2,0.9413862516048248,0.9386779557534717,0.9392721880200419,0.7935171286449646,0.0008241005258680886,0.9526398729502236,0.7927498198076837,0.7927957484486752,0.7935171286449646,0.0008241005258680886,0.9526398729502236,0.8139705136592607,0.8320587974770625,0.8348842933495647,0.016633223790641295,0.9345516012312266,0.7495373627602456,0.7614959331078586,0.8348842933495647,0.016633223790641295,0.9345516012312266,0,130356,0,0.8960631127450981
640,0.0016401054134464585,0.0007972000848643794,0.0001582953768541715,86.3,0.9414760689585941,0.9386925781950362,0.939336288211564,0.808307601606732,0.0009247075775118588,0.9559896811799549,0.8074877447976535,0.8075207286076354,0.808307601606732,0.0009247075775118588,0.9559896811799549,0.816644034524406,0.8346262582499396,0.8492366941773257,0.017331653263309845,0.9364167898816596,0.7611048846493798,0.7731145242947033,0.8492366941773257,0.017331653263309845,0.9364167898816596,0,130560,0,0.8989736519607843
641,0.0016362013571493911,0.0008033738396830724,0.0001581370814773173,98.6,0.940836780734706,0.9381053035356827,0.938649258225772,0.7969151949231846,0.0007850177898583824,0.9534410651350342,0.7960380404742304,0.7960839691152217,0.7969151949231846,0.0007850177898583824,0.9534410651350342,0.8099012543411789,0.827522568590581,0.8388970181633926,0.01654008118308195,0.9353783687106132,0.7532531686673509,0.7652219108902362,0.8388970181633926,0.01654008118308195,0.9353783687106132,0,130764,0,0.8985906862745098
642,0.0016475190538639093,0.0008038827662396733,0.00015797894439583998,95.9,0.9409371648359777,0.9380802936173208,0.9386882026809619,0.8095093429280091,0.0010917229636614781,0.9561817595666422,0.8085713481239011,0.808617402163107,0.8095093429280091,0.0010917229636614781,0.9561817595666422,0.8219868313618874,0.8414188182683158,0.8502062909025956,0.017617762481420485,0.9363508102707856,0.7618315682466672,0.7745031020964396,0.8502062909025956,0.017617762481420485,0.9363508102707856,0,130968,0,0.9021139705882353
643,0.0016396933585615353,0.0007948181238325734,0.00015782096545144414,101.3,0.9414021017260782,0.9387126448963077,0.9393800269865232,0.8054657855896643,0.0008803274238579172,0.9554031030955744,0.8046464780439678,0.8046756246685838,0.8054657855896643,0.0008803274238579172,0.9554031030955744,0.8175427697544532,0.8354474197863709,0.8464311642624681,0.017207088739869012,0.9358339118404039,0.7577844227373158,0.769914724203075,0.8464311642624681,0.017207088739869012,0.9358339118404039,0,131172,0,0.8993566176470589
644,0.0016375568241118361,0.0008020802440583724,0.0001576631444859927,98.3,0.9410692491797562,0.9383111877625884,0.9389126109868284,0.8003359270153367,0.0008383026601934012,0.9541940221160136,0.7995608148127192,0.7995975104098523,0.8003359270153367,0.0008383026601934012,0.9541940221160136,0.8169884600910439,0.8353399785520187,0.8424329068367856,0.016644582041067165,0.9359210229210301,0.7561853900683191,0.7683756732953985,0.8424329068367856,0.016644582041067165,0.9359210229210301,0,131376,0,0.9005821078431373
645,0.0016375290111218597,0.000793874749939517,0.0001575054813415067,100.8,0.9414073850998294,0.9387755474181898,0.9393622153845896,0.8107514772071155,0.0010315111207465301,0.9564768472653405,0.8099204592728733,0.8099628015249279,0.8107514772071155,0.0010315111207465301,0.9564768472653405,0.8158031662038464,0.8337584864885658,0.8518046235854779,0.017496940408702265,0.9366086592970462,0.7626480488661495,0.775006146743556,0.8518046235854779,0.017496940408702265,0.9366086592970462,0,131580,0,0.8964460784313726
646,0.0016429451147012193,0.0008004802349493137,0.0001573479758601652,98.3,0.940466944572126,0.9376748073646831,0.9382530246725757,0.8012930259241833,0.0008794809848035994,0.9543634730796633,0.8004355264451387,0.80048145508613,0.8012930259241833,0.0008794809848035994,0.9543634730796633,0.8125441973280461,0.8302832770269987,0.8422106033734713,0.017031933479590523,0.9353830047496708,0.7551678602553645,0.7673579345341192,0.8422106033734713,0.017031933479590523,0.9353830047496708,0,131784,0,0.9017310049019608
647,0.001639819478013498,0.0007976136598574154,0.00015719062788430505,96.7,0.9416292867973773,0.938967439845092,0.9395398801761187,0.803347217756797,0.0009035398802742516,0.9548045194121673,0.8025687533482329,0.8026073838131363,0.803347217756797,0.0009035398802742516,0.9548045194121673,0.810108060327243,0.8278765058985954,0.844608071652396,0.017034291610071278,0.9357690772067849,0.7570135818769073,0.7692100609939653,0.844608071652396,0.017034291610071278,0.9357690772067849,0,131988,1,0.9046415441176471
648,0.0016337594624572232,0.0007974784907625618,0.00015703343725642074,96.0,0.9408684809772128,0.9379980686673275,0.938617673913557,0.804397907285929,0.0008992592873594516,0.955029613241338,0.8036541738152776,0.8036871576252593,0.804397907285929,0.0008992592873594516,0.955029613241338,0.8139653073141494,0.8320187618184679,0.8465056760641723,0.0168138137813368,0.9363302518906605,0.7589401400101237,0.771103159775896,0.8465056760641723,0.0168138137813368,0.9363302518906605,0,132192,0,0.8970588235294118
649,0.0016348723906512354,0.0007966797180307462,0.00015687640381916433,91.3,0.9412383171397928,0.9383731102049079,0.9389496854074015,0.8112971664525301,0.0009562986694922946,0.9564863162039191,0.8103775833075288,0.8104198001613689,0.8112971664525301,0.0009562986694922946,0.9564863162039191,0.8147898217468803,0.8325018112732627,0.852529055492191,0.017323313837395115,0.9366803861311033,0.7627698454771462,0.7752724921611297,0.852529055492191,0.017323313837395115,0.9366803861311033,0,132396,0,0.8970588235294118
650,0.0016389080048219173,0.000799305003042844,0.00015671952741534516,91.2,0.9412436005135439,0.9385116873463042,0.939092402442237,0.8060988171829849,0.00101231225963857,0.9553859987201987,0.8052724315102111,0.8053184855494171,0.8060988171829849,0.00101231225963857,0.9553859987201987,0.8106951102492125,0.8290511377829137,0.8475069303687195,0.017192510400000752,0.9361247174233127,0.7592862923009699,0.7715870340589773,0.8475069303687195,0.017192510400000752,0.9361247174233127,0,132600,0,0.9067095588235294
651,0.0016388346506145729,0.0007951386525047767,0.00015656280788792982,93.1,0.941063965806005,0.938292728669759,0.938899210353342,0.8094416835895784,0.0009770253786092788,0.956238685414948,0.8085394682359212,0.8085853968769124,0.8094416835895784,0.0009770253786092788,0.956238685414948,0.8193604410140977,0.837790491847638,0.8500670710459999,0.0175085710442828,0.9363124611508745,0.7611649010465792,0.7736296833364292,0.8500670710459999,0.0175085710442828,0.9363124611508745,0,132804,0,0.8975949754901961
652,0.001642496959653263,0.0007979298206378662,0.0001564062450800419,85.8,0.9415236193223545,0.9386954696639068,0.9392520507370585,0.802346735552322,0.0009177675834707065,0.9546205937278033,0.8015082627636492,0.8015541914046406,0.802346735552322,0.0009177675834707065,0.9546205937278033,0.8146749727538042,0.8326431090006162,0.8430244392850571,0.017220767792955855,0.9353171388086083,0.7554159382756481,0.7676491313382723,0.8430244392850571,0.017220767792955855,0.9353171388086083,0,133008,0,0.9075520833333334
653,0.001641390178644774,0.0007989743663507985,0.00015624983883496185,95.5,0.941063965806005,0.9382702743983855,0.9388275866393296,0.8045981671728356,0.0009652559475650611,0.9551019098611563,0.8037932894209427,0.8038356316729974,0.8045981671728356,0.0009652559475650611,0.9551019098611563,0.8102083179013025,0.8289900635527633,0.8464468684515171,0.016994454835819815,0.9362194046255611,0.7589376743861119,0.771051306421958,0.8464468684515171,0.016994454835819815,0.9362194046255611,0,133212,0,0.9039522058823529
654,0.001637801668360172,0.0008005975711354917,0.00015609358899612688,97.0,0.9415764530598659,0.9389212340678428,0.9394992521686603,0.7974824088554849,0.0008541184793433192,0.9535387477161231,0.7966928422632773,0.7967207306686768,0.7974824088554849,0.0008541184793433192,0.9535387477161231,0.8105352875727536,0.8283965834607832,0.8396429151419678,0.01657885681431055,0.9354540733148742,0.753723465581872,0.7654418600743075,0.8396429151419678,0.01657885681431055,0.9354540733148742,0,133416,0,0.8965226715686274
655,0.0016345783306842706,0.0008034834379114995,0.00015593749540713075,86.8,0.9410798159272585,0.9382746422373799,0.938858043865132,0.8010772945914593,0.0009034648551271029,0.9543426572829297,0.8002606907479959,0.8002991958146846,0.8010772945914593,0.0009034648551271029,0.9543426572829297,0.8162926037652917,0.8346248226245809,0.8436716467811867,0.01663536464440905,0.936212902205499,0.7575120196363639,0.7696803786264995,0.8436716467811867,0.01663536464440905,0.936212902205499,0,133620,0,0.8979779411764706
656,0.001634786574297822,0.0008038079694571911,0.00015578155791172362,96.5,0.9411537831597745,0.9384173057230236,0.9390065150542005,0.7960641413900965,0.000837319960322827,0.95325539391185,0.7952767438462004,0.7953153743111038,0.7960641413900965,0.000837319960322827,0.95325539391185,0.8215002818642713,0.840008552319867,0.8377610547135441,0.016667438438469385,0.9350223660111197,0.7518753387844086,0.7640984762657,0.8377610547135441,0.016667438438469385,0.9350223660111197,0,133824,0,0.9003523284313726
657,0.001640840106547865,0.0007958544721056247,0.0001556257763538119,100.7,0.9415923031811193,0.9387316446541537,0.939327186788436,0.8094396993515632,0.0009013428827706258,0.9562361091865033,0.8086211716294295,0.808663513881484,0.8094396993515632,0.0009013428827706258,0.9562361091865033,0.8167092169122069,0.834816382293446,0.850812884567777,0.017234392811059138,0.9366210395207148,0.7619232026234891,0.7741723239270394,0.850812884567777,0.017234392811059138,0.9366210395207148,0,134028,0,0.8993566176470589
658,0.001637047875156699,0.0008055899588088653,0.00015547015057745808,111.7,0.9414707855848431,0.9387162362930349,0.9392944177434821,0.8063073145015492,0.001027145931484575,0.9554949530058987,0.8054472828158619,0.8054932114568532,0.8063073145015492,0.001027145931484575,0.9554949530058987,0.8137281040096165,0.8319604612552323,0.8464602225939213,0.017580067103459527,0.9355262692307658,0.7574242657226409,0.7697361848890016,0.8464602225939213,0.017580067103459527,0.9355262692307658,0,134232,0,0.8978247549019608
659,0.0016339493797882004,0.0007930662406015511,0.00015531468042688062,103.0,0.9413809682310736,0.9387285858105918,0.939325512317028,0.810108828864649,0.0009211932668728288,0.956392547431088,0.8092695582120146,0.8093156122512207,0.810108828864649,0.0009211932668728288,0.956392547431088,0.8128490731236788,0.8309281573813938,0.8510213713051809,0.017420650257414835,0.9364725895560732,0.7618652574054935,0.7742517368524136,0.8510213713051809,0.017420650257414835,0.9364725895560732,0,134436,0,0.9000459558823529
660,0.0016360635060004378,0.0007966035712414447,0.00015515936574645375,96.0,0.940953014957231,0.9381446661727639,0.9387644282403712,0.8072237583486135,0.0009111340751667307,0.9557500017074608,0.8063354738991251,0.8063703925768773,0.8072237583486135,0.0009111340751667307,0.9557500017074608,0.8085660105956565,0.8264142623283471,0.8486554402072481,0.017149303174195638,0.9363831113156624,0.7602678489101687,0.7723653487845168,0.8486554402072481,0.017149303174195638,0.9363831113156624,0,134640,0,0.8993566176470589
661,0.0016422409817631193,0.0007983835642927993,0.0001550042063807073,103.9,0.9412277503922905,0.9384552181337293,0.9390441754924577,0.8092091950868666,0.0009520874236062277,0.9561853387891299,0.8084005007185504,0.8084371963156834,0.8092091950868666,0.0009520874236062277,0.9561853387891299,0.819463618119981,0.8380129434325592,0.8500764403459143,0.017438509624642783,0.9363456035627976,0.7611701468529318,0.7734314374046173,0.8500764403459143,0.017438509624642783,0.9363456035627976,0,134844,0,0.9013480392156863
662,0.0016339446546957263,0.0007961566985930581,0.00015484920217432658,107.6,0.9412753007560508,0.9387044884036534,0.9392744025699863,0.8042718693628788,0.0008984859640381875,0.9550114439156908,0.8034972239215505,0.8035323851997701,0.8042718693628788,0.0008984859640381875,0.9550114439156908,0.8156598956689183,0.8337251877772545,0.8459467828427181,0.016931753839505827,0.9360910799812576,0.7582022306524469,0.7702417582949006,0.8459467828427181,0.016931753839505827,0.9360910799812576,0,135048,0,0.8975183823529411
663,0.001639316791517879,0.0007938360172828596,0.00015469435297215225,99.8,0.9414073850998294,0.938674961060666,0.9392357426971312,0.8034218630608894,0.0009141059974638299,0.9547871970793904,0.8026101925174144,0.8026357527530935,0.8034218630608894,0.0009141059974638299,0.9547871970793904,0.8149345153600336,0.8337086188241092,0.8450428952095658,0.01691960270792634,0.935825947892433,0.756995125724797,0.7690476423094049,0.8450428952095658,0.01691960270792634,0.935825947892433,0,135252,0,0.9012714460784313
664,0.001641150245525162,0.0008200461320436189,0.0001545396586191801,105.0,0.9405356284308908,0.937772300223692,0.9383455672536054,0.8046562013916005,0.0009124736743429522,0.9551126580088029,0.8038298995638022,0.8038652115435042,0.8046562013916005,0.0009124736743429522,0.9551126580088029,0.822411581860866,0.8407496787144343,0.8458914818689763,0.01706015275988807,0.9359885399576936,0.7581530716981264,0.7702370621256648,0.8458914818689763,0.01706015275988807,0.9359885399576936,0,135456,0,0.8979779411764706
665,0.0016375139644415136,0.0008112876258311979,0.0001543851189605609,114.5,0.9412383171397928,0.9384175708501896,0.9389729043986071,0.807166668966829,0.0010116473722647033,0.9555405165399378,0.80627770725661,0.8063236358976014,0.807166668966829,0.0010116473722647033,0.9555405165399378,0.811726945636683,0.8295163389092204,0.8479088775462639,0.01739787843274621,0.9359622312326773,0.759496058515094,0.7718872176936719,0.8479088775462639,0.01739787843274621,0.9359622312326773,0,135660,0,0.9052542892156863
666,0.0016378000824867438,0.0008022810314619328,0.00015423073384160035,100.1,0.9412383171397928,0.9386187038520256,0.9392532032871008,0.8061704568149777,0.0009801230704384076,0.9554171669405488,0.8052614401697261,0.8052980103686446,0.8061704568149777,0.0009801230704384076,0.9554171669405488,0.8126656004756727,0.8303349625052742,0.8474020851404859,0.01721025181535143,0.9362376156101019,0.7597383721342418,0.7718143088004936,0.8474020851404859,0.01721025181535143,0.9362376156101019,0,135864,0,0.901577818627451
667,0.0016358915651354061,0.0008070708939982598,0.00015407650310775875,90.3,0.9411220829172676,0.9382754448720373,0.9388529086993644,0.8055085898246839,0.0007976913652837794,0.9554017273160701,0.804768411973873,0.8048106288277134,0.8055085898246839,0.0007976913652837794,0.9554017273160701,0.8127021049389848,0.8309839060772682,0.8472718451713818,0.016884050887434502,0.9365607315049741,0.7602803304209261,0.7724517305016936,0.8472718451713818,0.016884050887434502,0.9365607315049741,0,136068,0,0.9005055147058824
668,0.0016322314474439504,0.0007955545259743678,0.00015392242660465099,97.6,0.94150248582735,0.9388883976066154,0.9394791551567497,0.8006585159791533,0.0009194063654449694,0.9541434170701579,0.7999006692190913,0.7999299412419218,0.8006585159791533,0.0009194063654449694,0.9541434170701579,0.8126559203621395,0.8302178583592156,0.8425978480239507,0.016785197020853945,0.9356886029276594,0.7558348135947835,0.7677510713314033,0.8425978480239507,0.016785197020853945,0.9356886029276594,0,136272,0,0.8966758578431373
669,0.0016342243990020862,0.0008014765189573289,0.00015376850417804633,119.6,0.941169633281028,0.9384007530879295,0.9390264734623464,0.8017693289142109,0.0009300000442861285,0.9543249536312731,0.8009568820210561,0.8009990988748961,0.8017693289142109,0.0009300000442861285,0.9543249536312731,0.8173272615712573,0.8356175712238022,0.8437217163376783,0.016802732054526065,0.9357774379308736,0.7564393130539917,0.7685507941581454,0.8437217163376783,0.016802732054526065,0.9357774379308736,0,136476,0,0.8965992647058824
670,0.001631740742025203,0.0007986395434033266,0.00015361473567386828,92.0,0.94150248582735,0.9387673236806112,0.939367315727119,0.8101833144334567,0.0010025260756900344,0.9563622122060429,0.8092582649990848,0.8093116172143788,0.8101833144334567,0.0010025260756900344,0.9563622122060429,0.8174270772453774,0.8357054637338135,0.8502190792194473,0.017733659502612787,0.9359474706665264,0.7603643535972713,0.7728580418215083,0.8502190792194473,0.017733659502612787,0.9359474706665264,0,136680,0,0.8997395833333334
671,0.0016397333255393758,0.0007959965254613169,0.0001534611209381944,97.3,0.9414707855848431,0.9387780042269838,0.9393440516929622,0.8072927306150451,0.0009416112640516112,0.9556762019962383,0.8064458135016739,0.8064750855245044,0.8072927306150451,0.0009416112640516112,0.9556762019962383,0.8141859697240241,0.831754670173379,0.8491768942738328,0.01707757996229106,0.9365486670876401,0.7610682690848983,0.7730643097217966,0.8491768942738328,0.01707757996229106,0.9365486670876401,0,136884,0,0.8942248774509803
672,0.001640863019251721,0.0007979834459902721,0.0001533076598172562,105.5,0.9418194882524185,0.9391213702687263,0.9396939154304138,0.8108881546676211,0.0009434112767752981,0.9565538373540698,0.8099987320427197,0.8100409488965599,0.8108881546676211,0.0009434112767752981,0.9565538373540698,0.8086773685538613,0.8268523721601693,0.8513081063775524,0.01760976840857913,0.9363058917647494,0.7616934830625456,0.7742110593857715,0.8513081063775524,0.01760976840857913,0.9363058917647494,0,137088,1,0.8977481617647058
673,0.001635553463654337,0.0007991790979876451,0.00015315435215743894,103.1,0.9418617552424277,0.939227679171911,0.9398156239125987,0.8046968959086459,0.0011388785795924416,0.9549049601368501,0.8037992289495822,0.8038451575905737,0.8046968959086459,0.0011388785795924416,0.9549049601368501,0.8150544570093136,0.8335652443413137,0.8451498237560529,0.017551929228377363,0.9352466725693751,0.756638805564573,0.7691041059544779,0.8451498237560529,0.017551929228377363,0.9352466725693751,0,137292,1,0.9014246323529411
674,0.0016345181365442626,0.0007927413293620969,0.0001530011978052815,109.4,0.9416240034236262,0.9387533785458841,0.9393416121910717,0.8047894269854842,0.0009582992637916113,0.9550522117979406,0.8038727937266088,0.8039224341547515,0.8047894269854842,0.0009582992637916113,0.9550522117979406,0.8169684875291677,0.8351636180994576,0.8462321522598192,0.01709762704143104,0.9358577473503902,0.757859163214997,0.7703538292244347,0.8462321522598192,0.01709762704143104,0.9358577473503902,0,137496,0,0.8974417892156863
675,0.0016334110062898083,0.0007957187510421055,0.00015284819660747623,102.4,0.940842064108457,0.9379871513412008,0.9385660729868006,0.8052567542928916,0.0010005129122896193,0.9551557152338627,0.8044559543066434,0.8045018829476348,0.8052567542928916,0.0010005129122896193,0.9551557152338627,0.8215100330525887,0.8405141306641492,0.8471636710202602,0.016995637609982437,0.9362601972241829,0.7592668071875031,0.7714734036442072,0.8471636710202602,0.016995637609982437,0.9362601972241829,0,137700,0,0.9022671568627451
676,0.001634457190840633,0.000797133136940072,0.00015269534841086876,99.7,0.9414285185948339,0.9387410311936534,0.9393158446370091,0.8099647780791664,0.0010398454075306403,0.9562337683922943,0.8090860279297667,0.809131956570758,0.8099647780791664,0.0010398454075306403,0.9562337683922943,0.8092003576247895,0.8276511997087325,0.8515315959127877,0.017304899268516603,0.9367518529531296,0.7627154265314466,0.7749400811453242,0.8515315959127877,0.017304899268516603,0.9367518529531296,0,137904,0,0.9012714460784313
677,0.0016324301061960047,0.0007992549365914808,0.0001525426530624579,99.1,0.9415711696861148,0.9388348978933584,0.9394353022497385,0.8027161489011668,0.0009275650129525175,0.9547276953779534,0.8019334487861911,0.8019650489787418,0.8027161489011668,0.0009275650129525175,0.9547276953779534,0.8136927281452283,0.8313699703187079,0.8442984357040578,0.016992769482771047,0.935739990219064,0.7566258168568285,0.7684465892946686,0.8442984357040578,0.016992769482771047,0.935739990219064,0,138108,0,0.8999693627450981
678,0.0016309259500464097,0.0007944951405210644,0.00015239011040939544,100.3,0.9414866357060965,0.9387414928371316,0.9392999076246992,0.8024695063849154,0.0009739061932894801,0.9545466393237669,0.8016107615704169,0.8016568156096229,0.8024695063849154,0.0009739061932894801,0.9545466393237669,0.8194348591178353,0.8379553280150506,0.8427037068602444,0.017358227158030468,0.9350013678725008,0.7545635672847051,0.7669062861838167,0.8427037068602444,0.017358227158030468,0.9350013678725008,0,138312,0,0.8979013480392157
679,0.0016390421032887318,0.0007942516978082668,0.00015223772029898604,102.1,0.941396818352327,0.9386968640338713,0.9392797049955418,0.8085760928028677,0.000986924687631068,0.9560185170102337,0.8077708464139259,0.8078167750549174,0.8085760928028677,0.000986924687631068,0.9560185170102337,0.8199221154853629,0.8384342827599669,0.8502239147601083,0.017223379641273903,0.9366799252030823,0.7619836390405474,0.7743879070689141,0.8502239147601083,0.017223379641273903,0.9366799252030823,0,138516,0,0.8988970588235294
680,0.0016365648702690925,0.0007977067575270445,0.00015208548257868704,103.3,0.9413598347360691,0.938776348288398,0.9393584010476909,0.8084347246491155,0.0009483748107340077,0.955896386961697,0.8075940173170741,0.8076362341709142,0.8084347246491155,0.0009483748107340077,0.955896386961697,0.8179743083673459,0.8362863253982925,0.8502547361699376,0.017077927977557854,0.9366290550240763,0.7614097724111484,0.7734938568138531,0.8502547361699376,0.017077927977557854,0.9366290550240763,0,138720,0,0.9019607843137255
681,0.0016355591543091863,0.0007950529721100872,0.00015193339709610837,96.9,0.9417402376461513,0.9389593508801585,0.9395314355106056,0.80268436354538,0.0008629830247292108,0.9546217707279259,0.8018655919558973,0.8019005106336494,0.80268436354538,0.0008629830247292108,0.9546217707279259,0.8089641625468537,0.8266993522321229,0.8447433487002285,0.016714567217588242,0.9360889043776511,0.7574314514021173,0.7694088355689612,0.8447433487002285,0.016714567217588242,0.9360889043776511,0,138924,0,0.8968290441176471
682,0.0016380202854919595,0.0007983734859329116,0.00015178146369901227,111.5,0.9415130525748522,0.9388230443995162,0.9394064465783744,0.7942675631089872,0.0007368494813236608,0.9530239711840424,0.7936243118375838,0.7936464028865792,0.7942675631089872,0.0007368494813236608,0.9530239711840424,0.8182165559633929,0.8360067059510897,0.8361259799104056,0.016486187550979553,0.9348597658941965,0.7501316564199215,0.7619301342766549,0.8361259799104056,0.016486187550979553,0.9348597658941965,0,139128,0,0.9024969362745098
683,0.0016297848265179817,0.0007928040124012025,0.00015162968223531327,98.3,0.9415606029386124,0.9388804088202589,0.9394588704755457,0.8087202328247766,0.0008934969752405354,0.9561808541543675,0.8078993082064801,0.8079415250603201,0.8087202328247766,0.0008934969752405354,0.9561808541543675,0.81388836400094,0.8320691641644655,0.8497578523686854,0.01734857887475605,0.9362999459006254,0.7605233082641839,0.7729235867720665,0.8497578523686854,0.01734857887475605,0.9362999459006254,0,139332,0,0.8962928921568627
684,0.0016375235201991803,0.0007899337299385617,0.00015147805255307797,102.5,0.9421153571824824,0.9395306653160903,0.9401102262295802,0.8012032750948133,0.0008783738751058965,0.9543482619280212,0.8004273378678011,0.8004659683327044,0.8012032750948133,0.0008783738751058965,0.9543482619280212,0.806748688165357,0.8248066363672155,0.8425286937946572,0.016944442744834722,0.9353391353164684,0.7545017515583506,0.7665793510120189,0.8425286937946572,0.016944442744834722,0.9353391353164684,0,139536,1,0.90234375
685,0.0016333886596839875,0.0007982500815362918,0.0001513265745005249,99.0,0.9414866357060965,0.9387265115600147,0.9393152613207233,0.8117492224679447,0.0010417259489533671,0.9566711611700555,0.810852288605862,0.8108945054597021,0.8117492224679447,0.0010417259489533671,0.9566711611700555,0.82046893376366,0.8390186699910858,0.8514013596926784,0.01791498836935231,0.9358594672281337,0.7606643909318789,0.7732432440427102,0.8514013596926784,0.01791498836935231,0.9358594672281337,0,139740,0,0.8979013480392157
686,0.0016382239535268322,0.0008000880869871921,0.00015117524792602436,98.0,0.9415500361911102,0.938760599301063,0.9393471815743167,0.8017362005335286,0.001049008736502724,0.9543081527197714,0.8008573535336249,0.8009032821746161,0.8017362005335286,0.001049008736502724,0.9543081527197714,0.8198569862906826,0.8382607052394174,0.8425532589041912,0.01724149482953003,0.9353808298630317,0.7559179732460639,0.7680112034791324,0.8425532589041912,0.01724149482953003,0.9353808298630317,0,139944,0,0.8997395833333334
687,0.0016311500643781734,0.0007987206271538637,0.00015102407267809833,95.8,0.9413387012410644,0.9386148806556022,0.939260063260566,0.8009515829223902,0.0009462903651253717,0.9542903745553071,0.8001644326564702,0.8002030631213736,0.8009515829223902,0.0009462903651253717,0.9542903745553071,0.8187329748948643,0.8363795402315037,0.8423613681631056,0.016987043974994346,0.9354713792704302,0.7552731388755378,0.7673330830346397,0.8423613681631056,0.016987043974994346,0.9354713792704302,0,140148,0,0.9010416666666666
688,0.001628904596573728,0.0007928543105091694,0.00015087304860542024,100.3,0.9415658863123636,0.9387655753074513,0.9393714013196178,0.8092445069599712,0.0010231909105237725,0.9560386203306732,0.808361859434005,0.8084040762878449,0.8092445069599712,0.0010231909105237725,0.9560386203306732,0.8149635511415041,0.8329317000313391,0.8507620065987778,0.017295760029464737,0.9366130154775735,0.7621438656323556,0.7744658710182595,0.8507620065987778,0.017295760029464737,0.9366130154775735,0,140352,0,0.9004289215686274
689,0.0016332085075441236,0.0007972875936562393,0.00015072217555681482,93.2,0.9415289026961057,0.9387744556944416,0.9393572707726321,0.8041310631621016,0.0009930298062573312,0.9549621964967238,0.8032498468688508,0.8032920637226908,0.8041310631621016,0.0009930298062573312,0.9549621964967238,0.8183417780138837,0.8368835239851534,0.845102691085667,0.017243696609755277,0.935827752642135,0.7579326011506226,0.7703014617077115,0.845102691085667,0.017243696609755277,0.935827752642135,0,140556,0,0.8979013480392157
690,0.0016326512045720045,0.0007961964282258354,0.000150571453381258,106.6,0.9418353383736718,0.9390872998852593,0.93965383743764,0.805121376950704,0.0009274683934847914,0.9552208720488115,0.8042872076405551,0.8043221263183071,0.805121376950704,0.0009274683934847914,0.9552208720488115,0.8088616809661339,0.8267328660530749,0.8466244469824001,0.01706371148577861,0.9360888250775884,0.7586745203780647,0.7708180360364901,0.8466244469824001,0.01706371148577861,0.9360888250775884,0,140760,0,0.8982077205882353
691,0.0016310308334034156,0.0007971467232538512,0.00015042088192787674,104.2,0.9417508043936537,0.9389774924698614,0.9395585870596612,0.8058360968594953,0.0009754017036088845,0.9553536984356292,0.8050032980799958,0.8050492267209872,0.8058360968594953,0.0009754017036088845,0.9553536984356292,0.8144457168709174,0.8329463046877381,0.8466162138580612,0.017362119656228123,0.9358477238378508,0.7586265668831191,0.7709681924145795,0.8466162138580612,0.017362119656228123,0.9358477238378508,0,140964,0,0.9029564950980392
692,0.0016342763493394515,0.000791809207281778,0.00015027046104594888,108.2,0.9412964342510554,0.9385252000408739,0.9390684381487684,0.8045472637184533,0.0008702493532543114,0.9551268704493924,0.8037787680634648,0.8038211103155196,0.8045472637184533,0.0008702493532543114,0.9551268704493924,0.8157087528525884,0.8336495145153849,0.846726160388027,0.016803813870388044,0.9364269276003331,0.7592809392060067,0.7715257403472844,0.846726160388027,0.016803813870388044,0.9364269276003331,0,141168,0,0.8991268382352942
693,0.001637019910940937,0.000787702099815102,0.00015012019058490293,106.9,0.9418142048786673,0.9391694637438671,0.9397658517681167,0.7965329290408426,0.0008687739257189026,0.9532643375545612,0.7957681722446025,0.7958103890984425,0.7965329290408426,0.0008687739257189026,0.9532643375545612,0.8148400359129199,0.8326848408664741,0.8378590744947051,0.01674066977380559,0.9347261675441453,0.7508487339028477,0.7628383293450585,0.8378590744947051,0.01674066977380559,0.9347261675441453,0,141372,0,0.9017310049019608
694,0.00163498270501127,0.0007965916179553329,0.00014997007039431804,107.6,0.9414760689585941,0.938940712000594,0.9395262657738936,0.8067265026881545,0.00096275757833628,0.9555675874445229,0.8058342098887733,0.8058728403536767,0.8067265026881545,0.00096275757833628,0.9555675874445229,0.8149720848638479,0.8329448208562801,0.8483103107819037,0.017137317667856557,0.9362692388267786,0.7597002669760364,0.7719750228727956,0.8483103107819037,0.017137317667856557,0.9362692388267786,0,141576,0,0.9021139705882353
695,0.0016349691643114841,0.0007956093382192904,0.00014982010032392373,107.3,0.9411590665335257,0.9385366226417077,0.9391489488612709,0.7994470043372311,0.0009523392132112554,0.9537750247577665,0.7986266992122041,0.7986559712350346,0.7994470043372311,0.0009523392132112554,0.9537750247577665,0.8213426459931685,0.8391364044747825,0.8412352097174,0.016797622283673923,0.935418062026279,0.7547507937627312,0.7669543043486537,0.8412352097174,0.016797622283673923,0.935418062026279,0,141780,0,0.9033394607843137
696,0.0016348346789349236,0.0007950546300397581,0.0001496702802235998,107.9,0.9413756848573225,0.9385623736294598,0.9391461294888113,0.8056986638086099,0.0009706605508252102,0.955312165692502,0.8048154080999399,0.8048613367409313,0.8056986638086099,0.0009706605508252102,0.955312165692502,0.8130330443137374,0.8308067824108424,0.8469417169580039,0.017219528746556058,0.9360321650312871,0.7590132855336899,0.7712368320339771,0.8469417169580039,0.017219528746556058,0.9360321650312871,0,141984,0,0.8995098039215687
697,0.0016383551176427408,0.0007943472375580645,0.0001495206099433762,100.2,0.941877605363681,0.9391539272073287,0.9397298719734407,0.8072356691172747,0.0009423151848030546,0.9556182116933646,0.8062674671523877,0.8063096840062277,0.8072356691172747,0.0009423151848030546,0.9556182116933646,0.8101435370311758,0.8279120670280448,0.8478252900244299,0.017396406311716475,0.9358597345671895,0.7590538370716908,0.7714081499467685,0.8478252900244299,0.017396406311716475,0.9358597345671895,0,142188,0,0.8994332107843137
698,0.0016231788322329521,0.0007917545051030931,0.00014937108933343283,103.5,0.9420255398287131,0.9393177254848089,0.939861752116518,0.8060180864755725,0.0009145545865211803,0.9553634985093072,0.8051466530811285,0.8051851581478175,0.8060180864755725,0.0009145545865211803,0.9553634985093072,0.8139669993060941,0.8322400993426077,0.8482302242772296,0.016867150514489032,0.9363964108800735,0.759477610927666,0.7717648823214173,0.8482302242772296,0.016867150514489032,0.9363964108800735,0,142392,0,0.8922334558823529
699,0.0016307096246986046,0.0007898341840403224,0.0001492217182440994,104.4,0.9417243875248978,0.9390173495305262,0.9396422798441417,0.8068159746606618,0.0008987420689644695,0.9555515349988243,0.8059820153986159,0.8060279440396073,0.8068159746606618,0.0008987420689644695,0.9555515349988243,0.8153000527816713,0.8335272700031893,0.8487090681996924,0.01701566772058999,0.9363658289035327,0.7601488324052095,0.7721947118847557,0.8487090681996924,0.01701566772058999,0.9363658289035327,0,142596,0,0.8968290441176471
700,0.0016310353964275005,0.0007944574180330276,0.0001490724965258553,86.3,0.940842064108457,0.9380781848639853,0.9386365386185616,0.8063406091401373,0.0009238360674583175,0.9554705994290067,0.8054799558773497,0.8055202378634194,0.8063406091401373,0.0009238360674583175,0.9554705994290067,0.8227732117260751,0.841360335505553,0.8475126634576479,0.017192952615423366,0.9361356381073358,0.7594871373027905,0.7717154876949104,0.8475126634576479,0.017192952615423366,0.9361356381073358,0,142800,0,0.9026501225490197
701,0.0016321605134198406,0.000795991609895413,0.00014892342402932944,96.5,0.9412383171397928,0.9385737546849736,0.9391317697697845,0.8106394797732386,0.0009306153125785782,0.9564540270405666,0.8096902296687579,0.8097324465225981,0.8106394797732386,0.0009306153125785782,0.9564540270405666,0.8165531801923007,0.8342821567423413,0.8515380675110605,0.017480113878220262,0.9365418301442279,0.762509209956437,0.7748862597809869,0.8515380675110605,0.017480113878220262,0.9365418301442279,0,143004,0,0.8995098039215687
702,0.0016285833587650867,0.0007913283147272503,0.00014877450060530012,94.6,0.9413334178673134,0.9386326940190453,0.9392430460514168,0.8069386833234136,0.0009684617457914043,0.9556101228548769,0.8060785045274159,0.8061207213812559,0.8069386833234136,0.0009684617457914043,0.9556101228548769,0.8222242879373641,0.8407660570252226,0.8487185913562569,0.017131546914152456,0.9364101851239642,0.7605244321022172,0.7728253208694084,0.8487185913562569,0.017131546914152456,0.9364101851239642,0,143208,0,0.9030330882352942
703,0.001632654761516617,0.00080258940906865,0.0001486257261046948,101.1,0.941951572596197,0.9393916547387559,0.9399638848429698,0.805833318109434,0.000983807511355917,0.9553641303536243,0.8049638260562278,0.8050023311229167,0.805833318109434,0.000983807511355917,0.9553641303536243,0.8111808343951494,0.8298912940341776,0.8466988109497644,0.017306362288710145,0.935966242357459,0.7588611678698717,0.7713158925988736,0.8466988109497644,0.017306362288710145,0.935966242357459,0,143412,0,0.8990502450980392
704,0.001630925698954539,0.0007991580704855881,0.00014847710037859012,101.9,0.941174916654779,0.938518877624849,0.9391336358032806,0.8000349871757019,0.0008302238065202723,0.9541510917263112,0.7993329409044778,0.7993480016811204,0.8000349871757019,0.0008302238065202723,0.9541510917263112,0.8156113015029479,0.833382602220876,0.8423414658162061,0.016614588687253972,0.9358965292136415,0.7559997356140186,0.7678366805789991,0.8423414658162061,0.016614588687253972,0.9358965292136415,0,143616,0,0.8977481617647058
705,0.0016331628550474038,0.0007958001338638516,0.00014832862327821152,98.0,0.9409741484522357,0.9382168123050942,0.9388370222593843,0.8048619561053277,0.0009500030667049577,0.9552128432948878,0.8041611857573282,0.8041926352483965,0.8048619561053277,0.0009500030667049577,0.9552128432948878,0.8215513943701971,0.8400452549154434,0.8468775457695716,0.016986194823919814,0.9364089598300093,0.7597456723926603,0.771904376037535,0.8468775457695716,0.016986194823919814,0.9364089598300093,0,143820,0,0.9024969362745098
706,0.00163468513375276,0.0007884274506578103,0.0001481802946549333,97.8,0.9415658863123636,0.9389482443960645,0.939551511721585,0.8066534144169503,0.0009313230266406866,0.9555731097790834,0.8058269246606915,0.8058655551255948,0.8066534144169503,0.0009313230266406866,0.9555731097790834,0.8121520833364168,0.8302156424675639,0.8483340286141453,0.01708406787967369,0.9364061392679317,0.7603208873421695,0.7726312041092663,0.8483340286141453,0.01708406787967369,0.9364061392679317,0,144024,0,0.8982843137254902
707,0.001635463863232301,0.0007989265313630304,0.00014803211436027836,98.8,0.9416345701711285,0.9389071377703679,0.9395537119529369,0.8016912648683898,0.000850570108768315,0.9545788185279542,0.800925135964054,0.8009600546418062,0.8016912648683898,0.000850570108768315,0.9545788185279542,0.8070988698362451,0.8248245006570295,0.8437286109667805,0.0167454129175567,0.9361171118472095,0.7571715489514202,0.769273176867732,0.8437286109667805,0.0167454129175567,0.9361171118472095,0,144228,0,0.8988204656862745
708,0.0016353011043404467,0.0007945072600574009,0.0001478840822459181,91.0,0.9417402376461513,0.9391163008706367,0.9397035725654572,0.801689592419473,0.0008673453900107896,0.9545578997051326,0.8009235657615709,0.800958484439323,0.801689592419473,0.0008673453900107896,0.9545578997051326,0.809332682346967,0.8271636392792265,0.8430570829777433,0.016995128466145617,0.9354393680133481,0.7551896025255603,0.7674618652471528,0.8430570829777433,0.016995128466145617,0.9354393680133481,0,144432,0,0.8975183823529411
709,0.0016318791587015286,0.0007877228333900985,0.00014773619816367217,97.3,0.9414549354635896,0.9387045317163959,0.9392873992313685,0.8030496636964812,0.0009203349820918592,0.9547004878889576,0.8022207449508264,0.8022536033625937,0.8030496636964812,0.0009203349820918592,0.9547004878889576,0.8078116531653342,0.825599158620849,0.8448162121802023,0.016905000625955447,0.9356251894151885,0.7560508519207183,0.7680543677221344,0.8448162121802023,0.016905000625955447,0.9356251894151885,0,144636,0,0.9008884803921569
710,0.001627236013483329,0.000796039020467768,0.0001475884619655085,97.3,0.9417983547574139,0.9391371730548067,0.9396908026468686,0.8040522792485598,0.0009036433634224168,0.9549606411781447,0.8032625877757299,0.8032954461874972,0.8040522792485598,0.0009036433634224168,0.9549606411781447,0.8088364495064007,0.8264723607059894,0.8453495864913356,0.017057116126383165,0.9357654716664389,0.7570762738736585,0.7690463736226688,0.8453495864913356,0.017057116126383165,0.9357654716664389,0,144840,0,0.8990502450980392
711,0.001634167847406192,0.0007908096232639592,0.000147440873503543,95.4,0.9414655022110919,0.938761280995565,0.9393134714449651,0.8100301605807559,0.0010320827491483633,0.9561745001802073,0.8090648047293193,0.8090939513539352,0.8100301605807559,0.0010320827491483633,0.9561745001802073,0.8107607044541127,0.8285425842862777,0.851300921675374,0.017355766381562727,0.9364859851728194,0.7618833417210361,0.7743352877195196,0.851300921675374,0.017355766381562727,0.9364859851728194,0,145044,0,0.9013480392156863
712,0.00162941852513719,0.0007888294619760444,0.00014729343263003946,94.6,0.9418617552424277,0.9390722782214506,0.9396898172495254,0.8076046094463231,0.0008767822195053182,0.9558386585441823,0.8068135035077965,0.8068390637434756,0.8076046094463231,0.0008767822195053182,0.9558386585441823,0.8138403617926828,0.8315441790456317,0.8487249613215456,0.017205714010838365,0.9361829779400609,0.7595541612400618,0.7716792062114163,0.8487249613215456,0.017205714010838365,0.9361829779400609,0,145248,0,0.9019607843137255
713,0.0016255618453107994,0.0007911215840712548,0.00014714613919740942,95.3,0.9416028699286216,0.9389723255868452,0.9395481614331517,0.8049500632376305,0.0008988873603031384,0.9552029161396578,0.804117335832847,0.8041595526866869,0.8049500632376305,0.0008988873603031384,0.9552029161396578,0.8101283897849989,0.8284508365321676,0.8461356875103254,0.01710246603276787,0.9358766329712358,0.7577321727865455,0.7700950955688183,0.8461356875103254,0.01710246603276787,0.9358766329712358,0,145452,0,0.8960631127450981
714,0.001620525650008965,0.0007925220673598325,0.00014699899305821201,98.4,0.9417138207773956,0.9391216747390488,0.9397702619918257,0.8060543843943301,0.0009563398625613875,0.9553253280825816,0.8052039197530425,0.8052367781648098,0.8060543843943301,0.0009563398625613875,0.9553253280825816,0.8229995989283718,0.8411189933365473,0.8471241225820435,0.017208899427000074,0.9358853680892313,0.7583357157991626,0.7705830469373237,0.8471241225820435,0.017208899427000074,0.9358853680892313,0,145656,0,0.8949908088235294
715,0.0016328428544368887,0.0007970374974123332,0.0001468519940651538,92.6,0.9417085374036445,0.9389844694911921,0.9395662487454004,0.8049099394614379,0.000980427970202868,0.9551686533617986,0.8040742443099129,0.804118238083134,0.8049099394614379,0.000980427970202868,0.9551686533617986,0.8150270851290902,0.8333564362663483,0.8456911854955386,0.01730450170839248,0.935703662595553,0.7576442241182577,0.7700656566041039,0.8456911854955386,0.01730450170839248,0.935703662595553,0,145860,0,0.8996629901960784
716,0.0016337018682594027,0.0007951303364559731,0.00014670514207108863,98.1,0.9416504202923819,0.9389653736469618,0.9395954065286583,0.8105628137826946,0.0009357516209789661,0.9564678870489229,0.8096810315867554,0.8097068597261698,0.8105628137826946,0.0009357516209789661,0.9564678870489229,0.8118922629116537,0.8299913858076153,0.8512733618405868,0.017453630066679524,0.9365251327387625,0.7621089569306311,0.7742103228420933,0.8512733618405868,0.017453630066679524,0.9365251327387625,0,146064,0,0.901577818627451
717,0.0016292116282891262,0.0007917588554151434,0.00014655843692901755,92.3,0.9416028699286216,0.9388916618385214,0.9395100718817677,0.8136261672565099,0.0009658189875762957,0.9571953915988061,0.8127282226886859,0.8127612064986678,0.8136261672565099,0.0009658189875762957,0.9571953915988061,0.8154503932658013,0.8333028333112823,0.8540815790495726,0.01767577103580316,0.9368015132673583,0.7642366652491607,0.7766478735612206,0.8540815790495726,0.01767577103580316,0.9368015132673583,0,146268,0,0.8966758578431373
718,0.0016290211562733805,0.0007948616162631334,0.00014641187849208853,99.7,0.9418987388586856,0.939170401998649,0.9397181347977824,0.8119185626517345,0.0009313469001529278,0.9566891238989632,0.8110382537745768,0.8110841824155682,0.8119185626517345,0.0009313469001529278,0.9566891238989632,0.8143249092662047,0.8324586642551343,0.8520299464671147,0.017671829176102122,0.9363518843822214,0.762473906459368,0.7746849948293825,0.8520299464671147,0.017671829176102122,0.9363518843822214,0,146472,0,0.8995098039215687
719,0.001623316424300748,0.0007904284754838457,0.00014626546661359644,97.9,0.9418987388586856,0.9391488531557922,0.9397134557028669,0.8051051535198086,0.0009385201985727416,0.9552311617662909,0.8042815793016285,0.8043200843683173,0.8051051535198086,0.0009385201985727416,0.9552311617662909,0.8144546416452599,0.8322097825601416,0.8455295308202265,0.017399904451826927,0.9354779574839212,0.7569222434457383,0.7690712506500136,0.8455295308202265,0.017399904451826927,0.9354779574839212,0,146676,0,0.8972120098039216
720,0.001624031043748426,0.0007890950127401203,0.00014611920114698286,70.0,0.9419040222324367,0.9391710907902934,0.9397387634240306,0.799581693373586,0.0008895755989502695,0.9539783368899662,0.7987648511410467,0.7988014213399652,0.799581693373586,0.0008895755989502695,0.9539783368899662,0.8151725178494421,0.8332287507236745,0.8402138500490763,0.01708111056536225,0.9348985236595279,0.752855360298204,0.765023345592231,0.8402138500490763,0.01708111056536225,0.9348985236595279,0,146880,0,0.9003523284313726
721,0.0016282747366109535,0.000794013532698194,0.00014597308194583587,91.2,0.9420413899499664,0.9392926229893269,0.939856009725492,0.80034886828594,0.0007893143618437424,0.9542119256597539,0.7995951016015708,0.7996280854115525,0.80034886828594,0.0007893143618437424,0.9542119256597539,0.8137146871098625,0.8327837752904592,0.8412267203858257,0.01694932272637247,0.9352638193455284,0.7542429454126736,0.7662548858791441,0.8412267203858257,0.01694932272637247,0.9352638193455284,0,147084,0,0.8969056372549019
722,0.0016290527830064734,0.0007919036335783423,0.00014582710886389003,96.3,0.9422315914050076,0.9395866503109532,0.9401834085946789,0.8044990584775226,0.00100881231865512,0.9550065212817682,0.8036698783641119,0.8037085088290152,0.8044990584775226,0.00100881231865512,0.9550065212817682,0.8178103685602836,0.8364600843849684,0.8452593956047467,0.017320551606119346,0.9354672231850438,0.7565929574450185,0.7688664567883575,0.8452593956047467,0.017320551606119346,0.9354672231850438,0,147288,1,0.8935355392156863
723,0.0016289960978753573,0.0007887172329250917,0.00014568128175502615,87.2,0.9419251557274413,0.939223718440997,0.9397560325192672,0.8049012307456223,0.000903990482970812,0.9551373377828658,0.804121277350053,0.8041599078149564,0.8049012307456223,0.000903990482970812,0.9551373377828658,0.8167164273704585,0.8347363229966485,0.8470655004734499,0.016841000082468707,0.9364042368390405,0.7595523891823013,0.7718698444738201,0.8470655004734499,0.016841000082468707,0.9364042368390405,0,147492,0,0.9004289215686274
724,0.001634133207570652,0.0007884625663293472,0.00014553560047327112,94.4,0.9417085374036445,0.9388325680126433,0.9393718615833496,0.8054698488795259,0.0008938044484656072,0.9553195499122625,0.8046371568305678,0.8046700152423351,0.8054698488795259,0.0008938044484656072,0.9553195499122625,0.8117410027240782,0.829720292959547,0.8468772143868374,0.017059361881817052,0.936227944283077,0.7592479655392675,0.7714988237266688,0.8468772143868374,0.017059361881817052,0.936227944283077,0,147696,0,0.9022671568627451
725,0.0016313858282314066,0.0007913228117088706,0.00014539006487279785,92.6,0.9415923031811193,0.9389873173545106,0.9396165071095464,0.8012171569897055,0.0008840011176447835,0.9542644641087064,0.8003683045112044,0.8003941326506189,0.8012171569897055,0.0008840011176447835,0.9542644641087064,0.811026346342423,0.8293336370069185,0.8423286534507328,0.01696610168058311,0.9352887398573864,0.754651962213063,0.7667279957876549,0.8423286534507328,0.01696610168058311,0.9352887398573864,0,147900,0,0.9025735294117647
726,0.0016283244961717476,0.0007913859127370656,0.00014524467480792505,81.7,0.9420044063337084,0.9393038109235454,0.9398803000599104,0.8093531744911856,0.0010228862770580837,0.9560624650240729,0.8084741907386244,0.8085165329906792,0.8093531744911856,0.0010228862770580837,0.9560624650240729,0.815453595367251,0.8341653227184269,0.8505114295592603,0.017374410055983714,0.9364264042340318,0.7617104073374399,0.7738853724194045,0.8505114295592603,0.017374410055983714,0.9364264042340318,0,148104,0,0.8990502450980392
727,0.0016289436482075676,0.0007937664196432534,0.00014509943013311713,52.9,0.9426119943150898,0.9399230700582905,0.940472198255407,0.8037249587032822,0.000852288446752933,0.9549290359254285,0.8029270984758018,0.8029529013119484,0.8037249587032822,0.000852288446752933,0.9549290359254285,0.8122172803123586,0.8302309233496156,0.844953304575293,0.017049335474016845,0.9357681096761973,0.7571747038848212,0.7692528528788973,0.844953304575293,0.017049335474016845,0.9357681096761973,0,148308,1,0.9016544117647058
728,0.0016247190799856303,0.0007906868372310493,0.00014495433070298402,48.5,0.9415764530598659,0.9389146222044354,0.9394616087579507,0.7997015109210951,0.000902584820501906,0.9539121068859531,0.7988476328985384,0.798884203097457,0.7997015109210951,0.000902584820501906,0.9539121068859531,0.8053993345835156,0.8228348131464359,0.8404217605701251,0.017019004008164685,0.9347465771953192,0.7521928695148633,0.7643702137574419,0.8404217605701251,0.017019004008164685,0.9347465771953192,0,148512,0,0.9007352941176471
729,0.001625519844488807,0.0007917300180144976,0.00014480937637228103,50.9,0.9423742424962884,0.9396658509785247,0.940276273296454,0.8054624143425144,0.000853742259331438,0.9553512087883829,0.8046841927137596,0.8047157929063102,0.8054624143425144,0.000853742259331438,0.9553512087883829,0.8111603521244813,0.829357795377144,0.8460049130141061,0.017256495963094365,0.9357260955238801,0.7576656016224799,0.7694093457083848,0.8460049130141061,0.017256495963094365,0.9357260955238801,0,148716,0,0.8975183823529411
730,0.0016254335407888993,0.0007911498140916426,0.00014466456699590874,52.1,0.9417560877674047,0.9390209686269171,0.9396131422224568,0.8036820388200526,0.000984034872559107,0.9548177267462087,0.8027207756518019,0.8027592807184908,0.8036820388200526,0.000984034872559107,0.9548177267462087,0.81356354373316,0.8315268809555602,0.844320176417037,0.0172950538591706,0.9352256433302357,0.7553513489322561,0.7675888931602942,0.844320176417037,0.0172950538591706,0.9352256433302357,0,148920,0,0.893765318627451
731,0.0016292939396282914,0.000789881344851143,0.00014451990242891284,66.8,0.9422051745362519,0.9395936010391158,0.94017642225011,0.7990849881650762,0.0008386935694703724,0.9538618769324027,0.7983299057254633,0.7983685361903666,0.7990849881650762,0.0008386935694703724,0.9538618769324027,0.8179682976042706,0.836518590793456,0.8405457397036715,0.01683691966108928,0.9351677070971323,0.7535287364574639,0.7655052471263389,0.8405457397036715,0.01683691966108928,0.9351677070971323,0,149124,0,0.9021905637254902
732,0.0016254508296055172,0.0007884777198936652,0.00014437538252648393,90.5,0.9418459051211742,0.9391552561520042,0.9397329563916031,0.8074671466805688,0.0009302823789090465,0.9557021787057224,0.8066189216566917,0.8066575521215951,0.8074671466805688,0.0009302823789090465,0.9557021787057224,0.8183091861553782,0.8367641697940014,0.848948850346762,0.017138976908800105,0.9362345116661854,0.759916859774493,0.7722483467677174,0.848948850346762,0.017138976908800105,0.9362345116661854,0,149328,0,0.8968290441176471
733,0.00162896057921827,0.0007997083140077661,0.00014423100714395744,69.8,0.941063965806005,0.9383470369477528,0.9389058998147143,0.8034255988621706,0.0009239968501278474,0.9548496923185027,0.8025639880172928,0.8026005582162113,0.8034255988621706,0.0009239968501278474,0.9548496923185027,0.8167385212443745,0.8352847790958702,0.844504512332372,0.017136730198060786,0.9357516654467614,0.7571313705933423,0.7695733847254447,0.844504512332372,0.017136730198060786,0.9357516654467614,0,149532,0,0.9055606617647058
734,0.0016246064789775833,0.000788617421956456,0.00014408677613681349,84.8,0.941507769201101,0.9387214605937735,0.9393030221013776,0.8068056256654033,0.0010125732653929452,0.9555154601964484,0.8058441991841571,0.805890253223363,0.8068056256654033,0.0010125732653929452,0.9555154601964484,0.8230792556882768,0.8412926879976101,0.8475195932879451,0.017412310665995433,0.9358587837192783,0.7588760855595758,0.7711579906860249,0.8475195932879451,0.017412310665995433,0.9358587837192783,0,149736,0,0.9024203431372549
735,0.001624593419346995,0.0007915057537064101,0.00014394268936067668,92.6,0.9418194882524185,0.9392652855425105,0.9398729760715423,0.8042426214482349,0.0009762828152349889,0.9550003540501355,0.8034553249579289,0.8034845969807595,0.8042426214482349,0.0009762828152349889,0.9550003540501355,0.8175873861715719,0.8359118710659116,0.845135738093171,0.017275162219440865,0.9355105523708261,0.7565464738137146,0.7686261405876885,0.845135738093171,0.017275162219440865,0.9355105523708261,0,149940,0,0.9022671568627451
736,0.0016267928049452237,0.0007880444655053005,0.000143798746671316,96.3,0.9424006593650441,0.9398422560305184,0.9404287961186325,0.8076319871814565,0.0008530505422552775,0.9559418789374643,0.8068154449606626,0.8068503636384147,0.8076319871814565,0.0008530505422552775,0.9559418789374643,0.8143907721914692,0.8325670855291706,0.8482706694303753,0.017379829251651102,0.9360136026508625,0.7592380295446064,0.7714504840068898,0.8482706694303753,0.017379829251651102,0.9360136026508625,0,150144,0,0.8977481617647058
737,0.0016273423531731846,0.0007874328511652899,0.00014365494792464468,97.5,0.9422791417687678,0.9397920806278075,0.9403737147332045,0.8057081808249997,0.0009116299749528336,0.9553792012486726,0.804876799753429,0.8049227283944203,0.8057081808249997,0.0009116299749528336,0.9553792012486726,0.8119684889035592,0.8299434817793246,0.8466470869616121,0.017248036071562414,0.9358061513411663,0.7579941720024663,0.7701870323568815,0.8466470869616121,0.017248036071562414,0.9358061513411663,0,150348,0,0.8987438725490197
738,0.001626867875707902,0.0007865756815976627,0.00014351129297672003,72.7,0.9421047904349802,0.9394993425740241,0.9401175880052548,0.8106941966630838,0.001058483356620485,0.9563536597249085,0.8097842176164709,0.8098301462574624,0.8106941966630838,0.001058483356620485,0.9563536597249085,0.8184959498235527,0.8370904109077669,0.8515639298849916,0.01755096989255182,0.9363942128354085,0.7621810693650961,0.7745266801712106,0.8515639298849916,0.01755096989255182,0.9363942128354085,0,150552,0,0.9005055147058824
739,0.0016238481364459457,0.0007924346143348665,0.00014336778168374333,68.3,0.9419357224749436,0.9393397197659423,0.9399182536985187,0.8050918311609642,0.0008967362799549187,0.9552943719580655,0.8042700067540705,0.8043128584389372,0.8050918311609642,0.0008967362799549187,0.9552943719580655,0.8103055427581562,0.8286942763625579,0.8454469903554513,0.017402514660436314,0.9354590239852075,0.7567948275815825,0.7693141152196237,0.8454469903554513,0.017402514660436314,0.9354590239852075,0,150756,0,0.8963694852941176
740,0.0016246262153692763,0.0007853292546467608,0.00014322441390205958,79.6,0.9419779894649527,0.9393611514477609,0.939994882407243,0.8126656183226221,0.0009322715651106299,0.9568825787799498,0.8116994040245769,0.8117382770899476,0.8126656183226221,0.0009322715651106299,0.9568825787799498,0.8116561675030706,0.8297679235701921,0.853658157874581,0.017440030057275145,0.9367755653871388,0.7635513017557752,0.7756604726265531,0.853658157874581,0.017440030057275145,0.9367755653871388,0,150960,0,0.9011182598039216
741,0.00163039751407946,0.0007873783422242988,0.0001430811894881575,100.0,0.9423372588800304,0.9395531870537748,0.9401425823903964,0.8071825390048514,0.0009641810995441301,0.9557157366221543,0.806380794832491,0.8064137786424729,0.8071825390048514,0.0009641810995441301,0.9557157366221543,0.8147860612564051,0.8334493063376828,0.8483043700314976,0.017299626155479298,0.9360088001836239,0.7589905833315439,0.771300613430406,0.8483043700314976,0.017299626155479298,0.9360088001836239,0,151164,0,0.9020373774509803
742,0.001625435327535824,0.0007943575920335921,0.00014293810829866935,71.6,0.9421523407987404,0.9395492062760109,0.9400818166020747,0.8017534643674156,0.0009195316015554531,0.9543935532479456,0.8008717327685919,0.8009047165785736,0.8017534643674156,0.0009195316015554531,0.9543935532479456,0.8117474181884385,0.8299235962522055,0.8433584953453626,0.01692356695173964,0.9355447594600004,0.7556923430724453,0.7677330676631232,0.8433584953453626,0.01692356695173964,0.9355447594600004,0,151368,0,0.8986672794117647
743,0.0016322620304337905,0.0007934121655017502,0.0001427951701903707,69.6,0.9420783735662245,0.9394814609525779,0.9401366972486812,0.8065476707044754,0.000832598306104601,0.9556655014078782,0.8057983774678522,0.8058332961456044,0.8065476707044754,0.000832598306104601,0.9556655014078782,0.8207830733144325,0.8390433668569366,0.8471685190700096,0.01727419460761394,0.9359063691021108,0.7584284210336646,0.7704137209162346,0.8471685190700096,0.01727419460761394,0.9359063691021108,0,151572,0,0.903109681372549
744,0.0016322236869931587,0.0007830572801107252,0.00014265237502018033,58.6,0.9421312073037359,0.9396027008499668,0.9401732792738013,0.8049304942244343,0.0008771861117238004,0.9552306607386323,0.8040613570178287,0.8041016390038983,0.8049304942244343,0.0008771861117238004,0.9552306607386323,0.8170084393688828,0.8353534601871859,0.8457867524813657,0.017211714437393406,0.9356537747642787,0.7571463446420993,0.7692859855691412,0.8457867524813657,0.017211714437393406,0.9356537747642787,0,151776,0,0.8984375
745,0.00163045274344839,0.0007846136733914543,0.00014250972264516016,62.5,0.9420572400712198,0.9395073339168416,0.94009035482354,0.8105073945561413,0.0009710956198021124,0.9563812897940642,0.8096083156448608,0.809645011241994,0.8105073945561413,0.0009710956198021124,0.9563812897940642,0.8119831724968679,0.8301396389292015,0.8512708620753527,0.017492033619260272,0.9361554383293902,0.7606783159199857,0.7730034506934952,0.8512708620753527,0.017492033619260272,0.9361554383293902,0,151980,0,0.9041053921568627
746,0.0016266319047038753,0.0007889579005938344,0.000142367212922515,74.6,0.9416926872823911,0.9390446453638321,0.939626236502766,0.8077252652117963,0.0009310008984013553,0.9558394469459541,0.8068700720747737,0.8069087025396771,0.8077252652117963,0.0009310008984013553,0.9558394469459541,0.8190955596692382,0.8374022793321693,0.8487740829700604,0.017319164363720968,0.9362642201843403,0.7604145720069435,0.772759729070556,0.8487740829700604,0.017319164363720968,0.9362642201843403,0,152184,0,0.9034926470588235
747,0.0016288769182603003,0.0007876821144896999,0.00014222484570959248,45.4,0.9421576241724916,0.939432814896968,0.940039273086723,0.8085732513460333,0.0009914446383424713,0.9559241897214296,0.8076902726026414,0.8077363266418471,0.8085732513460333,0.0009914446383424713,0.9559241897214296,0.8157879069972238,0.8342091947542998,0.8486756744424861,0.017628243025994327,0.9357359168225503,0.7591036088587808,0.7716144165064523,0.8486756744424861,0.017628243025994327,0.9357359168225503,0,152388,0,0.8965992647058824
748,0.001625867688905119,0.0007898451660092646,0.0001420826208638829,37.6,0.9420361065762153,0.9394613613026296,0.9400252464382582,0.8103155589048073,0.0009146126852922499,0.9564252623987362,0.8095266463381098,0.8095596301480915,0.8103155589048073,0.0009146126852922499,0.9564252623987362,0.8146055368560738,0.8325060315046224,0.8510343303963706,0.017448603932410343,0.9363334547776422,0.7612903078194725,0.7737079242477006,0.8510343303963706,0.017448603932410343,0.9363334547776422,0,152592,0,0.8990502450980392
749,0.0016265186040625706,0.0007915347729905483,0.00014194053824301902,41.8,0.9419568559699482,0.9391522178068117,0.9397262081339919,0.8126256612616979,0.0010345247077891385,0.956855561741164,0.8117092873221458,0.8117549733626698,0.8126256612616979,0.0010345247077891385,0.956855561741164,0.8142783703329787,0.8326558734259186,0.8533848015142553,0.017631716039034195,0.9365412213967551,0.7629317683001331,0.7753488741639419,0.8533848015142553,0.017631716039034195,0.9365412213967551,0,152796,0,0.8996629901960784
750,0.001625709823451425,0.000792995811602686,0.000141798597704776,64.3,0.9417191041511468,0.9392772997172784,0.9398670970492948,0.8028388973674565,0.0010203761159328188,0.9546340894924981,0.8019431155751358,0.8019854578271904,0.8028388973674565,0.0010203761159328188,0.9546340894924981,0.8202097987296262,0.8388473185391983,0.8440887189627763,0.01717479112900574,0.9356056624139298,0.7567838652539511,0.7691048933893129,0.8440887189627763,0.01717479112900574,0.9356056624139298,0,153000,0,0.8969822303921569
751,0.0016250820966282238,0.0007918006683971175,0.00014165679910707122,94.8,0.9418670386161787,0.939248306571217,0.9398549317226434,0.8053272141846963,0.000863777340540967,0.9553931341416981,0.8045239233570265,0.8045698519980178,0.8053272141846963,0.000863777340540967,0.9553931341416981,0.8199882355405019,0.8379002793923939,0.84554166368633,0.017363822317571994,0.935359218688773,0.7559895736653227,0.7680609074524862,0.84554166368633,0.017363822317571994,0.935359218688773,0,153204,0,0.8985140931372549
752,0.001625863222323139,0.0007870864925963899,0.00014151514230796415,91.0,0.9418353383736718,0.9391154811070331,0.939690211647515,0.8047486389883948,0.0008822756072575421,0.9552393739770798,0.8039687704511129,0.8040146990921043,0.8047486389883948,0.0008822756072575421,0.9552393739770798,0.8179146877095014,0.8359792739474604,0.8460673542317174,0.017081285243798604,0.936004708316858,0.7581332177614096,0.7705626930390977,0.8460673542317174,0.017081285243798604,0.936004708316858,0,153408,0,0.90234375
753,0.0016268531120765734,0.0007890424918966178,0.0001413736271656562,71.0,0.9423900926175418,0.9398065977480069,0.9403538155886209,0.8087576717901956,0.000970407423444826,0.9559778641226129,0.807826180460775,0.807872234499981,0.8087576717901956,0.000970407423444826,0.9559778641226129,0.8137370580269109,0.8320179071061609,0.848869776763391,0.017607387544619102,0.9357027166571464,0.7588881543601474,0.7712284662534619,0.848869776763391,0.017607387544619102,0.9357027166571464,0,153612,0,0.9056372549019608
754,0.0016239210854823171,0.000786928446639518,0.00014123225353849053,74.8,0.9419040222324367,0.9392845835355981,0.9398174544857643,0.8069340764356326,0.0008964059055939995,0.9556995835923228,0.8061141351278952,0.8061471189378769,0.8069340764356326,0.0008964059055939995,0.9556995835923228,0.8176560175194647,0.8356434551792388,0.8481851106017827,0.01716814160373112,0.9362843648644282,0.7597807986813643,0.7719578460880234,0.8481851106017827,0.01716814160373112,0.9362843648644282,0,153816,0,0.9028799019607843
755,0.0016285466753841176,0.0007868303982754764,0.00014109102128495203,87.9,0.9421576241724916,0.9394580801821104,0.940014404727223,0.8080143724227163,0.0009163760495091535,0.9559382443663689,0.8071726861396168,0.8072019581624472,0.8080143724227163,0.0009163760495091535,0.9559382443663689,0.8097693266686652,0.8279315978458466,0.8487360220414414,0.017385239270704417,0.9360621649428876,0.7594785662457726,0.7716880207745487,0.8487360220414414,0.017385239270704417,0.9360621649428876,0,154020,0,0.9021139705882353
756,0.0016207015581255523,0.0007872216234422603,0.00014094993026366706,59.9,0.9421417740512381,0.9394501144059618,0.9400155836558683,0.8029043393426448,0.0008763072567115257,0.954718366047506,0.8021191473151242,0.8021484193379547,0.8029043393426448,0.0008763072567115257,0.954718366047506,0.816113999040639,0.8342455139344273,0.8447242197347782,0.016884892693195316,0.9358565635358911,0.7569785394082419,0.7691646552450688,0.8447242197347782,0.016884892693195316,0.9358565635358911,0,154224,0,0.8984375
757,0.0016277339651851969,0.0007919634814347455,0.0001408089803334034,58.3,0.9418828887374322,0.9391255302109708,0.9397047871270552,0.8149760053600504,0.0010817421622489407,0.9573932837160275,0.814007843417784,0.8140537720587753,0.8149760053600504,0.0010817421622489407,0.9573932837160275,0.8111581588970505,0.8301049544172782,0.8544669184707389,0.018121544095300913,0.936205996539188,0.7632106624227474,0.7759693278294083,0.8544669184707389,0.018121544095300913,0.936205996539188,0,154428,0,0.9032628676470589
758,0.0016253002994584247,0.00079671471399656,0.00014066817135307,70.5,0.9416081533023728,0.9389330206919358,0.9394726728739279,0.8016697032010422,0.0009392440239887351,0.9543510152895219,0.8008647709497253,0.8009014665468583,0.8016697032010422,0.0009392440239887351,0.9543510152895219,0.8136510895326154,0.8316083018657174,0.8433056876865301,0.016890478870727574,0.9356007493323019,0.7558161794192132,0.7680075862884077,0.8433056876865301,0.016890478870727574,0.9356007493323019,0,154632,0,0.8980545343137255
759,0.0016258555217919981,0.0007867125565106556,0.0001405275031817169,75.8,0.9423055586375236,0.9396914430966038,0.9402516083206073,0.8056025405533834,0.0008939557481721606,0.9552744414778179,0.8047224636768467,0.8047610941417501,0.8056025405533834,0.0008939557481721606,0.9552744414778179,0.8080460883738152,0.8256583037486155,0.8463174175382997,0.01724672523673735,0.935569515486664,0.7570001171575425,0.7692489579442158,0.8463174175382997,0.01724672523673735,0.935569515486664,0,154836,0,0.8989736519607843
760,0.0016255167794559954,0.0007877118897010353,0.0001403869756785352,55.5,0.9420783735662245,0.9395457623981075,0.9401347046487363,0.8048952132009121,0.0010484677365722671,0.9550745649027452,0.8039664824655951,0.8040124111065865,0.8048952132009121,0.0010484677365722671,0.9550745649027452,0.8190314191169328,0.8377995850658223,0.845472587710419,0.01746165859519005,0.9353653541098109,0.7566666738889303,0.7692060231695099,0.845472587710419,0.01746165859519005,0.9353653541098109,0,155040,0,0.9005821078431373
761,0.0016209353126731573,0.0007858940270822545,0.00014024658870285666,40.1,0.9423108420112747,0.9397140082198805,0.9403192663819352,0.8073577066749668,0.0009140127670194156,0.9557328608942236,0.8064567066480212,0.8064916253257733,0.8073577066749668,0.0009140127670194156,0.9557328608942236,0.8161349582832782,0.8338356332101704,0.8480840661706485,0.01735424636099324,0.9358591088402801,0.7586766783417116,0.7707897793481274,0.8480840661706485,0.01735424636099324,0.9358591088402801,0,155244,0,0.8987438725490197
762,0.0016202372150705652,0.0007846073295442573,0.0001401063421141538,55.6,0.9421681909199938,0.939593209953845,0.9401326669052092,0.8076023972766787,0.0008716852181433265,0.9557819184852262,0.8067296126668256,0.8067755413078169,0.8076023972766787,0.0008716852181433265,0.9557819184852262,0.815357733950728,0.8332494616859978,0.8492594476644627,0.017060910400949696,0.9364735961996427,0.7606255504066388,0.7728823867326466,0.8492594476644627,0.017060910400949696,0.9364735961996427,0,155448,0,0.8979779411764706
763,0.0016242521078846254,0.0007855867119816195,0.00013996623577203964,68.2,0.9422897085162701,0.9396685367636757,0.9402512443510201,0.8057721270691053,0.0009408450756935174,0.9554309214334351,0.8049611038079784,0.8049996088746671,0.8057721270691053,0.0009408450756935174,0.9554309214334351,0.8103019028109633,0.8280819077846281,0.846931511487205,0.01721409373815745,0.9359475893055517,0.7583085839783026,0.7705858109363042,0.846931511487205,0.01721409373815745,0.9359475893055517,0,155652,0,0.9011182598039216
764,0.001622038873428406,0.0007849984983416796,0.00013982626953626759,91.0,0.9422368747787587,0.9395913727201524,0.9401508219805282,0.8088863306888481,0.0008746492515302781,0.956151582383167,0.8080280552363254,0.8080646254352439,0.8088863306888481,0.0008746492515302781,0.956151582383167,0.8147785704848525,0.8334912002108029,0.8493437644761407,0.017463389227625366,0.9362105700971017,0.760717517630581,0.7730009124186491,0.8493437644761407,0.017463389227625366,0.9362105700971017,0,155856,0,0.8977481617647058
765,0.0016287084504523698,0.0007896462852773484,0.00013968644326673132,77.7,0.9419674227174505,0.9393923986122307,0.939970055827094,0.8105589361587573,0.0009630248393400409,0.9564790089901118,0.8097368986545936,0.8097734688535122,0.8105589361587573,0.0009630248393400409,0.9564790089901118,0.8079079922271325,0.8257456526441788,0.851371304626079,0.017491802217179112,0.9363199330884739,0.7611662036703473,0.7734915935294508,0.851371304626079,0.017491802217179112,0.9363199330884739,0,156060,0,0.9029564950980392
766,0.0016260524982285192,0.0007818315095262505,0.0001395467568234646,90.9,0.9425221769613205,0.939890012757679,0.9404798412400217,0.809514970812619,0.001031141659227867,0.9561750598846471,0.8086090056440594,0.8086549342850509,0.809514970812619,0.001031141659227867,0.9561750598846471,0.813955895672331,0.832098259159804,0.8497535774920271,0.017668995583112045,0.935830532748638,0.7596665300986396,0.7720502997503166,0.8497535774920271,0.017668995583112045,0.935830532748638,0,156264,0,0.8985906862745098
767,0.001624692923060673,0.000785334668082809,0.00013940721006664114,94.9,0.9421153571824824,0.9394050730525683,0.9399483853241962,0.8088210916883769,0.0008714396041427866,0.9560520816239697,0.8079456348016159,0.8079879770536705,0.8088210916883769,0.0008714396041427866,0.9560520816239697,0.8108766606111211,0.8288509817774832,0.8491869462084458,0.017433162695231205,0.9360498687129776,0.759994872815636,0.7721670372926059,0.8491869462084458,0.017433162695231205,0.9360498687129776,0,156468,0,0.9007352941176471
768,0.001623946635221478,0.0007912814690379995,0.0001392678028565745,91.5,0.9419040222324367,0.9391987111108757,0.9398237652644351,0.8116649660234397,0.0009787040063454588,0.9567115780192499,0.8107761784846226,0.810812748683541,0.8116649660234397,0.0009787040063454588,0.9567115780192499,0.8141371907822066,0.8319174240631497,0.8523096704030756,0.017581631536754065,0.9362966713894878,0.7615175100635373,0.773918754361652,0.8523096704030756,0.017581631536754065,0.9362966713894878,0,156672,0,0.9028799019607843
769,0.0016218954708664586,0.0007900549912489822,0.00013912853505371794,87.6,0.9423900926175418,0.9397049937373403,0.940294611296115,0.810314457340325,0.0009552604667482144,0.9563572117809395,0.8094299573697259,0.8094722996217805,0.810314457340325,0.0009552604667482144,0.9563572117809395,0.8101596374240392,0.8279650701979695,0.8507423835451152,0.01756231012939754,0.9361377459497409,0.7608865979454649,0.7731867202621058,0.8507423835451152,0.01756231012939754,0.9361377459497409,0,156876,0,0.8969056372549019
770,0.001628457643913434,0.0007939280588109384,0.00013898940651866422,80.0,0.9420361065762153,0.9393715671727736,0.9399719287956557,0.8101645189149373,0.0009736073096254023,0.95626279522678,0.809296049097038,0.8093289075088052,0.8101645189149373,0.0009736073096254023,0.95626279522678,0.8155670186116287,0.8331894049507184,0.8514588444904839,0.017305289093511124,0.9365886452698126,0.7620413775629475,0.7743202309424008,0.8514588444904839,0.017305289093511124,0.9365886452698126,0,157080,0,0.90234375
771,0.0016292313812300563,0.0007877031134594985,0.00013885041711214556,96.6,0.941877605363681,0.9391959412371157,0.9397521179295344,0.812893943812527,0.0009984596460608137,0.9568949281507252,0.8120072318276069,0.8120494486814471,0.812893943812527,0.0009984596460608137,0.9568949281507252,0.8105402240392522,0.828591010813344,0.8537111127842597,0.017591929828611366,0.9366784671315328,0.7636159680719327,0.7761600163371837,0.8537111127842597,0.017591929828611366,0.9366784671315328,0,157284,0,0.9037224264705882
772,0.001623463879713752,0.0007864890243863536,0.00013871156669503342,97.2,0.9420730901924733,0.9393770804321608,0.9399362252686193,0.8051372335219679,0.0008622941335336684,0.9552782349028816,0.8043269008912475,0.8043634710901661,0.8051372335219679,0.0008622941335336684,0.9552782349028816,0.8100161367490087,0.8279794965382871,0.8465053411578455,0.017053493999553537,0.9358938003537146,0.7576465112639275,0.7699898422832495,0.8465053411578455,0.017053493999553537,0.9358938003537146,0,157488,0,0.8990502450980392
773,0.0016268424634986063,0.0007853819453861908,0.0001385728551283384,95.0,0.9418987388586856,0.9393502127597632,0.9399152905399922,0.8095283558982017,0.000924218400100381,0.9561505323631396,0.8086426063453906,0.8086755901553725,0.8095283558982017,0.000924218400100381,0.9561505323631396,0.8128647388782778,0.8308565601180734,0.8502101339883962,0.017429784538262074,0.9359874306068874,0.759851856428698,0.7719188522519058,0.8502101339883962,0.017429784538262074,0.9359874306068874,0,157692,0,0.8995863970588235
774,0.0016189550526677539,0.0007819514516947421,0.00013843428227321006,83.9,0.9422897085162701,0.9397593597651119,0.9403232699725143,0.8123665390350424,0.001057613049403864,0.9567216111834914,0.8113528367856464,0.8113895323827796,0.8123665390350424,0.001057613049403864,0.9567216111834914,0.8138752035391015,0.831944130202436,0.852233748315701,0.01788799712852263,0.9359852108019218,0.761471850942183,0.7738353178304217,0.852233748315701,0.01788799712852263,0.9359852108019218,0,157896,0,0.9015012254901961
775,0.0016236797508135364,0.0007922723569116068,0.00013829584799093686,97.6,0.9422580082737633,0.9396794339811722,0.9402237173633502,0.8023238898669321,0.000949157505434541,0.9544843399056321,0.8014950356496577,0.8015372525034978,0.8023238898669321,0.000949157505434541,0.9544843399056321,0.8123110669863202,0.8300086986082319,0.8436582633754759,0.017018543070221694,0.9354899419714482,0.7557441934583417,0.7679229634027276,0.8436582633754759,0.017018543070221694,0.9354899419714482,0,158100,0,0.8977481617647058
776,0.0016241871001993252,0.0007813192666159753,0.00013815755214294592,103.3,0.942099507061229,0.9394318991119086,0.9400043912540693,0.8060778265487423,0.0008869219850564554,0.95548634094342,0.8052418255415619,0.8052748093515437,0.8060778265487423,0.0008869219850564554,0.95548634094342,0.8183081928131349,0.8362780070551418,0.8468373155761334,0.017275929684776807,0.9359182974797061,0.7586321419605171,0.7707833900172236,0.8468373155761334,0.017275929684776807,0.9359182974797061,0,158304,0,0.8964460784313726
777,0.0016243652641481044,0.0007834075320584476,0.00013801939459080298,97.3,0.941988556212455,0.9392626863835758,0.9399044603076825,0.8059117361817792,0.0009208134775652683,0.9552022963335743,0.8050895362091604,0.8051281666740637,0.8059117361817792,0.0009208134775652683,0.9552022963335743,0.8114820502851435,0.8290261309049191,0.847689093993375,0.01693184588572702,0.9363270703044312,0.7598096607439618,0.77182410362818,0.847689093993375,0.01693184588572702,0.9363270703044312,0,158508,0,0.8967524509803921
778,0.0016248936824244903,0.0007817192909953129,0.00013788137519621217,96.5,0.9423425422537816,0.9396861396939428,0.9402550486741414,0.8092234798387553,0.0009613614033805374,0.9561870404348874,0.8084128160988989,0.8084419627235148,0.8092234798387553,0.0009613614033805374,0.9561870404348874,0.8131646976805189,0.8312300491011404,0.8504741363626344,0.01732695484363969,0.9363430585883873,0.7607808954693785,0.7730670925227612,0.8504741363626344,0.01732695484363969,0.9363430585883873,0,158712,0,0.8992800245098039
779,0.0016199209095051914,0.0007891495113155751,0.00013774349382101597,106.4,0.9416504202923819,0.9389075249010593,0.9394818972344435,0.8067137811708421,0.0009917468685069512,0.9555253000208045,0.8058583606363945,0.8058912190481616,0.8067137811708421,0.0009917468685069512,0.9555253000208045,0.8190128735780166,0.8370069260869253,0.8477255332444267,0.01729623067088873,0.9359885017557685,0.7590461562565258,0.7713850938005399,0.8477255332444267,0.01729623067088873,0.9359885017557685,0,158916,0,0.9000459558823529
780,0.0016211706433929137,0.0007878358813493084,0.00013760575032719494,97.9,0.9424165094862975,0.9398121523887042,0.9403192242741292,0.8080366098190982,0.001018588854192609,0.9557425919351135,0.8071251415033396,0.8071710701443309,0.8080366098190982,0.001018588854192609,0.9557425919351135,0.8159463506271608,0.8341644148969196,0.8494883601245952,0.017246120272866497,0.9363775693669902,0.760889429898733,0.7733294989359567,0.8494883601245952,0.017246120272866497,0.9363775693669902,0,159120,0,0.8999693627450981
781,0.0016199203342765424,0.0007860930981476605,0.00013746814457686775,103.8,0.9419040222324367,0.9392683099782502,0.9398696616307386,0.808589143456144,0.0010012722794794876,0.9559634937454574,0.8077727158225793,0.807815058074634,0.808589143456144,0.0010012722794794876,0.9559634937454574,0.8133155945833868,0.8316874248517017,0.8497685105836045,0.017327976993862307,0.9362939804019187,0.7605526978126981,0.7728801207634669,0.8497685105836045,0.017327976993862307,0.9362939804019187,0,159324,0,0.8965226715686274
782,0.0016214002520713372,0.0007846659777790799,0.0001373306764322909,106.4,0.942321408758777,0.9395782418794959,0.9401429474357907,0.8097685761179082,0.000991621282992462,0.9561262594475401,0.8088863930427855,0.8089248981094742,0.8097685761179082,0.000991621282992462,0.9561262594475401,0.8150536015770313,0.8330948991259899,0.8509555775592498,0.017357395421426114,0.9363949349158471,0.7615814592223262,0.7739027661440735,0.8509555775592498,0.017357395421426114,0.9363949349158471,0,159528,0,0.8993566176470589
783,0.001621740780583601,0.000785812776154619,0.0001371933457558586,98.5,0.9423478256275327,0.9398613290293685,0.9404350183888185,0.8110625853838058,0.0010095475114150106,0.9564796478412912,0.8101735430681322,0.8102194717091235,0.8110625853838058,0.0010095475114150106,0.9564796478412912,0.8125107488267505,0.8304609095226166,0.8514820041705592,0.01763095694122905,0.936133154710385,0.7611273446299195,0.773417897360341,0.8514820041705592,0.01763095694122905,0.936133154710385,0,159732,0,0.8979779411764706
784,0.0016171384594795824,0.0007836757539177062,0.00013705615241010272,109.4,0.9425380270825738,0.9398919486103652,0.9405295553351278,0.8053373334929973,0.0008870074603493404,0.9553400840045596,0.8045194251851252,0.8045617674371799,0.8053373334929973,0.0008870074603493404,0.9553400840045596,0.8062324728017712,0.8245540954760298,0.8463162436789887,0.017202906363166955,0.9358075322089556,0.7577369150090578,0.7697164951848188,0.8463162436789887,0.017202906363166955,0.9358075322089556,0,159936,0,0.8969822303921569
785,0.001620717616021341,0.0007914165904452073,0.00013691909625769262,108.6,0.9419462892224458,0.9392676708744856,0.9398649616609388,0.8073463711800959,0.0009787080949813572,0.9557838502940926,0.8065429059050693,0.8065794761039878,0.8073463711800959,0.0009787080949813572,0.9557838502940926,0.8178608911690198,0.8365939975663897,0.8472607823692504,0.017662693108783052,0.9355519705711683,0.7580177970575698,0.7703755304662188,0.8472607823692504,0.017662693108783052,0.9355519705711683,0,160140,0,0.9025735294117647
786,0.0016156663209674698,0.0007874761966400436,0.00013678217716143492,101.3,0.9420572400712198,0.9393875977214564,0.9399560513588482,0.7997569241646828,0.0007963365698955435,0.9540888411526744,0.7989974034514048,0.7990360339163082,0.7997569241646828,0.0007963365698955435,0.9540888411526744,0.8182983449154843,0.8361654170316221,0.8403472714664718,0.017015495137063685,0.9350817964073211,0.7535527848221264,0.765453269125998,0.8403472714664718,0.017015495137063685,0.9350817964073211,0,160344,0,0.8977481617647058
787,0.0016250637458071259,0.0007816423864868586,0.00013664539498427347,100.7,0.9427335119113661,0.9402197008604023,0.9407846136938012,0.8055147383319015,0.0008594829895378898,0.9552842523893528,0.8046830578344603,0.8047291118736662,0.8055147383319015,0.0008594829895378898,0.9552842523893528,0.8166802115712786,0.8361812685621799,0.84601943281182,0.017261595978022667,0.9356329378730102,0.7574456884929005,0.7696030688337151,0.84601943281182,0.017261595978022667,0.9356329378730102,0,160548,1,0.8961397058823529
788,0.0016254688471592233,0.0007859040436351221,0.0001365087495892892,119.0,0.9421047904349802,0.9395083008566179,0.9400972334073544,0.8052534781813835,0.0009097837558414678,0.9552300154324669,0.8044000973517289,0.8044387278166323,0.8052534781813835,0.0009097837558414678,0.9552300154324669,0.8200202240870461,0.8388440606807377,0.8461949120966434,0.017200183263179975,0.9357293437657866,0.7574689405197169,0.7696224811793905,0.8461949120966434,0.017200183263179975,0.9357293437657866,0,160752,0,0.9024969362745098
789,0.0016188354387778935,0.0007885196573084177,0.0001363722408396999,98.6,0.9418089215049161,0.9392248155161481,0.9397734580173693,0.8134794222696045,0.0011363741309794021,0.9569696216638975,0.8125490635951333,0.812598704023276,0.8134794222696045,0.0011363741309794021,0.9569696216638975,0.8159396727570958,0.8341906180885239,0.8534958649790296,0.017988664685096998,0.9362640101458355,0.7630683147216051,0.7756904624813564,0.8534958649790296,0.017988664685096998,0.9362640101458355,0,160956,0,0.8975949754901961
790,0.0016230978619526414,0.0007844096962914944,0.00013623586859886022,102.9,0.9421312073037359,0.9394638961580358,0.9400765022876141,0.8075857967242296,0.0009481848162908945,0.9557942988353488,0.8066907512937908,0.8067366799347822,0.8075857967242296,0.0009481848162908945,0.9557942988353488,0.8170071315847787,0.8348600478363781,0.847150058704549,0.01770741338893521,0.9355270677167445,0.7582666855013549,0.7703721853947214,0.847150058704549,0.01770741338893521,0.9355270677167445,0,161160,0,0.9000459558823529
791,0.0016261256161812401,0.0007904982542191018,0.00013609963273026137,102.7,0.942173474293745,0.9394829680009749,0.9400699213291422,0.8042196761866403,0.000939392053294576,0.955038451333397,0.8033829173645695,0.803432557792712,0.8042196761866403,0.000939392053294576,0.955038451333397,0.8125299695368986,0.8301277388388478,0.8440200230799356,0.017546291441122654,0.934991366615456,0.7551219541722325,0.7673131800565316,0.8440200230799356,0.017546291441122654,0.934991366615456,0,161364,0,0.8962162990196079
792,0.001621603670155666,0.000781191690145095,0.0001359635330975311,100.6,0.942728228537615,0.9400097814617043,0.9406483204912778,0.8157730225644328,0.0010850243794860884,0.9575232951675644,0.8148599081205048,0.8148985385854082,0.8157730225644328,0.0010850243794860884,0.9575232951675644,0.812659049689476,0.8311265556083852,0.8558973956860056,0.017953388483781793,0.9365206995462042,0.7642434844625549,0.7764751352072803,0.8558973956860056,0.017953388483781793,0.9365206995462042,0,161568,0,0.8960631127450981
793,0.0016190240709750238,0.0007802472632927543,0.00013582756956443358,98.0,0.942395375991293,0.9399276276274909,0.9404706443442948,0.8055380950180653,0.0009313685613425745,0.9552298754674643,0.8046652062634547,0.8047075485155094,0.8055380950180653,0.0009313685613425745,0.9552298754674643,0.81046442392369,0.8291152044037192,0.8459693460964238,0.017373166243100882,0.9354064043044008,0.7568148778173334,0.7691361162807406,0.8459693460964238,0.017373166243100882,0.9354064043044008,0,161772,0,0.8995863970588235
794,0.0016218877600633777,0.0007888634434478276,0.00013569174199486915,109.2,0.942654261305099,0.940014210380662,0.9405642371792631,0.8068810670752365,0.0008869982487084163,0.9556318329534033,0.8060006304552616,0.8060336142652432,0.8068810670752365,0.0008869982487084163,0.9556318329534033,0.8085432313090062,0.8265436759596585,0.8473499833128336,0.01736508398146795,0.9356234697131616,0.7575405232948091,0.769721519072269,0.8473499833128336,0.01736508398146795,0.9356234697131616,0,161976,0,0.8990502450980392
795,0.001625405463011132,0.0007814354053123819,0.0001355560502528743,95.3,0.942469343223809,0.9398472354332755,0.9404104502656121,0.8006767407331599,0.0008724584390030765,0.954376352810124,0.7999292963266875,0.7999622801366694,0.8006767407331599,0.0008724584390030765,0.954376352810124,0.8186897130151142,0.8368118025384215,0.8410192496273395,0.01725587880244144,0.9349037025034213,0.7533568225646139,0.7654778895262238,0.8410192496273395,0.01725587880244144,0.9349037025034213,0,162180,0,0.9006587009803921
796,0.0016213073338126288,0.0007878223704675908,0.00013542049420262143,103.4,0.9424851933450624,0.9398100317062326,0.9403811126089108,0.8113491777221277,0.0010181139927707516,0.9565020099520796,0.8104076451375515,0.8104535737785428,0.8113491777221277,0.0010181139927707516,0.9565020099520796,0.815984034153239,0.8344282386642615,0.8516608167911792,0.01768130517118809,0.9360463470191447,0.760977445713339,0.7733468947051974,0.8516608167911792,0.01768130517118809,0.9360463470191447,0,162384,0,0.8996629901960784
797,0.0016258828434408369,0.0007837237501660295,0.0001352850737084188,93.9,0.942210457910003,0.939606408987831,0.9401489262326064,0.8076150000498498,0.0009728604790655755,0.955718961986751,0.8068014871184152,0.8068307591412456,0.8076150000498498,0.0009728604790655755,0.955718961986751,0.818043101995416,0.8361072769657673,0.8486786751657154,0.017332104269966946,0.9360086827181529,0.7595083700093169,0.7717743441104329,0.8486786751657154,0.017332104269966946,0.9360086827181529,0,162588,0,0.8989736519607843
798,0.0016220148690455757,0.0007869864080610167,0.0001351497886347104,102.3,0.9423478256275327,0.9398774699885182,0.9404604802532388,0.8139068997188441,0.0009949126317939712,0.9571175735618104,0.8130068524693681,0.8130527811103595,0.8139068997188441,0.0009949126317939712,0.9571175735618104,0.8177852250484059,0.8356294125274852,0.854453212146388,0.017676837078313995,0.936603574725905,0.7636079437382238,0.7760181380143746,0.854453212146388,0.017676837078313995,0.936603574725905,0,162792,0,0.9050245098039216
799,0.0016231661155710325,0.0007840557042852878,0.00013501463884607568,104.2,0.9424376429813022,0.939888287215447,0.9404738951106214,0.8084408145789169,0.0010054607222087823,0.955860014039539,0.8075557756280806,0.8076054160562233,0.8084408145789169,0.0010054607222087823,0.955860014039539,0.814908469525865,0.8332510447200062,0.8489891891317426,0.01747136051810613,0.9359908546022911,0.759710596512574,0.77212035416801,0.8489891891317426,0.01747136051810613,0.9359908546022911,0,162996,0,0.9021139705882353
800,0.0016200930249932058,0.0007934817082704403,0.0001348796242072296,100.6,0.9422527249000121,0.9396133999012176,0.9402061951999393,0.8023945286020898,0.0008297688047896629,0.9545931573823658,0.8016427840755753,0.8016814145404787,0.8023945286020898,0.0008297688047896629,0.9545931573823658,0.8095582107366545,0.8279162791479544,0.8441715115911789,0.016771170164327758,0.9355595180858728,0.7551031378233789,0.7670170170890709,0.8441715115911789,0.016771170164327758,0.9355595180858728,0,163200,0,0.8951439950980392
801,0.001616302304147907,0.0007833077075574576,0.00013474474458302236,100.0,0.9424640598500579,0.9398450840218221,0.9404449307911299,0.8025833588757394,0.0008708373762737147,0.9546745239414598,0.8018970983085774,0.8019226585442566,0.8025833588757394,0.0008708373762737147,0.9546745239414598,0.8146086299051398,0.8325711656901986,0.8447821812994837,0.016721141865291667,0.9360498310552329,0.7571511697661906,0.7693434297726607,0.8447821812994837,0.016721141865291667,0.9360498310552329,0,163404,0,0.8991268382352942
802,0.001620111662857965,0.0007788307751837135,0.00013460999983843933,99.1,0.9426067109413387,0.9399053935175117,0.9404555316721973,0.8042090048597632,0.0008764560183203398,0.9550351409561368,0.8034160746522118,0.8034547051171151,0.8042090048597632,0.0008764560183203398,0.9550351409561368,0.8114061786368642,0.8296146987844656,0.845709869091552,0.016982816229527686,0.935884758433847,0.7574007159846848,0.769505108269819,0.845709869091552,0.016982816229527686,0.935884758433847,0,163608,0,0.8997395833333334
803,0.0016194051085953035,0.0007798564891735509,0.00013447538983860088,100.2,0.9426489779313478,0.9400997539602752,0.9406433573412881,0.8077702879100482,0.0008788644731940947,0.9558325421662173,0.8069609051857148,0.8070068338267061,0.8077702879100482,0.0008788644731940947,0.9558325421662173,0.8087367957326334,0.8265027393245055,0.8486707491726979,0.017283064350551856,0.9360340460228874,0.7592700622022003,0.7714421615577135,0.8486707491726979,0.017283064350551856,0.9360340460228874,0,163812,0,0.8993566176470589
804,0.0016209103512879023,0.0007853066970772434,0.00013434091444876228,98.2,0.9423478256275327,0.939702845306864,0.9402478136631509,0.8079033423357991,0.0009224577511956725,0.955816331297941,0.8069710290375439,0.8070096595024472,0.8079033423357991,0.0009224577511956725,0.955816331297941,0.8136065059132046,0.8322965692505194,0.8488605341999119,0.01730028057092153,0.9359482764939707,0.7590394923949199,0.7713907283782118,0.8488605341999119,0.01730028057092153,0.9359482764939707,0,164016,0,0.8993566176470589
805,0.0016150809795933538,0.0007895679275547016,0.00013420657353431352,121.4,0.941840621747423,0.9391640907039801,0.939693998806446,0.80359207004674,0.0009418381498149445,0.9547991267089867,0.8027819086711501,0.8028242509232048,0.80359207004674,0.0009418381498149445,0.9547991267089867,0.8092246798888567,0.8270074577562287,0.8443880089034683,0.01719291597445831,0.9354506058648643,0.7562300608053645,0.7683900220990423,0.8443880089034683,0.01719291597445831,0.9354506058648643,0,164220,0,0.9006587009803921
806,0.0016170045601742744,0.0007816041841563687,0.0001340723669607792,105.0,0.9422738583950168,0.9396011023995756,0.940189451590729,0.8090565428289301,0.0009295905493966808,0.9561038445417388,0.8081625770339086,0.8081955608438903,0.8090565428289301,0.0009295905493966808,0.9561038445417388,0.8179518563414651,0.8357500946402068,0.8502212636013197,0.01728847063877868,0.9363423344539474,0.7606841952227854,0.7728565136314204,0.8502212636013197,0.01728847063877868,0.9363423344539474,0,164424,0,0.8981311274509803
807,0.0016209233749667,0.0007820698317104996,0.00013393829459381842,115.3,0.9428233292651356,0.9402579199276834,0.94079973721546,0.806294156221549,0.0009308926003859259,0.9555158461216067,0.8054729585280714,0.8055115889929749,0.806294156221549,0.0009308926003859259,0.9555158461216067,0.8126468782783209,0.8305386587531651,0.8468590732404242,0.017398201745359842,0.9356733183555119,0.7578444224467158,0.7702633328956924,0.8468590732404242,0.017398201745359842,0.9356733183555119,0,164628,1,0.9001225490196079
808,0.0016160271822146194,0.0007835244756518722,0.0001338043562992246,100.4,0.9421100738087314,0.9395063279881366,0.9400990815188237,0.8078866600697054,0.0009626899598028962,0.9558013352651091,0.8070146645823769,0.8070607186215829,0.8078866600697054,0.0009626899598028962,0.9558013352651091,0.8147880165668917,0.8345787790747422,0.8483759629236346,0.017479587959971673,0.9356815678640528,0.7583439495198876,0.7707058852056166,0.8483759629236346,0.017479587959971673,0.9356815678640528,0,164832,0,0.893765318627451
809,0.0016182735351179087,0.0007852554761430431,0.00013367055194292538,104.5,0.9423848092437908,0.939759783034668,0.9403410022883988,0.8006091678808085,0.0008622292421449396,0.9541808793014374,0.7997948797996769,0.7998277382114442,0.8006091678808085,0.0008622292421449396,0.9541808793014374,0.8131860446807582,0.8319946180740596,0.8413604683869985,0.017099143994519332,0.9349260222168602,0.7533833105198877,0.7655915508558355,0.8413604683869985,0.017099143994519332,0.9349260222168602,0,165036,0,0.8990502450980392
810,0.0016176816522299002,0.0007842145653193394,0.00013353688139098246,122.3,0.9423636757487861,0.9396878466130846,0.9402519851942985,0.810525802058236,0.0010479922064337895,0.9562834022956979,0.8096137525727388,0.8096523830376423,0.810525802058236,0.0010479922064337895,0.9562834022956979,0.8158760739466164,0.8340259887771215,0.8510279808651668,0.017582176938535542,0.9360614453240463,0.7605491320181003,0.7728718178890375,0.8510279808651668,0.017582176938535542,0.9360614453240463,0,165240,0,0.9005821078431373
811,0.001617603987231668,0.000785402611299416,0.00013340334450959146,115.0,0.9420889403137267,0.9393363190201298,0.9399198157617882,0.8066279127652741,0.0008646196568945354,0.9555702826177184,0.8058017352765162,0.8058403657414196,0.8066279127652741,0.0008646196568945354,0.9555702826177184,0.8092895439899839,0.8283334463097509,0.8475308824606433,0.01719479454977498,0.936050239673341,0.7591214508977066,0.7712245275512201,0.8475308824606433,0.01719479454977498,0.936050239673341,0,165444,0,0.8998161764705882
812,0.0016189343849534862,0.0007829968047918032,0.00013326994116508186,86.6,0.942247441526261,0.9395516801674044,0.9401493477968244,0.806919027375429,0.0009465787122378253,0.9555682604190605,0.8060578688597019,0.8060945644568349,0.806919027375429,0.0009465787122378253,0.9555682604190605,0.817315411825746,0.8364763636561484,0.8476787895014011,0.017337903861821706,0.9358026902688678,0.7584304168653166,0.7704967107766778,0.8476787895014011,0.017337903861821706,0.9358026902688678,0,165648,0,0.9032628676470589
813,0.0016197296636699535,0.0007851175228589819,0.0001331366712239168,57.6,0.9426648280526013,0.9399935707939859,0.9405382523855534,0.8085076220886989,0.0008738455948935157,0.9560967011523084,0.8076289351175853,0.8076712773696398,0.8085076220886989,0.0008738455948935157,0.9560967011523084,0.8100040346391497,0.8282177935554292,0.8490552212572652,0.017421999335601335,0.9358737491417611,0.758778514475086,0.771101667149737,0.8490552212572652,0.017421999335601335,0.9358737491417611,0,165852,0,0.9003523284313726
814,0.001619217479624329,0.0007823889206699689,0.00013300353455269288,68.9,0.9423742424962884,0.9396948871860852,0.9403022846924958,0.8041383113492703,0.0008912376278521925,0.9549995149937416,0.8033690871262199,0.8034020709362016,0.8041383113492703,0.0008912376278521925,0.9549995149937416,0.8160061975614873,0.8343156349299403,0.8451655011926122,0.017132026913348912,0.9355995584784658,0.7566208502120167,0.7689324345244952,0.8451655011926122,0.017132026913348912,0.9355995584784658,0,166056,0,0.9028799019607843
815,0.0016232575443984173,0.0007881812055736351,0.00013287053101814018,100.1,0.9429606969826653,0.9402494369148392,0.9408785421310586,0.8079178715391239,0.0008204245430266231,0.9559383682191156,0.8071364717188195,0.8071788139708742,0.8079178715391239,0.0008204245430266231,0.9559383682191156,0.8087586175258952,0.8266291812247631,0.8489124184801191,0.01718784105573268,0.9362507806432463,0.7597791666572545,0.7718010385360057,0.8489124184801191,0.01718784105573268,0.9362507806432463,0,166260,1,0.9029564950980392
816,0.0016204508029463171,0.0007905757448515131,0.00013273766048712204,98.8,0.9423900926175418,0.9398191844335847,0.9403884482461577,0.808954510365565,0.0009969477653327308,0.9559289787338618,0.8080435621045181,0.808089616143724,0.808954510365565,0.0009969477653327308,0.9559289787338618,0.8156713911492008,0.8337365619822037,0.850335946645645,0.01723745401306478,0.9365175145036523,0.7616587276266112,0.773891838067019,0.850335946645645,0.01723745401306478,0.9365175145036523,0,166464,0,0.9037224264705882
817,0.001617547505827365,0.0007820434299019074,0.0001326049228266349,92.1,0.942765212153873,0.9402908761082304,0.9408486660471154,0.808764598272986,0.0008810834586658846,0.9560049708848514,0.8078967520088984,0.8079390942609531,0.808764598272986,0.0008810834586658846,0.9560049708848514,0.8135097147366517,0.8315422732115714,0.8495619935095609,0.01729309028164185,0.93610580150402,0.7598826224287366,0.7719810395910971,0.8495619935095609,0.01729309028164185,0.93610580150402,0,166668,0,0.8978247549019608
818,0.0016205626010310416,0.0007801408453993034,0.00013247231790380827,97.3,0.9429606969826653,0.9403377830808395,0.9409101838690543,0.8090808944917773,0.0010213625140503171,0.955953585146536,0.8081561972638626,0.8081964792499323,0.8090808944917773,0.0010213625140503171,0.955953585146536,0.8107646863762823,0.8285923357596049,0.8502695612765424,0.0173409456178221,0.9360872972990585,0.7598509984241684,0.7718776616425674,0.8502695612765424,0.0173409456178221,0.9360872972990585,0,166872,1,0.9000459558823529
819,0.0016150176644955268,0.0007829802227608173,0.00013233984558590447,77.5,0.9425010434663158,0.9398796248610585,0.9404643528166351,0.8081747711886567,0.000944011131850783,0.9558753763635857,0.8072934351927281,0.8073300053916466,0.8081747711886567,0.000944011131850783,0.9558753763635857,0.8118668277061901,0.8304652406802184,0.8489312873431787,0.017401662596065553,0.935884095774919,0.7590399795578864,0.7714182635645598,0.8489312873431787,0.017401662596065553,0.935884095774919,0,167076,0,0.8985140931372549
820,0.00161920692805913,0.0007769011562195065,0.00013220750574031856,82.9,0.9429554136089141,0.9402152539433976,0.9407705482362545,0.8084379280781387,0.0009040342013488816,0.9559750283326883,0.8075979380438914,0.8076365685087947,0.8084379280781387,0.0009040342013488816,0.9559750283326883,0.8114302884827621,0.8290346820414701,0.8488217362135664,0.017484747270978797,0.9358562344263547,0.7593104631480662,0.771450820563343,0.8488217362135664,0.017484747270978797,0.9358562344263547,0,167280,0,0.8985140931372549
821,0.0016158139686940202,0.0007816046658371211,0.00013207529823457825,108.2,0.942395375991293,0.9397883948353083,0.9404027733400024,0.8094275677178652,0.0008978796962120517,0.9562108294949604,0.8085663899831615,0.8085992483949287,0.8094275677178652,0.0008978796962120517,0.9562108294949604,0.8141586545227609,0.8319393620583325,0.8503489840079049,0.017354178483277576,0.9362508961398582,0.7606663961071191,0.7728786125070561,0.8503489840079049,0.017354178483277576,0.9362508961398582,0,167484,0,0.9028799019607843
822,0.0016149081319442712,0.0007847081253778648,0.00013194322293634368,101.3,0.9429606969826653,0.9403806619836952,0.9409407574027174,0.8078253847355927,0.0008843334669790886,0.9559155782001894,0.8070643688878486,0.8071067111399033,0.8078253847355927,0.0008843334669790886,0.9559155782001894,0.814781170156929,0.8331856922327929,0.847893641574544,0.01752534609977719,0.9356329259059648,0.7580529051993263,0.7703531581228243,0.847893641574544,0.01752534609977719,0.9356329259059648,0,167688,0,0.8965992647058824
823,0.0016151222465422882,0.0007899565152718138,0.00013181127971340735,97.2,0.9419621393436993,0.9392510937086767,0.9398959364369174,0.8094672668235339,0.0009242243771382038,0.9561438843266963,0.8086352122148317,0.8086681960248134,0.8094672668235339,0.0009242243771382038,0.9561438843266963,0.817379143461106,0.8355751607677405,0.8506361167519285,0.017310296051048064,0.9364115684425734,0.7613962594172202,0.773496310319413,0.8506361167519285,0.017310296051048064,0.9364115684425734,0,167892,0,0.8970588235294118
824,0.0016181183563472301,0.000780325625217228,0.00013167946843369393,84.0,0.942432359607551,0.9398475654186511,0.9404168211655776,0.807475583913501,0.0008744877473258791,0.9558128392961228,0.8066435704592925,0.8066765542692742,0.807475583913501,0.0008744877473258791,0.9558128392961228,0.8168804385331307,0.8345939693212373,0.848128180913954,0.01733709482720257,0.9359485176780197,0.7589180358801895,0.7712421913706309,0.848128180913954,0.01733709482720257,0.9359485176780197,0,168096,0,0.9014246323529411
825,0.0016175078618449763,0.0007847428890537112,0.00013154778896526024,104.1,0.9426701114263524,0.9400264072459693,0.9405715336659446,0.8116896744254315,0.0009995203407456605,0.956645056201501,0.8107676957900583,0.810817336218201,0.8116896744254315,0.0009995203407456605,0.956645056201501,0.8126272721069974,0.8305188321426326,0.8522923558941603,0.017598699867750596,0.936356412103377,0.76207334507554,0.7744561612484806,0.8522923558941603,0.017598699867750596,0.936356412103377,0,168300,0,0.8987438725490197
826,0.0016179938336112992,0.0007845792399915608,0.00013141624117629498,108.5,0.9419674227174505,0.9393065348300804,0.9399016783909833,0.8051796595126387,0.0008234259986039653,0.9553204038580687,0.8043911384360848,0.8044300115014555,0.8051796595126387,0.0008234259986039653,0.9553204038580687,0.8153211660689079,0.8330107349971977,0.8469396999025957,0.016905483652160828,0.93626252613662,0.7588580417790622,0.7708518742762008,0.8469396999025957,0.016905483652160828,0.93626252613662,0,168504,0,0.8975183823529411
827,0.0016162847705167153,0.0007793288284472996,0.00013128482493511868,102.6,0.942062523444971,0.939233313645372,0.9398291701181677,0.807847636084048,0.0009588838475470958,0.9557979233542813,0.80703780935577,0.8070764398206733,0.807847636084048,0.0009588838475470958,0.9557979233542813,0.8189563549378702,0.8370710150880405,0.8493564235291744,0.01720204949704455,0.9362578030238541,0.7599577531007436,0.7722408910436972,0.8493564235291744,0.01720204949704455,0.9362578030238541,0,168708,0,0.8996629901960784
828,0.0016160447426669883,0.0007786614278109197,0.00013115354011018356,108.4,0.9430399475889324,0.9403898592714133,0.9409547164241339,0.8112204881026501,0.0009063397760524443,0.9565955065242797,0.8103090023342963,0.810351344586351,0.8112204881026501,0.0009063397760524443,0.9565955065242797,0.8137542393828975,0.8318169039139977,0.851146060044162,0.017689706136340733,0.9360537768979793,0.760921778371717,0.7731552297571017,0.851146060044162,0.017689706136340733,0.9360537768979793,0,168912,1,0.9024203431372549
829,0.0016138802845186244,0.0007810837675496241,0.00013102238657007338,98.5,0.9422632916475144,0.9396057578670608,0.9401995895534768,0.8090005613802214,0.0010174780600634074,0.9560400250202118,0.808072417794403,0.808118471833609,0.8090005613802214,0.0010174780600634074,0.9560400250202118,0.8152643976417028,0.8340384270904737,0.8493710689409634,0.017629959599966195,0.9358042497693361,0.7593479637820167,0.771864845796203,0.8493710689409634,0.017629959599966195,0.9358042497693361,0,169116,0,0.8950674019607843
830,0.0016195930925188768,0.0007782704614735834,0.0001308913641835033,92.4,0.9421100738087314,0.9394798729647155,0.9401145689004979,0.8084014320367404,0.0009273005155774277,0.9559563873870978,0.8076154975038049,0.8076578397558597,0.8084014320367404,0.0009273005155774277,0.9559563873870978,0.8187721718299705,0.8367754695394141,0.8497241229730188,0.017232488550072766,0.9362236094988725,0.7599160795861734,0.7720646694647856,0.8497241229730188,0.017232488550072766,0.9362236094988725,0,169320,0,0.8991268382352942
831,0.0016195382460650494,0.0007844441537283096,0.00013076047281931978,113.2,0.9422157412837542,0.9395922520748431,0.9401645538429094,0.8058516403541259,0.0008966944569882722,0.9554442586414387,0.8050968431845557,0.8051391854366102,0.8058516403541259,0.0008966944569882722,0.9554442586414387,0.8169347783896541,0.8368167423259805,0.847153483909961,0.017146509947015685,0.9360766982422157,0.758884285891765,0.7711736269991871,0.847153483909961,0.017146509947015685,0.9360766982422157,0,169524,0,0.9021905637254902
832,0.001620236986234565,0.0007889284400406319,0.00013062971234650047,92.1,0.9425380270825738,0.93989435491608,0.9404901770807467,0.8025496205820826,0.0009354330270617729,0.9546312151549348,0.8017711904358585,0.8018209562622156,0.8025496205820826,0.0009354330270617729,0.9546312151549348,0.815000693546952,0.8333340145037523,0.842771372535187,0.017384951924411342,0.934848433689603,0.7539657455356094,0.7663138034872162,0.842771372535187,0.017384951924411342,0.934848433689603,0,169728,0,0.9016544117647058
833,0.0016172317195656326,0.0007781311679766671,0.00013049908263415398,97.8,0.9427599287801218,0.9402504701376897,0.9408405980738259,0.8105409913375407,0.0010494497283683756,0.9563546943461255,0.8096739725361894,0.8097200265753953,0.8105409913375407,0.0010494497283683756,0.9563546943461255,0.8096223463153209,0.8281175434915081,0.8504448351987557,0.017768530245583603,0.9357523705286642,0.7596750913793111,0.7721743316300287,0.8504448351987557,0.017768530245583603,0.9357523705286642,0,169932,0,0.8974417892156863
834,0.001622446133599927,0.0007832026774718203,0.00013036858355151983,108.8,0.9425010434663158,0.9397681429297019,0.9403637342806158,0.8115001985739577,0.0010268931555507846,0.9566394395641208,0.810636984982076,0.8106866254102186,0.8115001985739577,0.0010268931555507846,0.9566394395641208,0.8148336502035267,0.833375084713394,0.8514815425088089,0.01779428559264104,0.9359560898921427,0.7607139569800744,0.7732657622027467,0.8514815425088089,0.01779428559264104,0.9359560898921427,0,170136,0,0.9009650735294118
835,0.0016156571720927662,0.0007807903916544366,0.0001302382149679683,94.3,0.9430188140939278,0.9403738027291619,0.9409718205286861,0.805919361635626,0.0009050378260553128,0.9553549801984855,0.8051020082008918,0.805138703798025,0.805919361635626,0.0009050378260553128,0.9553549801984855,0.8190888353343738,0.8373937964179758,0.8465492591236872,0.017303261395417845,0.9356384172892119,0.7575259750492243,0.769695812811727,0.8465492591236872,0.017303261395417845,0.9356384172892119,0,170340,0,0.9008884803921569
836,0.0016211636556202873,0.0007775255487785643,0.00013010797675300033,94.1,0.9430346642151812,0.940439439999463,0.9410327482980299,0.8086341700301827,0.000944821023147976,0.956006316927484,0.8077532672787158,0.8077956095307705,0.8086341700301827,0.000944821023147976,0.956006316927484,0.8120110602055707,0.8299647171187994,0.8488953209568577,0.017544860885680906,0.9359089620244576,0.7595253076268651,0.7717122459226875,0.8488953209568577,0.017544860885680906,0.9359089620244576,0,170544,0,0.9038756127450981
837,0.0016179803294339673,0.0007822277647896172,0.00012997786877624732,96.4,0.9424270762337998,0.9399756355799803,0.9405778032179726,0.8087139917128332,0.0009243399970530122,0.9560112873193767,0.8078291637621292,0.8078677942270327,0.8087139917128332,0.0009243399970530122,0.9560112873193767,0.81219974139908,0.8300998193162442,0.8495945561876926,0.01733294069714635,0.9360857852644151,0.7596980101166787,0.771836491205832,0.8495945561876926,0.01733294069714635,0.9360857852644151,0,170748,0,0.9047947303921569
838,0.001614761986774301,0.0007833378951502974,0.00012984789090747108,94.9,0.9419938395862062,0.939429238319891,0.9400032653589115,0.8047975619437363,0.0008951088597168777,0.9551299145775839,0.8040376005435987,0.8040762310085021,0.8047975619437363,0.0008951088597168777,0.9551299145775839,0.8184562724158455,0.8368479414393047,0.8468785830882485,0.016898313184289856,0.9361728658275987,0.7585197302145998,0.7706122943147554,0.8468785830882485,0.016898313184289856,0.9361728658275987,0,170952,0,0.8925398284313726
839,0.0016148783456004573,0.0007833081488419698,0.0001297180430165636,95.7,0.9424482097288044,0.9399676035592269,0.9406816432516082,0.8020455222480104,0.0009265332855107664,0.9543081439103726,0.8011979826240863,0.8012403248761409,0.8020455222480104,0.0009265332855107664,0.9543081439103726,0.8147324325700958,0.8327645024735144,0.8428020683543809,0.01714053484898264,0.9351329043777603,0.7548889791544752,0.7668466592307192,0.8428020683543809,0.01714053484898264,0.9351329043777603,0,171156,0,0.9021139705882353
840,0.0016202122884957741,0.0007803346335324617,0.00012958832497354705,91.6,0.9425485938300762,0.9400148252100979,0.9406071274674684,0.8141706080663625,0.0010063756958969842,0.9571602035402196,0.8131922400348571,0.8132418804629997,0.8141706080663625,0.0010063756958969842,0.9571602035402196,0.8059813680217378,0.8240055933708667,0.8538353025401948,0.017914635028802885,0.936201723941137,0.7625574629706295,0.7749207898083481,0.8538353025401948,0.017914635028802885,0.936201723941137,0,171360,0,0.9013480392156863
841,0.0016195967607428412,0.0007805338941435151,0.0001294587366485735,106.0,0.943135048316453,0.9405468521822316,0.9411468506404597,0.8050183324822511,0.0009838619449213575,0.9550149143129142,0.8041218147579825,0.8041641570100372,0.8050183324822511,0.0009838619449213575,0.9550149143129142,0.8145995657785159,0.8323031056305661,0.8455640408450753,0.017374057124939182,0.9353086951311642,0.7564774171905007,0.768485174216012,0.8455640408450753,0.017374057124939182,0.9353086951311642,0,171564,1,0.8994332107843137
842,0.0016138816575346259,0.0007770394714013575,0.00012932927791192494,95.0,0.942802195770131,0.9401679486536317,0.9407280549736485,0.8099354017516126,0.0009197116098601752,0.9563863694139456,0.8091061209100082,0.8091426911089266,0.8099354017516126,0.0009197116098601752,0.9563863694139456,0.8136174169853791,0.8316313236610376,0.8502333159404313,0.017552990256516517,0.9360367387731072,0.7601145654930488,0.7723729059857333,0.8502333159404313,0.017552990256516517,0.9360367387731072,0,171768,0,0.8951439950980392
843,0.0016183251407746152,0.0007772890311862824,0.000129199948634013,97.7,0.942469343223809,0.9397285076149325,0.9403965387011218,0.8089055820213634,0.0008620407199681944,0.9560903931838397,0.8080713027310007,0.8081079983281337,0.8089055820213634,0.0008620407199681944,0.9560903931838397,0.8117941590817231,0.8294862611771103,0.8501406952187595,0.01717596574036616,0.9365802127060024,0.7614740728056214,0.7734781052138764,0.8501406952187595,0.01717596574036616,0.9365802127060024,0,171972,0,0.8989736519607843
844,0.0016112754226424823,0.0007860738026633692,0.000129070748685379,95.5,0.9427335119113661,0.9401870941218674,0.9407698645706113,0.810165701077039,0.0009314593803469545,0.9563299691917905,0.8093212782909134,0.8093578484898319,0.810165701077039,0.0009314593803469545,0.9563299691917905,0.8149940307528899,0.8333983282304335,0.8505480925763415,0.01752890752672963,0.9359893466353633,0.7600710103104373,0.7722500817168021,0.8505480925763415,0.01752890752672963,0.9359893466353633,0,172176,0,0.8972120098039216
845,0.0016127748873687403,0.0007831740541171802,0.0001289416779366936,101.1,0.9422632916475144,0.9396414229748362,0.9401990200888274,0.8093667578976282,0.000991537323299855,0.9561506814435539,0.8085295000453598,0.8085697820314295,0.8093667578976282,0.000991537323299855,0.9561506814435539,0.8180592881967061,0.8363570314827535,0.8501530766072339,0.017501068441494613,0.9361121687985674,0.7603896644902954,0.7726494845541418,0.8501530766072339,0.017501068441494613,0.9361121687985674,0,172380,0,0.8988970588235294
846,0.0016135161727730768,0.0007798367774148863,0.0001288127362587569,103.0,0.9427229451638638,0.9401866373957304,0.9407389252622655,0.8076113964295056,0.0010026087308979993,0.9556535429276439,0.8067422251144158,0.8067844419682559,0.8076113964295056,0.0010026087308979993,0.9556535429276439,0.811755704774855,0.8293930746267129,0.8477971421893782,0.017565288041700357,0.9352930554737713,0.7568457013862526,0.7692911359408515,0.8477971421893782,0.017565288041700357,0.9352930554737713,0,172584,0,0.9047947303921569
847,0.001619164714379711,0.0007816823027610795,0.00012868392352249815,76.4,0.9425274603350715,0.9399117469690266,0.9404823934375304,0.8064192972759576,0.0009770348672511037,0.9554415368110364,0.8055343600854853,0.8055710556826183,0.8064192972759576,0.0009770348672511037,0.9554415368110364,0.8094183250040512,0.8271470455359855,0.8469170451556135,0.01740802866519246,0.9355871100253667,0.7575795951202307,0.7697578323261127,0.8469170451556135,0.01740802866519246,0.9355871100253667,0,172788,0,0.9057138480392157
848,0.0016206129780495721,0.0007811783009000872,0.00012855523959897565,93.0,0.942691244921357,0.9400526148236975,0.9406410281649202,0.8049242929283016,0.0008788394582405276,0.9551417862438979,0.8041170545695143,0.8041556850344177,0.8049242929283016,0.0008788394582405276,0.9551417862438979,0.8163871042647283,0.8346782465740922,0.8459785709563051,0.017123498236340014,0.9357412851608464,0.7573236764298912,0.769483356284106,0.8459785709563051,0.017123498236340014,0.9357412851608464,0,172992,0,0.9067861519607843
849,0.0016142327416067321,0.0007819484548961829,0.00012842668435937668,87.6,0.9427070950426104,0.940110911479817,0.9406932830883101,0.8050309523302831,0.0008363185612462583,0.9553541430085337,0.8043551682237204,0.8043881520337023,0.8050309523302831,0.0008363185612462583,0.9553541430085337,0.8170269168145871,0.8352791080210628,0.8460118099133046,0.017133742771181255,0.9358387923916432,0.7575542687487195,0.7697773251344703,0.8460118099133046,0.017133742771181255,0.9358387923916432,0,173196,0,0.8979013480392157
850,0.001620078190599623,0.0007790143133308927,0.0001282982576750173,90.6,0.9430029639726744,0.9403650484816286,0.9409675257321763,0.8098360540565785,0.0008856313458504764,0.9562727554024124,0.8090294741757131,0.809062457985695,0.8098360540565785,0.0008856313458504764,0.9562727554024124,0.8117470197867954,0.8297059682546172,0.8510624948880704,0.01721433110804691,0.9364426091234164,0.7611098261125073,0.7731084786768548,0.8510624948880704,0.01721433110804691,0.9364426091234164,0,173400,0,0.8992800245098039
851,0.0016127248361989782,0.0007780909167457819,0.00012816995941734228,65.1,0.9421364906774871,0.9394092023928458,0.9400024173472696,0.8084614936000688,0.0010230315990581741,0.9558162401686524,0.8075727147533229,0.8076150570053775,0.8084614936000688,0.0010230315990581741,0.9558162401686524,0.8155448230669408,0.8333131847709802,0.8492177907099262,0.01742787476613074,0.9358505534105027,0.7590481630478235,0.7713642453327328,0.8492177907099262,0.01742787476613074,0.9358505534105027,0,173604,0,0.8987438725490197
852,0.0016215171627289452,0.0007830480727802858,0.00012804178945792494,54.4,0.9428814463763981,0.9403202985394296,0.9409319497187081,0.8114876680490984,0.0010438606462630283,0.9565516729351402,0.8106082228623537,0.8106541515033451,0.8114876680490984,0.0010438606462630283,0.9565516729351402,0.8127639737265941,0.8308808623384292,0.851430606766656,0.017803970738630756,0.9357745862595183,0.7601834592674095,0.772464521770525,0.851430606766656,0.017803970738630756,0.9357745862595183,0,173808,0,0.9001225490196079
853,0.0016127490037915243,0.0007740205298785927,0.00012791374766846702,50.4,0.9426119943150898,0.9400368067296252,0.940600727801397,0.8061307682642737,0.0009965064706350401,0.9552426699373673,0.805236054952585,0.8052763369386546,0.8061307682642737,0.0009965064706350401,0.9552426699373673,0.8085821809705845,0.8266139613594343,0.8465714730988475,0.017440751360024945,0.9351118520910846,0.7558079679296985,0.7681023193997122,0.8465714730988475,0.017440751360024945,0.9351118520910846,0,174012,0,0.9035692401960784
854,0.0016144064304135814,0.0007882492771313374,0.00012778583392079854,41.2,0.942321408758777,0.9397881415792768,0.9403831107074928,0.8146432889816595,0.0010138395851182003,0.9572175820050216,0.8137339294512449,0.8137835698793877,0.8146432889816595,0.0010138395851182003,0.9572175820050216,0.8133866259549224,0.8312698460832102,0.8548939327285481,0.017750463934093224,0.9367366141143942,0.7646733892149395,0.7770556367950684,0.8548939327285481,0.017750463934093224,0.9367366141143942,0,174216,0,0.8966758578431373
855,0.0016151562500882016,0.0007820328231777347,0.00012765804808687774,47.9,0.9429606969826653,0.9404215089541307,0.9410020520387361,0.8135127025195817,0.0010385716599224958,0.9569759479653576,0.8124958122477195,0.8125454526758621,0.8135127025195817,0.0010385716599224958,0.9569759479653576,0.8142737514078592,0.8322693611114076,0.8537720302026591,0.017785864734355523,0.936368299552989,0.7630486392853102,0.7754713891084527,0.8537720302026591,0.017785864734355523,0.936368299552989,0,174420,0,0.9013480392156863
856,0.0016106290060241579,0.0007839202941415116,0.00012753039003879086,50.7,0.9426436945575967,0.9399991429688166,0.9405424361087004,0.8069796981601022,0.0009482713048096546,0.9555254386933101,0.8060615258525266,0.8060907978753571,0.8069796981601022,0.0009482713048096546,0.9555254386933101,0.8090940862129856,0.8266521274446795,0.8476768131088526,0.017338139997905185,0.9356376887243231,0.7577295831416407,0.7698592766903287,0.8476768131088526,0.017338139997905185,0.9356376887243231,0,174624,0,0.8995863970588235
857,0.0016132789451683708,0.000788754016119441,0.00012740285964875207,59.1,0.9427810622751264,0.9401451300804236,0.9407704610781242,0.8095627642606052,0.0009852771131180036,0.9561479054284154,0.8086576217274615,0.8087036757666674,0.8095627642606052,0.0009852771131180036,0.9561479054284154,0.8146325822478471,0.8331963347412699,0.8503779381619567,0.01747609228819402,0.9361485771046,0.7605142739005437,0.7728250876234732,0.8503779381619567,0.01747609228819402,0.9361485771046,0,174828,0,0.897671568627451
858,0.0016207911922167257,0.0007796949219930474,0.0001272754567891033,66.8,0.9422580082737633,0.939557844984487,0.9402114530075129,0.8028789765909005,0.0009400955553250344,0.9545914367939198,0.8020645692095468,0.8020975530195285,0.8028789765909005,0.0009400955553250344,0.9545914367939198,0.8133484939882509,0.8312709950485447,0.8437369347396442,0.017159378390180655,0.9352770619700052,0.7553594028607322,0.767311672299081,0.8437369347396442,0.017159378390180655,0.9352770619700052,0,175032,0,0.8979779411764706
859,0.0016142582422688458,0.0007760976777196221,0.0001271481813323142,86.0,0.9425697273250807,0.9399323079929642,0.940587767694172,0.8123324726354106,0.001001524844905481,0.9567114514462877,0.8113871295877872,0.811427411573857,0.8123324726354106,0.001001524844905481,0.9567114514462877,0.8116018313443907,0.8294358710772247,0.8523786277519927,0.017767148041236244,0.9361170386098343,0.761812229930145,0.7739909037254281,0.8523786277519927,0.017767148041236244,0.9361170386098343,0,175236,0,0.8997395833333334
860,0.0016138782027387516,0.0007761697838807849,0.00012702103315098188,90.9,0.9430082473464255,0.9404456593871225,0.9410200683852525,0.8075536464208459,0.0008400440706419154,0.9558552434766705,0.8066737773179614,0.8067104729150943,0.8075536464208459,0.0008400440706419154,0.9558552434766705,0.8076222665459775,0.8260443951732734,0.8478826270068488,0.017427597742236813,0.9357278790243716,0.7582960009739795,0.7705425851392576,0.8478826270068488,0.017427597742236813,0.9357278790243716,0,175440,0,0.8946078431372549
861,0.0016104286221568199,0.0007809621462106088,0.0001268940121178309,97.8,0.9426753948001035,0.9399482759568675,0.9405772646212186,0.8142546575946332,0.0010585265019723725,0.9571763370265467,0.8133100432962028,0.8133540370694239,0.8142546575946332,0.0010585265019723725,0.9571763370265467,0.8141977499160438,0.8325292508550117,0.8540291857155287,0.018011757695881248,0.9361136585255607,0.762503775672549,0.7750726250278013,0.8540291857155287,0.018011757695881248,0.9361136585255607,0,175644,0,0.9003523284313726
862,0.0016143248061530804,0.000778849317567772,0.00012676711810571305,96.0,0.9423425422537816,0.939712991821898,0.9402947725281338,0.812604871389147,0.0009271949665116463,0.9569738449960286,0.8117175651307165,0.8117634937717079,0.812604871389147,0.0009271949665116463,0.9569738449960286,0.8091457032601627,0.8274993737990293,0.8524141394610444,0.017809091814629315,0.9362848238560357,0.7622302601248526,0.7746157006180159,0.8524141394610444,0.017809091814629315,0.9362848238560357,0,175848,0,0.9019607843137255
863,0.0016169536678467458,0.0007778334358683343,0.00012664035098760733,95.0,0.942765212153873,0.9401913595979903,0.9407772232174267,0.8106367665912575,0.0009461293082991965,0.9564830920079155,0.8098036238157206,0.8098366076257023,0.8106367665912575,0.0009461293082991965,0.9564830920079155,0.8131600619926791,0.8309819458893011,0.8514083082306085,0.017476501241235932,0.936194523908978,0.7606895732641743,0.7728847620955518,0.8514083082306085,0.017476501241235932,0.936194523908978,0,176052,0,0.9001991421568627
864,0.0016179074283333168,0.0007792567624815545,0.00012651371063661973,94.0,0.9427018116688592,0.9401056138280508,0.940696777220041,0.8135878063407594,0.0009962148739960034,0.9570551406200944,0.8126485267331537,0.8126908689852084,0.8135878063407594,0.0009962148739960034,0.9570551406200944,0.8198526011822204,0.839269820954089,0.8534416596045157,0.017882842314042375,0.9362970747169905,0.7630130884417204,0.7755337424998502,0.8534416596045157,0.017882842314042375,0.9362970747169905,0,176256,0,0.901577818627451
865,0.001612990341884285,0.0007814945358458724,0.0001263871969259831,87.7,0.9427757789013753,0.9401733014002074,0.9407380372926667,0.8076688048366335,0.0009787588911089403,0.9556757728224761,0.8067258861499809,0.8067756519763382,0.8076688048366335,0.0009787588911089403,0.9556757728224761,0.8134144933707134,0.8327221430743018,0.8471698110019167,0.017719906399715987,0.9352445584176803,0.7571943346636795,0.7695902393024284,0.8471698110019167,0.017719906399715987,0.9352445584176803,0,176460,0,0.8997395833333334
866,0.0016156486743449361,0.0007831801239959945,0.00012626080972905713,49.9,0.9425591605775784,0.9398452531548576,0.9404475205889606,0.8057676639466712,0.0009534847784358471,0.955330713975531,0.8049299603568761,0.8049723026089308,0.8057676639466712,0.0009534847784358471,0.955330713975531,0.8179350593320118,0.8359186019901039,0.8461790234862769,0.017454220129622736,0.935348100277371,0.7566700413991468,0.7688997837989624,0.8461790234862769,0.017454220129622736,0.935348100277371,0,176664,0,0.9008118872549019
867,0.0016127752029455687,0.0007837491671405456,0.00012613454891932806,54.6,0.9424640598500579,0.9397742583991453,0.9403839449146764,0.8061656824113788,0.0009505189187671436,0.9554199729578263,0.8053363357975155,0.8053730313946486,0.8061656824113788,0.0009505189187671436,0.9554199729578263,0.8147286450720035,0.832464630992337,0.8468092856626382,0.017398093039974465,0.9354842891756698,0.7571022803187305,0.7692366137632983,0.8468092856626382,0.017398093039974465,0.9354842891756698,0,176868,0,0.8977481617647058
868,0.0016123329788017289,0.0007832324465657901,0.00012600841437040874,57.3,0.9425908608200853,0.9398903946919894,0.9404525904647651,0.8073828639026496,0.0009504772801005539,0.9556362950239301,0.8065264996245011,0.8065667816105709,0.8073828639026496,0.0009504772801005539,0.9556362950239301,0.8124532924431761,0.8304690658122897,0.8478399565585184,0.01741104038318739,0.9356336190525124,0.7579072292485248,0.7703115155999065,0.8478399565585184,0.01741104038318739,0.9356336190525124,0,177072,0,0.8980545343137255
869,0.0016116997102668107,0.0007783888704232444,0.00012588240595603833,59.3,0.9427810622751264,0.9400441349923931,0.9406563301012263,0.8069706942603766,0.0009414448633913098,0.9555983798995613,0.8061310224743312,0.8061677180714643,0.8069706942603766,0.0009414448633913098,0.9555983798995613,0.8127908522200858,0.8307715122752728,0.8475303209766665,0.017436475040034642,0.9356746605654575,0.7581103403725293,0.7703219475256519,0.8475303209766665,0.017436475040034642,0.9356746605654575,0,177276,0,0.8994332107843137
870,0.0016116358227936515,0.0007781958742263221,0.00012575652355008228,60.6,0.9427018116688592,0.9399911987923191,0.9405896325843508,0.8076797950036276,0.0008365141558364622,0.9559335733046924,0.8069107422693553,0.8069547360425764,0.8076797950036276,0.0008365141558364622,0.9559335733046924,0.8154128183259282,0.8336558868459226,0.8480452168069479,0.017410344382541736,0.9358194445581152,0.7585256300873446,0.7707995474141744,0.8480452168069479,0.017410344382541736,0.9358194445581152,0,177480,0,0.9014246323529411
871,0.0016180044605040595,0.0007752156759729172,0.0001256307670265322,56.5,0.9428127625176332,0.9402000150799898,0.940761639375292,0.8100290296623442,0.0009976807468789102,0.9562698830201167,0.8091376462600697,0.809176276724973,0.8100290296623442,0.0009976807468789102,0.9562698830201167,0.8114954754275042,0.82999606681738,0.8501112542436997,0.017669051270497213,0.9359488635812906,0.7603154101829803,0.772631968226583,0.8501112542436997,0.017669051270497213,0.9359488635812906,0,177684,0,0.9028033088235294
872,0.0016092428253899676,0.0007756739181933298,0.00012550513625950564,57.9,0.943098064700195,0.9405060098788661,0.941055617143989,0.8101430599315799,0.0009713715314041415,0.9563017004292643,0.8092542658889141,0.809294547874984,0.8101430599315799,0.0009713715314041415,0.9563017004292643,0.8121299561616193,0.8310004480540748,0.8500367803605695,0.017736764732775447,0.93585406673339,0.7601663377974368,0.7725260332816257,0.8500367803605695,0.017736764732775447,0.93585406673339,0,177888,0,0.8962162990196079
873,0.00161056435899809,0.0007776260605563149,0.00012537963112324615,69.4,0.9426489779313478,0.9400388401191602,0.9406307933119451,0.8025362672297749,0.0009783414398011436,0.9545494922993486,0.8017284088349363,0.8017743374759277,0.8025362672297749,0.0009783414398011436,0.9545494922993486,0.814141041491992,0.8322386234720476,0.8433706805464619,0.01722349374395259,0.9350387485944899,0.7543053256660015,0.7664568815871762,0.8433706805464619,0.01722349374395259,0.9350387485944899,0,178092,0,0.901577818627451
874,0.0016182356276640704,0.00078568783229822,0.0001252542514921229,96.5,0.9421523407987404,0.9395013901473918,0.940082582597175,0.8042548613839208,0.0008614209877481208,0.955152764484341,0.8034454863501775,0.8034821819473106,0.8042548613839208,0.0008614209877481208,0.955152764484341,0.8072009910224001,0.8246691304791673,0.8445872680755281,0.017343718380205094,0.9353451474350227,0.7559599686823177,0.7680237207478893,0.8445872680755281,0.017343718380205094,0.9353451474350227,0,178296,0,0.8982077205882353
875,0.001613391590117495,0.0007797716991799674,0.0001251289972406308,93.9,0.9431086314476972,0.9405918122874906,0.9411498629896359,0.8064481331462605,0.0009693025547253197,0.9553645577165751,0.8055553837884988,0.8055883675984807,0.8064481331462605,0.0009693025547253197,0.9553645577165751,0.8109296353218393,0.829536109164722,0.8470040524091964,0.017397254412033256,0.9355438422904083,0.7576541335379409,0.7697871243997285,0.8470040524091964,0.017397254412033256,0.9355438422904083,0,178500,0,0.9005821078431373
876,0.0016154593778956756,0.0007725215760814007,0.00012500386824339016,83.3,0.9432671326602315,0.940592679660674,0.9412178338178697,0.8099586230400516,0.00100477623087488,0.9561496937587726,0.8090787350976266,0.8091154306947597,0.8099586230400516,0.00100477623087488,0.9561496937587726,0.8143544608953702,0.8324241857084613,0.8510295726980847,0.017426090391205473,0.9361701341113089,0.7608434087426732,0.7730541048172385,0.8510295726980847,0.017426090391205473,0.9361701341113089,0,178704,1,0.8978247549019608
877,0.0016134825435823157,0.0007773583302490123,0.00012487886437514677,90.1,0.9424799099713113,0.9398379084842187,0.9404030583697964,0.8152979471938722,0.0009448557409278615,0.9574807350779865,0.8143035596373202,0.8143402552344532,0.8152979471938722,0.0009448557409278615,0.9574807350779865,0.8106802877215159,0.8285482362412959,0.8557482341739203,0.01768190719231334,0.9367579762904288,0.7643481833137323,0.7766946427791835,0.8557482341739203,0.01768190719231334,0.9367579762904288,0,178908,0,0.8977481617647058
878,0.0016148745832170414,0.0007795597242269044,0.0001247539855107716,85.9,0.942321408758777,0.9396884817185867,0.9402939791893083,0.8102331797447976,0.0010007804106128523,0.9562468978664336,0.8093266118287982,0.8093670192130825,0.8102331797447976,0.0010007804106128523,0.9562468978664336,0.8187023214483208,0.8369736324740987,0.8512028571662555,0.017431991442111223,0.936287263837473,0.7612451860250286,0.7736215021972532,0.8512028571662555,0.017431991442111223,0.936287263837473,0,179112,0,0.8994332107843137
879,0.0016119932007117599,0.0007766464249897776,0.00012462923152526084,93.5,0.9433939336302589,0.9406636450422464,0.9412498962702106,0.8112739072429982,0.0009644188109447002,0.9566306553538229,0.8104008223327351,0.8104375179298682,0.8112739072429982,0.0009644188109447002,0.9566306553538229,0.8117930777567113,0.8300396033637776,0.8510597738843672,0.017815096796531527,0.9358328727311308,0.7602521720558917,0.772444210043254,0.8510597738843672,0.017815096796531527,0.9358328727311308,0,179316,1,0.8956801470588235
880,0.0016104555483359624,0.0007781032100091233,0.00012450460229373558,81.6,0.9425274603350715,0.9399791391045054,0.9405757622324541,0.8061088375184342,0.000868117822920074,0.9553952676351385,0.8053051836413336,0.8053381674513155,0.8061088375184342,0.000868117822920074,0.9553952676351385,0.8147891775498293,0.8326352451597915,0.8478221920025008,0.016936368550356875,0.9361659749499638,0.758808864785076,0.7706980039787031,0.8478221920025008,0.016936368550356875,0.9361659749499638,0,179520,0,0.8988204656862745
881,0.0016169189920594148,0.0007754403638313357,0.00012438009769144185,77.5,0.9423002752637725,0.939646564017127,0.9402145479329033,0.8056431004037937,0.0009204128529498709,0.9553242516132947,0.8048166145509454,0.8048531847498639,0.8056431004037937,0.0009204128529498709,0.9553242516132947,0.8169409047832551,0.8347757096393879,0.8463296465976407,0.017293710843876212,0.9355459696735493,0.7569830936556539,0.7691071927866407,0.8463296465976407,0.017293710843876212,0.9355459696735493,0,179724,0,0.9049479166666666
882,0.001614249096247459,0.0007763309782418381,0.0001242557175937504,73.4,0.9427810622751264,0.9401746446704675,0.9407119310467945,0.8075957248764667,0.0009392160705547975,0.9556904857009744,0.806770244189702,0.8068032279996836,0.8075957248764667,0.0009392160705547975,0.9556904857009744,0.8128368699484811,0.8317105835305443,0.848995757326611,0.01715836781825219,0.9361397987231107,0.7595845191170377,0.7716557213175125,0.848995757326611,0.01715836781825219,0.9361397987231107,0,179928,0,0.9024203431372549
883,0.0016120368992571957,0.0007757690853553956,0.00012413146187615666,89.6,0.9430135307201767,0.9403188473213613,0.9409118008473544,0.813214406327936,0.0009518392266049929,0.9571259115985914,0.8123470953633898,0.8123857258282932,0.813214406327936,0.0009518392266049929,0.9571259115985914,0.8110004680903484,0.829283884454703,0.8533616475715419,0.017787458886823933,0.936375958069727,0.7626832533978628,0.7750688040172158,0.8533616475715419,0.017787458886823933,0.936375958069727,0,180132,0,0.8949142156862745
884,0.0016089105383976928,0.0007783944630857474,0.0001240073304142805,87.4,0.9426489779313478,0.9400493219815749,0.9406300348000306,0.8114790270476264,0.0008786031592200799,0.9568473187613695,0.810707241925373,0.8107475239114428,0.8114790270476264,0.0008786031592200799,0.9568473187613695,0.8147346664748318,0.8331198289799258,0.8510777082182232,0.01781965489207125,0.9358905811308084,0.7602040660951479,0.772663370884545,0.8510777082182232,0.01781965489207125,0.9358905811308084,0,180336,0,0.8980545343137255
885,0.0016069723802216935,0.0007792495675326914,0.00012388332308386623,97.1,0.9427229451638638,0.9400019418237227,0.940640005474753,0.8101761344958547,0.0009516688898058625,0.9564055186596644,0.8093235073835746,0.8093527794064052,0.8101761344958547,0.0009516688898058625,0.9564055186596644,0.8158147676679908,0.8336264449277161,0.8504139792344522,0.017623999977870265,0.9360048827908929,0.760255457237765,0.7723116582187852,0.8504139792344522,0.017623999977870265,0.9360048827908929,0,180540,0,0.8960631127450981
886,0.0016124366945815365,0.0007754662053602958,0.00012375943976078235,99.0,0.9432142989227201,0.9406283132799286,0.9411999691970595,0.8088916593767231,0.000907400128870297,0.9561233097167867,0.8080872515695483,0.8081165235923787,0.8088916593767231,0.000907400128870297,0.9561233097167867,0.8093711638892012,0.8270339183919533,0.8498962565582535,0.01732572167788194,0.9361523360296403,0.759842702091757,0.77179847403515,0.8498962565582535,0.01732572167788194,0.9361523360296403,0,180744,0,0.9008118872549019
887,0.0016143221788190525,0.0007758344479551294,0.00012363568032102155,98.9,0.9428867297501493,0.9403326439471582,0.9409101751922884,0.810979077564618,0.0009850409780401718,0.9564166390963833,0.8101586548362745,0.810187926859105,0.810979077564618,0.0009850409780401718,0.9564166390963833,0.8173743563190491,0.8355391982245721,0.8516978999648361,0.017513671937249765,0.9361803994326906,0.7611287519222757,0.7733118229161593,0.8516978999648361,0.017513671937249765,0.9361803994326906,0,180948,0,0.9032628676470589
888,0.001612075158810316,0.0007723299501589332,0.00012351204464070053,99.5,0.9433992170040101,0.9408190486360263,0.9413631553877022,0.8062946253050605,0.0009280188949658407,0.9553566030985297,0.8054099167137679,0.8054429005237498,0.8062946253050605,0.0009280188949658407,0.9553566030985297,0.8069917465036187,0.8246358236339277,0.8468066075138418,0.017360966221725452,0.9354084045288762,0.7568673103786733,0.7688912027977597,0.8468066075138418,0.017360966221725452,0.9354084045288762,0,181152,1,0.8980545343137255
889,0.0016103764201569207,0.0007803589061888542,0.00012338853259605983,102.9,0.9428708796288958,0.9402184216640379,0.940763742047262,0.8080917301220039,0.0009413015044765228,0.9559035609480243,0.8072343647437434,0.8072767069957981,0.8080917301220039,0.0009413015044765228,0.9559035609480243,0.8175113142759259,0.8360122854530014,0.8492227121080979,0.017308269589452033,0.936238080539679,0.7602131680859435,0.7725065477435472,0.8492227121080979,0.017308269589452033,0.936238080539679,0,181356,0,0.8950674019607843
890,0.0016140914088407276,0.0007749728923135797,0.00012326514406346377,101.5,0.942876163002647,0.9402486816005542,0.9408401108091969,0.8079812742256864,0.0009151121067838364,0.955940105063564,0.8071274917079284,0.8071697085617686,0.8079812742256864,0.0009151121067838364,0.955940105063564,0.8123030798445212,0.8303220466247162,0.8484355576014662,0.017481529199058217,0.9357788153419243,0.7586655534422979,0.7708024551197609,0.8484355576014662,0.017481529199058217,0.9357788153419243,0,181560,0,0.9032628676470589
891,0.0016097791496362975,0.0007853639903928167,0.00012314187891940032,100.5,0.942062523444971,0.9395487313161377,0.9401529353680261,0.8056174700026745,0.0009437053712433635,0.9552323387406784,0.8047759653848128,0.8048088237965799,0.8056174700026745,0.0009437053712433635,0.9552323387406784,0.8142894177680773,0.832122590596207,0.8470618738060122,0.01708727698796401,0.9360188467155035,0.7586345911889187,0.7707587714046734,0.8470618738060122,0.01708727698796401,0.9360188467155035,0,181764,0,0.9004289215686274
892,0.0016097889587684882,0.0007724255886053194,0.00012301873704048091,92.0,0.9434097837515124,0.9407701367154965,0.9412877290050385,0.8118026961337539,0.0009121150507724943,0.9566632212796118,0.8109189760785054,0.8109556716756384,0.8118026961337539,0.0009121150507724943,0.9566632212796118,0.8089870123678365,0.8272631534533585,0.8521529258625968,0.017557485732847412,0.9362182733437932,0.7614533608660321,0.7736549957453197,0.8521529258625968,0.017557485732847412,0.9362182733437932,0,181968,1,0.8979013480392157
893,0.001611049448518886,0.0007785207242457762,0.00012289571830344045,99.5,0.9426331278100945,0.939994675064267,0.9405484287195882,0.8106286628901755,0.001021586883310287,0.956298270958759,0.8096792814498152,0.8097214983036551,0.8106286628901755,0.001021586883310287,0.956298270958759,0.8154601458665108,0.8348421880489245,0.8510460720002673,0.017608443304224286,0.935887196143849,0.7600568893331713,0.7722161385171504,0.8510460720002673,0.017608443304224286,0.935887196143849,0,182172,0,0.9019607843137255
894,0.0016152467601476055,0.0007751458294059628,0.000122772822585137,90.4,0.9427070950426104,0.9400391998857902,0.940639570494082,0.8095367485790057,0.0009214155024173139,0.9562128848703341,0.8087128344116027,0.8087531163976724,0.8095367485790057,0.0009214155024173139,0.9562128848703341,0.8189288702842006,0.8370407330404465,0.8496533308766441,0.017603360592906583,0.9359068644675388,0.7599375542171994,0.7722661200424301,0.8496533308766441,0.017603360592906583,0.9359068644675388,0,182376,0,0.8998161764705882
895,0.0016107119496583061,0.0007804162046794716,0.00012265004976255185,98.7,0.9425855774463341,0.9398553902990712,0.9404308324762207,0.8074293365564912,0.0008981311019894334,0.9557539642639729,0.8066161712511624,0.806649155061144,0.8074293365564912,0.0008981311019894334,0.9557539642639729,0.8131378831880898,0.8308283805305758,0.8484896303056922,0.017240852495115075,0.9360669867221345,0.7591756146133601,0.7713171167478584,0.8484896303056922,0.017240852495115075,0.9360669867221345,0,182580,0,0.8958333333333334
896,0.0016142267935827155,0.0007793958133384151,0.0001225273997127893,87.8,0.9428497461338913,0.9402059518726343,0.9408172375546384,0.812596329759086,0.0009871670245561659,0.9567878257646747,0.8116781811908114,0.8117168116557147,0.812596329759086,0.0009871670245561659,0.9567878257646747,0.8124547429570542,0.830537679180634,0.8527905784620705,0.017732731583646355,0.9362224463422892,0.7621584420134991,0.7742841373484467,0.8527905784620705,0.017732731583646355,0.9362224463422892,0,182784,0,0.9016544117647058
897,0.0016118605414578947,0.0007814038311321122,0.0001224048723130765,95.6,0.9428655962551447,0.9402786059274729,0.9408646630068054,0.8134424678634001,0.0009784679181895053,0.9570594007516554,0.8126189737708926,0.8126556693680257,0.8134424678634001,0.0009784679181895053,0.9570594007516554,0.8149711316041415,0.8332715496493127,0.8540540562482236,0.017646525539302352,0.9365834862969719,0.7633472235793994,0.7756547707544155,0.8540540562482236,0.017646525539302352,0.9365834862969719,0,182988,0,0.9028033088235294
898,0.0016164107786893261,0.0007744127910119786,0.00012228246744076343,96.3,0.942987113851421,0.9404461052952421,0.9410163442646285,0.8097847187487293,0.0009871835556660225,0.9561815591119164,0.8089405197057219,0.8089864483467132,0.8097847187487293,0.0009871835556660225,0.9561815591119164,0.8124253026920676,0.8307264826759413,0.8492787122017829,0.017832991146327425,0.9353934548847077,0.7583416926745683,0.7705307214419082,0.8492787122017829,0.017832991146327425,0.9353934548847077,0,183192,0,0.90234375
899,0.0016082387323966068,0.0007725516539633041,0.00012216018497332267,99.6,0.9433833668827567,0.9406307203648779,0.9411665857241927,0.8086773765931835,0.0009342495435775267,0.956021815094104,0.8078615720462664,0.8078982676433996,0.8086773765931835,0.0009342495435775267,0.956021815094104,0.8140062812353352,0.8326035816278683,0.8489331339734211,0.01757615831351987,0.9357420103892803,0.7590131040142396,0.7712177728137282,0.8489331339734211,0.01757615831351987,0.9357420103892803,0,183396,0,0.8987438725490197
900,0.001615171805800249,0.0007768409458628456,0.00012203802478834934,100.4,0.9426384111838455,0.9399507848093602,0.940492740430339,0.8056927924053373,0.0009081451980028887,0.9551769668977291,0.8048593272870226,0.8048960228841557,0.8056927924053373,0.0009081451980028887,0.9551769668977291,0.819990984977654,0.837901131750916,0.8464215756791571,0.017237066568710685,0.935546700546091,0.7573786232404155,0.7692419280666528,0.8464215756791571,0.017237066568710685,0.935546700546091,0,183600,0,0.9008118872549019
